0 verbose cli C:\Program Files\nodejs\node.exe C:\Program Files\nodejs\node_modules\npm\bin\npm-cli.js
1 info using npm@11.8.0
2 info using node@v24.13.1
3 silly config load:file:C:\Program Files\nodejs\node_modules\npm\npmrc
4 silly config load:file:D:\Weekly_health_tracker\.npmrc
5 silly config load:file:C:\Users\meron\.npmrc
6 silly config load:file:C:\Users\meron\AppData\Roaming\npm\etc\npmrc
7 verbose title npm install date-fns
8 verbose argv "install" "date-fns"
9 verbose logfile logs-max:10 dir:D:\Weekly_health_tracker\.npm-cache\_logs\2026-08-04T08_43_19_308Z-
10 verbose logfile D:\Weekly_health_tracker\.npm-cache\_logs\2026-08-04T08_43_19_308Z-debug-0.log
11 silly logfile start cleaning logs, removing 1 files
12 silly packumentCache heap:2017460224 maxSize:504365056 maxEntrySize:252182528
13 silly logfile done cleaning log files
14 silly idealTree buildDeps
15 silly fetch manifest date-fns@*
16 silly packumentCache full:https://registry.npmjs.org/date-fns cache-miss
17 http fetch GET 200 https://registry.npmjs.org/date-fns 4366ms (cache revalidated)
18 silly packumentCache full:https://registry.npmjs.org/date-fns set size:4144741 disposed:false
19 silly placeDep ROOT date-fns@4.4.0 OK for: app@1.0.0 want: *
20 silly fetch manifest @types/react-native@~0.64
21 silly packumentCache full:https://registry.npmjs.org/@types%2freact-native cache-miss
22 http fetch GET 200 https://registry.npmjs.org/@types%2freact-native 1214ms (cache revalidated)
23 silly packumentCache full:https://registry.npmjs.org/@types%2freact-native set size:2823537 disposed:false
24 silly fetch manifest eslint@^8.56.0
25 silly packumentCache full:https://registry.npmjs.org/eslint cache-miss
26 http cache https://registry.npmjs.org/eslint 1119ms (cache hit)
27 silly packumentCache full:https://registry.npmjs.org/eslint set size:2040662 disposed:false
28 silly fetch manifest eslint-config-universe@^12.0.0
29 silly packumentCache full:https://registry.npmjs.org/eslint-config-universe cache-miss
30 http fetch GET 200 https://registry.npmjs.org/eslint-config-universe 723ms (cache revalidated)
31 silly packumentCache full:https://registry.npmjs.org/eslint-config-universe set size:677936 disposed:false
32 silly fetch manifest eslint@>=8.10
33 silly packumentCache full:https://registry.npmjs.org/eslint cache-miss
34 http cache https://registry.npmjs.org/eslint 42ms (cache hit)
35 silly packumentCache full:https://registry.npmjs.org/eslint set size:2040662 disposed:false
36 silly fetch manifest jiti@*
37 silly packumentCache full:https://registry.npmjs.org/jiti cache-miss
38 http fetch GET 200 https://registry.npmjs.org/jiti 2335ms (cache revalidated)
39 silly packumentCache full:https://registry.npmjs.org/jiti set size:387989 disposed:false
40 silly fetch manifest prettier@>=3
41 silly packumentCache full:https://registry.npmjs.org/prettier cache-miss
42 http fetch GET 200 https://registry.npmjs.org/prettier 275ms (cache revalidated)
43 silly packumentCache full:https://registry.npmjs.org/prettier set size:716664 disposed:false
44 silly fetch manifest expo-font@14.0.4
45 silly packumentCache full:https://registry.npmjs.org/expo-font cache-miss
46 http fetch GET 200 https://registry.npmjs.org/expo-font 1112ms (cache revalidated)
47 silly packumentCache full:https://registry.npmjs.org/expo-font set size:979769 disposed:false
48 silly fetch manifest expo@*
49 silly packumentCache full:https://registry.npmjs.org/expo cache-miss
50 http fetch GET 200 https://registry.npmjs.org/expo 512ms (cache revalidated)
51 silly packumentCache full:https://registry.npmjs.org/expo set size:3982344 disposed:false
52 silly fetch manifest @expo/metro-runtime@*
53 silly packumentCache full:https://registry.npmjs.org/@expo%2fmetro-runtime cache-miss
54 http fetch GET 200 https://registry.npmjs.org/@expo%2fmetro-runtime 1227ms (cache revalidated)
55 silly packumentCache full:https://registry.npmjs.org/@expo%2fmetro-runtime set size:782358 disposed:false
56 silly fetch manifest react@*
57 silly packumentCache full:https://registry.npmjs.org/react cache-miss
58 http fetch GET 200 https://registry.npmjs.org/react 1777ms (cache revalidated)
59 silly packumentCache full:https://registry.npmjs.org/react set size:6863945 disposed:false
60 silly fetch manifest react-dom@*
61 silly packumentCache full:https://registry.npmjs.org/react-dom cache-miss
62 http fetch GET 200 https://registry.npmjs.org/react-dom 1183ms (cache revalidated)
63 silly packumentCache full:https://registry.npmjs.org/react-dom set size:9214049 disposed:false
64 silly fetch manifest react-native@*
65 silly packumentCache full:https://registry.npmjs.org/react-native cache-miss
66 http fetch GET 200 https://registry.npmjs.org/react-native 1173ms (cache revalidated)
67 silly packumentCache full:https://registry.npmjs.org/react-native set size:15598608 disposed:false
68 silly fetch manifest @react-native/jest-preset@0.86.2
69 silly packumentCache full:https://registry.npmjs.org/@react-native%2fjest-preset cache-miss
70 http fetch GET 200 https://registry.npmjs.org/@react-native%2fjest-preset 1968ms (cache revalidated)
71 silly packumentCache full:https://registry.npmjs.org/@react-native%2fjest-preset set size:319648 disposed:false
72 silly fetch manifest @types/react@^19.1.1
73 silly packumentCache full:https://registry.npmjs.org/@types%2freact cache-miss
74 http fetch GET 200 https://registry.npmjs.org/@types%2freact 632ms (cache revalidated)
75 silly packumentCache full:https://registry.npmjs.org/@types%2freact set size:2637439 disposed:false
76 silly fetch manifest react-native-web@*
77 silly packumentCache full:https://registry.npmjs.org/react-native-web cache-miss
78 http fetch GET 200 https://registry.npmjs.org/react-native-web 865ms (cache revalidated)
79 silly packumentCache full:https://registry.npmjs.org/react-native-web set size:1090416 disposed:false
80 silly fetch manifest react-native-webview@*
81 silly packumentCache full:https://registry.npmjs.org/react-native-webview cache-miss
82 http fetch GET 200 https://registry.npmjs.org/react-native-webview 353ms (cache revalidated)
83 silly packumentCache full:https://registry.npmjs.org/react-native-webview set size:1379763 disposed:false
84 silly fetch manifest expo-module-scripts@^3.4.0
85 silly packumentCache full:https://registry.npmjs.org/expo-module-scripts cache-miss
86 http fetch GET 200 https://registry.npmjs.org/expo-module-scripts 2392ms (cache revalidated)
87 silly packumentCache full:https://registry.npmjs.org/expo-module-scripts set size:678314 disposed:false
88 silly placeDep ROOT @types/react-native@0.64.38 OK for: @expo/vector-icons@15.1.1 want: ~0.64
89 silly placeDep ROOT eslint@8.57.1 OK for: @expo/vector-icons@15.1.1 want: ^8.56.0
90 silly placeDep node_modules/.pnpm/@expo+vector-icons@15.1.1_e_8c805b6a2946cae588ec150287fa9aa1/node_modules/@expo/vector-icons eslint-config-universe@12.1.0 CONFLICT for: @expo/vector-icons@15.1.1 want: ^12.0.0
91 silly placeDep node_modules/.pnpm/@expo+vector-icons@15.1.1_e_8c805b6a2946cae588ec150287fa9aa1/node_modules/@expo/vector-icons expo-font@14.0.4 OK for: @expo/vector-icons@15.1.1 want: 14.0.4
92 silly placeDep ROOT expo-module-scripts@3.5.4 OK for: @expo/vector-icons@15.1.1 want: ^3.4.0
93 silly fetch manifest @types/react@^17
94 silly packumentCache full:https://registry.npmjs.org/@types%2freact cache-miss
95 http cache https://registry.npmjs.org/@types%2freact 1949ms (cache hit)
96 silly packumentCache full:https://registry.npmjs.org/@types%2freact set size:2637439 disposed:false
97 silly fetch manifest ajv@^6.12.4
98 silly packumentCache full:https://registry.npmjs.org/ajv cache-miss
99 http fetch GET 200 https://registry.npmjs.org/ajv 1184ms (cache revalidated)
100 silly packumentCache full:https://registry.npmjs.org/ajv set size:1142658 disposed:false
101 silly fetch manifest levn@^0.4.1
102 silly packumentCache full:https://registry.npmjs.org/levn cache-miss
103 http fetch GET 200 https://registry.npmjs.org/levn 677ms (cache revalidated)
104 silly packumentCache full:https://registry.npmjs.org/levn set size:28223 disposed:false
105 silly fetch manifest chalk@^4.0.0
106 silly packumentCache full:https://registry.npmjs.org/chalk cache-miss
107 http fetch GET 200 https://registry.npmjs.org/chalk 519ms (cache revalidated)
108 silly packumentCache full:https://registry.npmjs.org/chalk set size:134775 disposed:false
109 silly fetch manifest debug@^4.3.2
110 silly packumentCache full:https://registry.npmjs.org/debug cache-miss
111 http fetch GET 200 https://registry.npmjs.org/debug 761ms (cache revalidated)
112 silly packumentCache full:https://registry.npmjs.org/debug set size:195840 disposed:false
113 silly fetch manifest espree@^9.6.1
114 silly packumentCache full:https://registry.npmjs.org/espree cache-miss
115 http fetch GET 200 https://registry.npmjs.org/espree 282ms (cache revalidated)
116 silly packumentCache full:https://registry.npmjs.org/espree set size:326080 disposed:false
117 silly fetch manifest ignore@^5.2.0
118 silly packumentCache full:https://registry.npmjs.org/ignore cache-miss
119 http fetch GET 200 https://registry.npmjs.org/ignore 256ms (cache revalidated)
120 silly packumentCache full:https://registry.npmjs.org/ignore set size:240910 disposed:false
121 silly fetch manifest esquery@^1.4.2
122 silly packumentCache full:https://registry.npmjs.org/esquery cache-miss
123 http fetch GET 200 https://registry.npmjs.org/esquery 242ms (cache revalidated)
124 silly packumentCache full:https://registry.npmjs.org/esquery set size:48888 disposed:false
125 silly fetch manifest esutils@^2.0.2
126 silly packumentCache full:https://registry.npmjs.org/esutils cache-miss
127 http fetch GET 200 https://registry.npmjs.org/esutils 344ms (cache revalidated)
128 silly packumentCache full:https://registry.npmjs.org/esutils set size:29522 disposed:false
129 silly fetch manifest find-up@^5.0.0
130 silly packumentCache full:https://registry.npmjs.org/find-up cache-miss
131 http fetch GET 200 https://registry.npmjs.org/find-up 546ms (cache revalidated)
132 silly packumentCache full:https://registry.npmjs.org/find-up set size:42620 disposed:false
133 silly fetch manifest globals@^13.19.0
134 silly packumentCache full:https://registry.npmjs.org/globals cache-miss
135 http fetch GET 200 https://registry.npmjs.org/globals 554ms (cache revalidated)
136 silly packumentCache full:https://registry.npmjs.org/globals set size:327383 disposed:false
137 silly fetch manifest is-glob@^4.0.0
138 silly packumentCache full:https://registry.npmjs.org/is-glob cache-miss
139 http fetch GET 200 https://registry.npmjs.org/is-glob 259ms (cache revalidated)
140 silly packumentCache full:https://registry.npmjs.org/is-glob set size:40530 disposed:false
141 silly fetch manifest js-yaml@^4.1.0
142 silly packumentCache full:https://registry.npmjs.org/js-yaml cache-miss
143 http fetch GET 200 https://registry.npmjs.org/js-yaml 242ms (cache revalidated)
144 silly packumentCache full:https://registry.npmjs.org/js-yaml set size:184624 disposed:false
145 silly fetch manifest doctrine@^3.0.0
146 silly packumentCache full:https://registry.npmjs.org/doctrine cache-miss
147 http fetch GET 200 https://registry.npmjs.org/doctrine 209ms (cache revalidated)
148 silly packumentCache full:https://registry.npmjs.org/doctrine set size:64052 disposed:false
149 silly fetch manifest graphemer@^1.4.0
150 silly packumentCache full:https://registry.npmjs.org/graphemer cache-miss
151 http fetch GET 200 https://registry.npmjs.org/graphemer 365ms (cache revalidated)
152 silly packumentCache full:https://registry.npmjs.org/graphemer set size:25853 disposed:false
153 silly fetch manifest minimatch@^3.1.2
154 silly packumentCache full:https://registry.npmjs.org/minimatch cache-miss
155 http fetch GET 200 https://registry.npmjs.org/minimatch 333ms (cache revalidated)
156 silly packumentCache full:https://registry.npmjs.org/minimatch set size:377924 disposed:false
157 silly fetch manifest @eslint/js@8.57.1
158 silly packumentCache full:https://registry.npmjs.org/@eslint%2fjs cache-miss
159 http fetch GET 200 https://registry.npmjs.org/@eslint%2fjs 186ms (cache revalidated)
160 silly packumentCache full:https://registry.npmjs.org/@eslint%2fjs set size:141633 disposed:false
161 silly fetch manifest optionator@^0.9.3
162 silly packumentCache full:https://registry.npmjs.org/optionator cache-miss
163 http fetch GET 200 https://registry.npmjs.org/optionator 701ms (cache revalidated)
164 silly packumentCache full:https://registry.npmjs.org/optionator set size:49651 disposed:false
165 silly fetch manifest strip-ansi@^6.0.1
166 silly packumentCache full:https://registry.npmjs.org/strip-ansi cache-miss
167 http fetch GET 200 https://registry.npmjs.org/strip-ansi 165ms (cache revalidated)
168 silly packumentCache full:https://registry.npmjs.org/strip-ansi set size:44998 disposed:false
169 silly fetch manifest text-table@^0.2.0
170 silly packumentCache full:https://registry.npmjs.org/text-table cache-miss
171 http fetch GET 200 https://registry.npmjs.org/text-table 342ms (cache revalidated)
172 silly packumentCache full:https://registry.npmjs.org/text-table set size:20701 disposed:false
173 silly fetch manifest cross-spawn@^7.0.2
174 silly packumentCache full:https://registry.npmjs.org/cross-spawn cache-miss
175 http fetch GET 200 https://registry.npmjs.org/cross-spawn 203ms (cache revalidated)
176 silly packumentCache full:https://registry.npmjs.org/cross-spawn set size:109066 disposed:false
177 silly fetch manifest glob-parent@^6.0.2
178 silly packumentCache full:https://registry.npmjs.org/glob-parent cache-miss
179 http fetch GET 200 https://registry.npmjs.org/glob-parent 197ms (cache revalidated)
180 silly packumentCache full:https://registry.npmjs.org/glob-parent set size:42445 disposed:false
181 silly fetch manifest imurmurhash@^0.1.4
182 silly packumentCache full:https://registry.npmjs.org/imurmurhash cache-miss
183 http fetch GET 200 https://registry.npmjs.org/imurmurhash 637ms (cache revalidated)
184 silly packumentCache full:https://registry.npmjs.org/imurmurhash set size:35819 disposed:false
185 silly fetch manifest eslint-scope@^7.2.2
186 silly packumentCache full:https://registry.npmjs.org/eslint-scope cache-miss
187 http fetch GET 200 https://registry.npmjs.org/eslint-scope 360ms (cache revalidated)
188 silly packumentCache full:https://registry.npmjs.org/eslint-scope set size:98867 disposed:false
189 silly fetch manifest lodash.merge@^4.6.2
190 silly packumentCache full:https://registry.npmjs.org/lodash.merge cache-miss
191 http fetch GET 200 https://registry.npmjs.org/lodash.merge 202ms (cache revalidated)
192 silly packumentCache full:https://registry.npmjs.org/lodash.merge set size:78575 disposed:false
193 silly fetch manifest is-path-inside@^3.0.3
194 silly packumentCache full:https://registry.npmjs.org/is-path-inside cache-miss
195 http fetch GET 200 https://registry.npmjs.org/is-path-inside 209ms (cache revalidated)
196 silly packumentCache full:https://registry.npmjs.org/is-path-inside set size:23585 disposed:false
197 silly fetch manifest fast-deep-equal@^3.1.3
198 silly packumentCache full:https://registry.npmjs.org/fast-deep-equal cache-miss
199 http fetch GET 200 https://registry.npmjs.org/fast-deep-equal 444ms (cache revalidated)
200 silly packumentCache full:https://registry.npmjs.org/fast-deep-equal set size:48634 disposed:false
201 silly fetch manifest natural-compare@^1.4.0
202 silly packumentCache full:https://registry.npmjs.org/natural-compare cache-miss
203 http fetch GET 200 https://registry.npmjs.org/natural-compare 711ms (cache revalidated)
204 silly packumentCache full:https://registry.npmjs.org/natural-compare set size:7852 disposed:false
205 silly fetch manifest @eslint/eslintrc@^2.1.4
206 silly packumentCache full:https://registry.npmjs.org/@eslint%2feslintrc cache-miss
207 http fetch GET 200 https://registry.npmjs.org/@eslint%2feslintrc 453ms (cache revalidated)
208 silly packumentCache full:https://registry.npmjs.org/@eslint%2feslintrc set size:171352 disposed:false
209 silly fetch manifest @nodelib/fs.walk@^1.2.8
210 silly packumentCache full:https://registry.npmjs.org/@nodelib%2ffs.walk cache-miss
211 http fetch GET 200 https://registry.npmjs.org/@nodelib%2ffs.walk 301ms (cache revalidated)
212 silly packumentCache full:https://registry.npmjs.org/@nodelib%2ffs.walk set size:41589 disposed:false
213 silly fetch manifest file-entry-cache@^6.0.1
214 silly packumentCache full:https://registry.npmjs.org/file-entry-cache cache-miss
215 http fetch GET 200 https://registry.npmjs.org/file-entry-cache 515ms (cache revalidated)
216 silly packumentCache full:https://registry.npmjs.org/file-entry-cache set size:127645 disposed:false
217 silly fetch manifest eslint-visitor-keys@^3.4.3
218 silly packumentCache full:https://registry.npmjs.org/eslint-visitor-keys cache-miss
219 http fetch GET 200 https://registry.npmjs.org/eslint-visitor-keys 283ms (cache revalidated)
220 silly packumentCache full:https://registry.npmjs.org/eslint-visitor-keys set size:69949 disposed:false
221 silly fetch manifest escape-string-regexp@^4.0.0
222 silly packumentCache full:https://registry.npmjs.org/escape-string-regexp cache-miss
223 http fetch GET 200 https://registry.npmjs.org/escape-string-regexp 306ms (cache revalidated)
224 silly packumentCache full:https://registry.npmjs.org/escape-string-regexp set size:22244 disposed:false
225 silly fetch manifest @ungap/structured-clone@^1.2.0
226 silly packumentCache full:https://registry.npmjs.org/@ungap%2fstructured-clone cache-miss
227 http fetch GET 200 https://registry.npmjs.org/@ungap%2fstructured-clone 205ms (cache revalidated)
228 silly packumentCache full:https://registry.npmjs.org/@ungap%2fstructured-clone set size:63691 disposed:false
229 silly fetch manifest @eslint-community/regexpp@^4.6.1
230 silly packumentCache full:https://registry.npmjs.org/@eslint-community%2fregexpp cache-miss
231 http fetch GET 200 https://registry.npmjs.org/@eslint-community%2fregexpp 378ms (cache revalidated)
232 silly packumentCache full:https://registry.npmjs.org/@eslint-community%2fregexpp set size:106609 disposed:false
233 silly fetch manifest @humanwhocodes/config-array@^0.13.0
234 silly packumentCache full:https://registry.npmjs.org/@humanwhocodes%2fconfig-array cache-miss
235 http fetch GET 200 https://registry.npmjs.org/@humanwhocodes%2fconfig-array 278ms (cache revalidated)
236 silly packumentCache full:https://registry.npmjs.org/@humanwhocodes%2fconfig-array set size:139493 disposed:false
237 silly fetch manifest @eslint-community/eslint-utils@^4.2.0
238 silly packumentCache full:https://registry.npmjs.org/@eslint-community%2feslint-utils cache-miss
239 http fetch GET 200 https://registry.npmjs.org/@eslint-community%2feslint-utils 189ms (cache revalidated)
240 silly packumentCache full:https://registry.npmjs.org/@eslint-community%2feslint-utils set size:108339 disposed:false
241 silly fetch manifest @humanwhocodes/module-importer@^1.0.1
242 silly packumentCache full:https://registry.npmjs.org/@humanwhocodes%2fmodule-importer cache-miss
243 http fetch GET 200 https://registry.npmjs.org/@humanwhocodes%2fmodule-importer 220ms (cache revalidated)
244 silly packumentCache full:https://registry.npmjs.org/@humanwhocodes%2fmodule-importer set size:9516 disposed:false
245 silly fetch manifest json-stable-stringify-without-jsonify@^1.0.1
246 silly packumentCache full:https://registry.npmjs.org/json-stable-stringify-without-jsonify cache-miss
247 http fetch GET 200 https://registry.npmjs.org/json-stable-stringify-without-jsonify 184ms (cache revalidated)
248 silly packumentCache full:https://registry.npmjs.org/json-stable-stringify-without-jsonify set size:5808 disposed:false
249 silly fetch manifest eslint-plugin-node@^11.1.0
250 silly packumentCache full:https://registry.npmjs.org/eslint-plugin-node cache-miss
251 http fetch GET 200 https://registry.npmjs.org/eslint-plugin-node 265ms (cache revalidated)
252 silly packumentCache full:https://registry.npmjs.org/eslint-plugin-node set size:170627 disposed:false
253 silly fetch manifest eslint-plugin-react@^7.32.2
254 silly packumentCache full:https://registry.npmjs.org/eslint-plugin-react cache-miss
255 http fetch GET 200 https://registry.npmjs.org/eslint-plugin-react 403ms (cache revalidated)
256 silly packumentCache full:https://registry.npmjs.org/eslint-plugin-react set size:646827 disposed:false
257 silly fetch manifest eslint-plugin-import@^2.27.5
258 silly packumentCache full:https://registry.npmjs.org/eslint-plugin-import cache-miss
259 http fetch GET 200 https://registry.npmjs.org/eslint-plugin-import 194ms (cache revalidated)
260 silly packumentCache full:https://registry.npmjs.org/eslint-plugin-import set size:484928 disposed:false
261 silly fetch manifest eslint-config-prettier@^8.8.0
262 silly packumentCache full:https://registry.npmjs.org/eslint-config-prettier cache-miss
263 http fetch GET 200 https://registry.npmjs.org/eslint-config-prettier 209ms (cache revalidated)
264 silly packumentCache full:https://registry.npmjs.org/eslint-config-prettier set size:231551 disposed:false
265 silly fetch manifest eslint-plugin-prettier@^5.0.0
266 silly packumentCache full:https://registry.npmjs.org/eslint-plugin-prettier cache-miss
267 http fetch GET 200 https://registry.npmjs.org/eslint-plugin-prettier 367ms (cache revalidated)
268 silly packumentCache full:https://registry.npmjs.org/eslint-plugin-prettier set size:192534 disposed:false
269 silly fetch manifest @typescript-eslint/parser@^6.0.0
270 silly packumentCache full:https://registry.npmjs.org/@typescript-eslint%2fparser cache-miss
271 http fetch GET 200 https://registry.npmjs.org/@typescript-eslint%2fparser 25432ms (cache updated)
272 silly packumentCache full:https://registry.npmjs.org/@typescript-eslint%2fparser set size:undefined disposed:false
273 silly fetch manifest eslint-plugin-react-hooks@^4.6.0
274 silly packumentCache full:https://registry.npmjs.org/eslint-plugin-react-hooks cache-miss
275 http fetch GET 200 https://registry.npmjs.org/eslint-plugin-react-hooks 1293ms (cache revalidated)
276 silly packumentCache full:https://registry.npmjs.org/eslint-plugin-react-hooks set size:7647899 disposed:false
277 silly fetch manifest @typescript-eslint/eslint-plugin@^6.0.0
278 silly packumentCache full:https://registry.npmjs.org/@typescript-eslint%2feslint-plugin cache-miss
279 http fetch GET 200 https://registry.npmjs.org/@typescript-eslint%2feslint-plugin 106103ms (cache updated)
280 silly packumentCache full:https://registry.npmjs.org/@typescript-eslint%2feslint-plugin set size:undefined disposed:false
281 silly fetch manifest fontfaceobserver@^2.1.0
282 silly packumentCache full:https://registry.npmjs.org/fontfaceobserver cache-miss
283 http fetch GET 200 https://registry.npmjs.org/fontfaceobserver 477ms (cache revalidated)
284 silly packumentCache full:https://registry.npmjs.org/fontfaceobserver set size:113480 disposed:false
285 silly fetch manifest glob@^7.1.7
286 silly packumentCache full:https://registry.npmjs.org/glob cache-miss
287 http fetch GET 200 https://registry.npmjs.org/glob 208ms (cache revalidated)
288 silly packumentCache full:https://registry.npmjs.org/glob set size:469465 disposed:false
289 silly fetch manifest ts-jest@~29.0.4
290 silly packumentCache full:https://registry.npmjs.org/ts-jest cache-miss
291 http cache https://registry.npmjs.org/ts-jest 66ms (cache hit)
292 silly packumentCache full:https://registry.npmjs.org/ts-jest set size:1074155 disposed:false
293 silly fetch manifest commander@^2.19.0
294 silly packumentCache full:https://registry.npmjs.org/commander cache-miss
295 http fetch GET 200 https://registry.npmjs.org/commander 258ms (cache revalidated)
296 silly packumentCache full:https://registry.npmjs.org/commander set size:353115 disposed:false
297 silly fetch manifest jest-expo@~51.0.0-unreleased
298 silly packumentCache full:https://registry.npmjs.org/jest-expo cache-miss
299 http fetch GET 200 https://registry.npmjs.org/jest-expo 344ms (cache revalidated)
300 silly packumentCache full:https://registry.npmjs.org/jest-expo set size:1154954 disposed:false
301 silly fetch manifest @babel/cli@^7.23.4
302 silly packumentCache full:https://registry.npmjs.org/@babel%2fcli cache-miss
303 http fetch GET 200 https://registry.npmjs.org/@babel%2fcli 396ms (cache revalidated)
304 silly packumentCache full:https://registry.npmjs.org/@babel%2fcli set size:406928 disposed:false
305 silly fetch manifest @types/jest@^29.2.1
306 silly packumentCache full:https://registry.npmjs.org/@types%2fjest cache-miss
307 http cache https://registry.npmjs.org/@types%2fjest 31ms (cache hit)
308 silly packumentCache full:https://registry.npmjs.org/@types%2fjest set size:712683 disposed:false
309 silly fetch manifest @tsconfig/node18@^18.2.2
310 silly packumentCache full:https://registry.npmjs.org/@tsconfig%2fnode18 cache-miss
311 http fetch GET 200 https://registry.npmjs.org/@tsconfig%2fnode18 619ms (cache revalidated)
312 silly packumentCache full:https://registry.npmjs.org/@tsconfig%2fnode18 set size:24627 disposed:false
313 silly fetch manifest @babel/preset-env@^7.23.8
314 silly packumentCache full:https://registry.npmjs.org/@babel%2fpreset-env cache-miss
315 http fetch GET 200 https://registry.npmjs.org/@babel%2fpreset-env 379ms (cache revalidated)
316 silly packumentCache full:https://registry.npmjs.org/@babel%2fpreset-env set size:1208399 disposed:false
317 silly fetch manifest babel-preset-expo@~11.0.15
318 silly packumentCache full:https://registry.npmjs.org/babel-preset-expo cache-miss
319 http fetch GET 200 https://registry.npmjs.org/babel-preset-expo 208ms (cache revalidated)
320 silly packumentCache full:https://registry.npmjs.org/babel-preset-expo set size:1359288 disposed:false
321 silly fetch manifest @expo/npm-proofread@^1.0.1
322 silly packumentCache full:https://registry.npmjs.org/@expo%2fnpm-proofread cache-miss
323 http fetch GET 200 https://registry.npmjs.org/@expo%2fnpm-proofread 577ms (cache revalidated)
324 silly packumentCache full:https://registry.npmjs.org/@expo%2fnpm-proofread set size:3812 disposed:false
325 silly fetch manifest jest-watch-typeahead@2.2.1
326 silly packumentCache full:https://registry.npmjs.org/jest-watch-typeahead cache-miss
327 http fetch GET 200 https://registry.npmjs.org/jest-watch-typeahead 640ms (cache revalidated)
328 silly packumentCache full:https://registry.npmjs.org/jest-watch-typeahead set size:135613 disposed:false
329 silly fetch manifest jest-snapshot-prettier@npm:prettier@^2
330 silly packumentCache full:https://registry.npmjs.org/prettier cache-hit
331 silly fetch manifest @babel/preset-typescript@^7.23.3
332 silly packumentCache full:https://registry.npmjs.org/@babel%2fpreset-typescript cache-miss
333 http fetch GET 200 https://registry.npmjs.org/@babel%2fpreset-typescript 357ms (cache revalidated)
334 silly packumentCache full:https://registry.npmjs.org/@babel%2fpreset-typescript set size:271383 disposed:false
335 silly fetch manifest find-yarn-workspace-root@^2.0.0
336 silly packumentCache full:https://registry.npmjs.org/find-yarn-workspace-root cache-miss
337 http fetch GET 200 https://registry.npmjs.org/find-yarn-workspace-root 403ms (cache revalidated)
338 silly packumentCache full:https://registry.npmjs.org/find-yarn-workspace-root set size:27801 disposed:false
339 silly fetch manifest @testing-library/react-hooks@^7.0.1
340 silly packumentCache full:https://registry.npmjs.org/@testing-library%2freact-hooks cache-miss
341 http fetch GET 200 https://registry.npmjs.org/@testing-library%2freact-hooks 548ms (cache revalidated)
342 silly packumentCache full:https://registry.npmjs.org/@testing-library%2freact-hooks set size:709479 disposed:false
343 silly fetch manifest babel-plugin-dynamic-import-node@^2.3.3
344 silly packumentCache full:https://registry.npmjs.org/babel-plugin-dynamic-import-node cache-miss
345 http fetch GET 200 https://registry.npmjs.org/babel-plugin-dynamic-import-node 363ms (cache revalidated)
346 silly packumentCache full:https://registry.npmjs.org/babel-plugin-dynamic-import-node set size:50064 disposed:false
347 silly fetch manifest @babel/plugin-transform-export-namespace-from@^7.23.4
348 silly packumentCache full:https://registry.npmjs.org/@babel%2fplugin-transform-export-namespace-from cache-miss
349 http fetch GET 200 https://registry.npmjs.org/@babel%2fplugin-transform-export-namespace-from 589ms (cache revalidated)
350 silly packumentCache full:https://registry.npmjs.org/@babel%2fplugin-transform-export-namespace-from set size:93020 disposed:false
351 silly fetch manifest expo-module-scripts@^5.0.8
352 silly packumentCache full:https://registry.npmjs.org/expo-module-scripts cache-hit
353 silly fetch manifest json-schema-to-typescript@^15.0.0
354 silly packumentCache full:https://registry.npmjs.org/json-schema-to-typescript cache-miss
355 http fetch GET 200 https://registry.npmjs.org/json-schema-to-typescript 366ms (cache revalidated)
356 silly packumentCache full:https://registry.npmjs.org/json-schema-to-typescript set size:382562 disposed:false
357 silly placeDep node_modules/.pnpm/@expo+config-types@54.0.10/node_modules/@expo/config-types expo-module-scripts@5.0.8 OK for: @expo/config-types@54.0.10 want: ^5.0.8
358 silly placeDep ROOT json-schema-to-typescript@15.0.4 OK for: @expo/config-types@54.0.10 want: ^15.0.0
359 silly fetch manifest glob@^13.0.0
360 silly packumentCache full:https://registry.npmjs.org/glob cache-hit
361 silly fetch manifest jest-expo@~54.0.13
362 silly packumentCache full:https://registry.npmjs.org/jest-expo cache-miss
363 http cache https://registry.npmjs.org/jest-expo 54ms (cache hit)
364 silly packumentCache full:https://registry.npmjs.org/jest-expo set size:1154954 disposed:false
365 silly fetch manifest babel-preset-expo@~54.0.7
366 silly packumentCache full:https://registry.npmjs.org/babel-preset-expo cache-miss
367 http cache https://registry.npmjs.org/babel-preset-expo 35ms (cache hit)
368 silly packumentCache full:https://registry.npmjs.org/babel-preset-expo set size:1359288 disposed:false
369 silly fetch manifest eslint-config-universe@^15.0.3
370 silly packumentCache full:https://registry.npmjs.org/eslint-config-universe cache-hit
371 silly fetch manifest resolve-workspace-root@^2.0.0
372 silly packumentCache full:https://registry.npmjs.org/resolve-workspace-root cache-miss
373 http fetch GET 200 https://registry.npmjs.org/resolve-workspace-root 306ms (cache revalidated)
374 silly packumentCache full:https://registry.npmjs.org/resolve-workspace-root set size:11680 disposed:false
375 silly fetch manifest @testing-library/react-native@^13.2.0
376 silly packumentCache full:https://registry.npmjs.org/@testing-library%2freact-native cache-miss
377 http fetch GET 200 https://registry.npmjs.org/@testing-library%2freact-native 387ms (cache revalidated)
378 silly packumentCache full:https://registry.npmjs.org/@testing-library%2freact-native set size:628758 disposed:false
379 silly fetch manifest @apidevtools/json-schema-ref-parser@^11.5.5
380 silly packumentCache full:https://registry.npmjs.org/@apidevtools%2fjson-schema-ref-parser cache-miss
381 http fetch GET 200 https://registry.npmjs.org/@apidevtools%2fjson-schema-ref-parser 341ms (cache revalidated)
382 silly packumentCache full:https://registry.npmjs.org/@apidevtools%2fjson-schema-ref-parser set size:311724 disposed:false
383 silly fetch manifest @types/json-schema@^7.0.15
384 silly packumentCache full:https://registry.npmjs.org/@types%2fjson-schema cache-miss
385 http fetch GET 200 https://registry.npmjs.org/@types%2fjson-schema 195ms (cache revalidated)
386 silly packumentCache full:https://registry.npmjs.org/@types%2fjson-schema set size:44704 disposed:false
387 silly fetch manifest @types/lodash@^4.17.7
388 silly packumentCache full:https://registry.npmjs.org/@types%2flodash cache-miss
389 http fetch GET 200 https://registry.npmjs.org/@types%2flodash 227ms (cache revalidated)
390 silly packumentCache full:https://registry.npmjs.org/@types%2flodash set size:494468 disposed:false
391 silly fetch manifest is-glob@^4.0.3
392 silly packumentCache full:https://registry.npmjs.org/is-glob cache-hit
393 silly fetch manifest lodash@^4.17.21
394 silly packumentCache full:https://registry.npmjs.org/lodash cache-miss
395 http cache https://registry.npmjs.org/lodash 33ms (cache hit)
396 silly packumentCache full:https://registry.npmjs.org/lodash set size:247652 disposed:false
397 silly fetch manifest minimist@^1.2.8
398 silly packumentCache full:https://registry.npmjs.org/minimist cache-miss
399 http fetch GET 200 https://registry.npmjs.org/minimist 247ms (cache revalidated)
400 silly packumentCache full:https://registry.npmjs.org/minimist set size:77063 disposed:false
401 silly fetch manifest prettier@^3.2.5
402 silly packumentCache full:https://registry.npmjs.org/prettier cache-hit
403 silly fetch manifest tinyglobby@^0.2.9
404 silly packumentCache full:https://registry.npmjs.org/tinyglobby cache-miss
405 http fetch GET 200 https://registry.npmjs.org/tinyglobby 627ms (cache revalidated)
406 silly packumentCache full:https://registry.npmjs.org/tinyglobby set size:54291 disposed:false
407 silly placeDep node_modules/.pnpm/@expo+schema-utils@0.1.8/node_modules/@expo/schema-utils expo-module-scripts@5.0.8 OK for: @expo/schema-utils@0.1.8 want: ^5.0.8
408 silly fetch manifest @jridgewell/resolve-uri-latest@npm:@jridgewell/resolve-uri@*
409 silly packumentCache full:https://registry.npmjs.org/@jridgewell%2fresolve-uri cache-miss
410 http fetch GET 200 https://registry.npmjs.org/@jridgewell%2fresolve-uri 200ms (cache revalidated)
411 silly packumentCache full:https://registry.npmjs.org/@jridgewell%2fresolve-uri set size:57361 disposed:false
412 silly fetch manifest @rollup/plugin-typescript@8.3.0
413 silly packumentCache full:https://registry.npmjs.org/@rollup%2fplugin-typescript cache-miss
414 http fetch GET 200 https://registry.npmjs.org/@rollup%2fplugin-typescript 775ms (cache revalidated)
415 silly packumentCache full:https://registry.npmjs.org/@rollup%2fplugin-typescript set size:199900 disposed:false
416 silly fetch manifest rollup@2.66.0
417 silly packumentCache full:https://registry.npmjs.org/rollup cache-miss
418 http fetch GET 200 https://registry.npmjs.org/rollup 824ms (cache revalidated)
419 silly packumentCache full:https://registry.npmjs.org/rollup set size:6278661 disposed:false
420 silly fetch manifest tslib@*
421 silly packumentCache full:https://registry.npmjs.org/tslib cache-miss
422 http fetch GET 200 https://registry.npmjs.org/tslib 1033ms (cache revalidated)
423 silly packumentCache full:https://registry.npmjs.org/tslib set size:108843 disposed:false
424 silly fetch manifest typescript@4.5.5
425 silly packumentCache full:https://registry.npmjs.org/typescript cache-miss
426 http fetch GET 200 https://registry.npmjs.org/typescript 1017ms (cache revalidated)
427 silly packumentCache full:https://registry.npmjs.org/typescript set size:15513951 disposed:false
428 silly fetch manifest @typescript-eslint/eslint-plugin@5.10.0
429 silly packumentCache full:https://registry.npmjs.org/@typescript-eslint%2feslint-plugin cache-miss
430 http cache https://registry.npmjs.org/@typescript-eslint%2feslint-plugin 108ms (cache hit)
431 silly packumentCache full:https://registry.npmjs.org/@typescript-eslint%2feslint-plugin set size:18508154 disposed:false
432 silly fetch manifest @typescript-eslint/parser@5.10.0
433 silly packumentCache full:https://registry.npmjs.org/@typescript-eslint%2fparser cache-miss
434 http cache https://registry.npmjs.org/@typescript-eslint%2fparser 114ms (cache hit)
435 silly packumentCache full:https://registry.npmjs.org/@typescript-eslint%2fparser set size:15612235 disposed:false
436 silly fetch manifest eslint@8.7.0
437 silly packumentCache full:https://registry.npmjs.org/eslint cache-miss
438 http fetch GET 200 https://registry.npmjs.org/eslint 1306ms (cache revalidated)
439 silly packumentCache full:https://registry.npmjs.org/eslint set size:2040662 disposed:false
440 silly fetch manifest c8@7.11.0
441 silly packumentCache full:https://registry.npmjs.org/c8 cache-miss
442 http fetch GET 200 https://registry.npmjs.org/c8 191ms (cache revalidated)
443 silly packumentCache full:https://registry.npmjs.org/c8 set size:273400 disposed:false
444 silly fetch manifest eslint-config-prettier@8.3.0
445 silly packumentCache full:https://registry.npmjs.org/eslint-config-prettier cache-hit
446 silly fetch manifest mocha@9.2.0
447 silly packumentCache full:https://registry.npmjs.org/mocha cache-miss
448 http fetch GET 200 https://registry.npmjs.org/mocha 1220ms (cache revalidated)
449 silly packumentCache full:https://registry.npmjs.org/mocha set size:4136144 disposed:false
450 silly fetch manifest npm-run-all@4.1.5
451 silly packumentCache full:https://registry.npmjs.org/npm-run-all cache-miss
452 http fetch GET 200 https://registry.npmjs.org/npm-run-all 198ms (cache revalidated)
453 silly packumentCache full:https://registry.npmjs.org/npm-run-all set size:160936 disposed:false
454 silly fetch manifest prettier@2.5.1
455 silly packumentCache full:https://registry.npmjs.org/prettier cache-hit
456 silly placeDep ROOT @jridgewell/resolve-uri-latest@3.1.2 OK for: @jridgewell/resolve-uri@3.1.2 want: npm:@jridgewell/resolve-uri@*
457 silly placeDep node_modules/.pnpm/@jridgewell+resolve-uri@3.1.2/node_modules/@jridgewell/resolve-uri @rollup/plugin-typescript@8.3.0 OK for: @jridgewell/resolve-uri@3.1.2 want: 8.3.0
458 silly placeDep ROOT rollup@2.66.0 OK for: @rollup/plugin-typescript@8.3.0 want: ^2.14.0
459 silly placeDep node_modules/.pnpm/@jridgewell+resolve-uri@3.1.2/node_modules/@jridgewell/resolve-uri @typescript-eslint/eslint-plugin@5.10.0 OK for: @jridgewell/resolve-uri@3.1.2 want: 5.10.0
460 silly placeDep node_modules/.pnpm/@jridgewell+resolve-uri@3.1.2/node_modules/@jridgewell/resolve-uri @typescript-eslint/parser@5.10.0 OK for: @typescript-eslint/eslint-plugin@5.10.0 want: ^5.0.0
461 silly placeDep ROOT c8@7.11.0 OK for: @jridgewell/resolve-uri@3.1.2 want: 7.11.0
462 silly placeDep node_modules/.pnpm/@jridgewell+resolve-uri@3.1.2/node_modules/@jridgewell/resolve-uri eslint@8.7.0 OK for: @jridgewell/resolve-uri@3.1.2 want: 8.7.0
463 silly placeDep node_modules/.pnpm/@jridgewell+resolve-uri@3.1.2/node_modules/@jridgewell/resolve-uri eslint-config-prettier@8.3.0 OK for: @jridgewell/resolve-uri@3.1.2 want: 8.3.0
464 silly placeDep ROOT mocha@9.2.0 OK for: @jridgewell/resolve-uri@3.1.2 want: 9.2.0
465 silly placeDep ROOT npm-run-all@4.1.5 OK for: @jridgewell/resolve-uri@3.1.2 want: 4.1.5
466 silly placeDep node_modules/.pnpm/@jridgewell+resolve-uri@3.1.2/node_modules/@jridgewell/resolve-uri prettier@2.5.1 OK for: @jridgewell/resolve-uri@3.1.2 want: 2.5.1
467 silly placeDep node_modules/.pnpm/@jridgewell+resolve-uri@3.1.2/node_modules/@jridgewell/resolve-uri typescript@4.5.5 OK for: @jridgewell/resolve-uri@3.1.2 want: 4.5.5
468 silly fetch manifest resolve@^1.17.0
469 silly packumentCache full:https://registry.npmjs.org/resolve cache-miss
470 http fetch GET 200 https://registry.npmjs.org/resolve 176ms (cache revalidated)
471 silly packumentCache full:https://registry.npmjs.org/resolve set size:244568 disposed:false
472 silly fetch manifest @rollup/pluginutils@^3.1.0
473 silly packumentCache full:https://registry.npmjs.org/@rollup%2fpluginutils cache-miss
474 http fetch GET 200 https://registry.npmjs.org/@rollup%2fpluginutils 698ms (cache revalidated)
475 silly packumentCache full:https://registry.npmjs.org/@rollup%2fpluginutils set size:121958 disposed:false
476 silly fetch manifest fsevents@~2.3.2
477 silly packumentCache full:https://registry.npmjs.org/fsevents cache-miss
478 http fetch GET 200 https://registry.npmjs.org/fsevents 342ms (cache revalidated)
479 silly packumentCache full:https://registry.npmjs.org/fsevents set size:182472 disposed:false
480 silly fetch manifest ignore@^5.1.8
481 silly packumentCache full:https://registry.npmjs.org/ignore cache-hit
482 silly fetch manifest regexpp@^3.2.0
483 silly packumentCache full:https://registry.npmjs.org/regexpp cache-miss
484 http fetch GET 200 https://registry.npmjs.org/regexpp 477ms (cache revalidated)
485 silly packumentCache full:https://registry.npmjs.org/regexpp set size:46712 disposed:false
486 silly fetch manifest tsutils@^3.21.0
487 silly packumentCache full:https://registry.npmjs.org/tsutils cache-miss
488 http fetch GET 200 https://registry.npmjs.org/tsutils 221ms (cache revalidated)
489 silly packumentCache full:https://registry.npmjs.org/tsutils set size:248868 disposed:false
490 silly fetch manifest @typescript-eslint/utils@5.10.0
491 silly packumentCache full:https://registry.npmjs.org/@typescript-eslint%2futils cache-miss
492 http fetch GET 200 https://registry.npmjs.org/@typescript-eslint%2futils 302ms (cache revalidated)
493 silly packumentCache full:https://registry.npmjs.org/@typescript-eslint%2futils set size:10630491 disposed:false
494 silly fetch manifest functional-red-black-tree@^1.0.1
495 silly packumentCache full:https://registry.npmjs.org/functional-red-black-tree cache-miss
496 http fetch GET 200 https://registry.npmjs.org/functional-red-black-tree 589ms (cache revalidated)
497 silly packumentCache full:https://registry.npmjs.org/functional-red-black-tree set size:12580 disposed:false
498 silly fetch manifest @typescript-eslint/type-utils@5.10.0
499 silly packumentCache full:https://registry.npmjs.org/@typescript-eslint%2ftype-utils cache-miss
500 http fetch GET 200 https://registry.npmjs.org/@typescript-eslint%2ftype-utils 278ms (cache revalidated)
501 silly packumentCache full:https://registry.npmjs.org/@typescript-eslint%2ftype-utils set size:9738822 disposed:false
502 silly fetch manifest @typescript-eslint/scope-manager@5.10.0
503 silly packumentCache full:https://registry.npmjs.org/@typescript-eslint%2fscope-manager cache-miss
504 http fetch GET 200 https://registry.npmjs.org/@typescript-eslint%2fscope-manager 1341ms (cache revalidated)
505 silly packumentCache full:https://registry.npmjs.org/@typescript-eslint%2fscope-manager set size:12865607 disposed:false
506 silly fetch manifest @typescript-eslint/types@5.10.0
507 silly packumentCache full:https://registry.npmjs.org/@typescript-eslint%2ftypes cache-miss
508 http fetch GET 200 https://registry.npmjs.org/@typescript-eslint%2ftypes 386ms (cache revalidated)
509 silly packumentCache full:https://registry.npmjs.org/@typescript-eslint%2ftypes set size:12685870 disposed:false
510 silly fetch manifest @typescript-eslint/typescript-estree@5.10.0
511 silly packumentCache full:https://registry.npmjs.org/@typescript-eslint%2ftypescript-estree cache-miss
512 http fetch GET 200 https://registry.npmjs.org/@typescript-eslint%2ftypescript-estree 452ms (cache revalidated)
513 silly packumentCache full:https://registry.npmjs.org/@typescript-eslint%2ftypescript-estree set size:16857921 disposed:false
514 silly fetch manifest yargs@^16.2.0
515 silly packumentCache full:https://registry.npmjs.org/yargs cache-miss
516 http fetch GET 200 https://registry.npmjs.org/yargs 333ms (cache revalidated)
517 silly packumentCache full:https://registry.npmjs.org/yargs set size:759965 disposed:false
518 silly fetch manifest rimraf@^3.0.0
519 silly packumentCache full:https://registry.npmjs.org/rimraf cache-miss
520 http fetch GET 200 https://registry.npmjs.org/rimraf 177ms (cache revalidated)
521 silly packumentCache full:https://registry.npmjs.org/rimraf set size:212626 disposed:false
522 silly fetch manifest test-exclude@^6.0.0
523 silly packumentCache full:https://registry.npmjs.org/test-exclude cache-miss
524 http fetch GET 200 https://registry.npmjs.org/test-exclude 193ms (cache revalidated)
525 silly packumentCache full:https://registry.npmjs.org/test-exclude set size:89897 disposed:false
526 silly fetch manifest yargs-parser@^20.2.7
527 silly packumentCache full:https://registry.npmjs.org/yargs-parser cache-miss
528 http fetch GET 200 https://registry.npmjs.org/yargs-parser 676ms (cache revalidated)
529 silly packumentCache full:https://registry.npmjs.org/yargs-parser set size:238630 disposed:false
530 silly fetch manifest v8-to-istanbul@^8.0.0
531 silly packumentCache full:https://registry.npmjs.org/v8-to-istanbul cache-miss
532 http fetch GET 200 https://registry.npmjs.org/v8-to-istanbul 470ms (cache revalidated)
533 silly packumentCache full:https://registry.npmjs.org/v8-to-istanbul set size:167645 disposed:false
534 silly fetch manifest foreground-child@^2.0.0
535 silly packumentCache full:https://registry.npmjs.org/foreground-child cache-miss
536 http fetch GET 200 https://registry.npmjs.org/foreground-child 207ms (cache revalidated)
537 silly packumentCache full:https://registry.npmjs.org/foreground-child set size:71503 disposed:false
538 silly fetch manifest istanbul-reports@^3.0.2
539 silly packumentCache full:https://registry.npmjs.org/istanbul-reports cache-miss
540 http fetch GET 200 https://registry.npmjs.org/istanbul-reports 182ms (cache revalidated)
541 silly packumentCache full:https://registry.npmjs.org/istanbul-reports set size:148926 disposed:false
542 silly fetch manifest @bcoe/v8-coverage@^0.2.3
543 silly packumentCache full:https://registry.npmjs.org/@bcoe%2fv8-coverage cache-miss
544 http fetch GET 200 https://registry.npmjs.org/@bcoe%2fv8-coverage 202ms (cache revalidated)
545 silly packumentCache full:https://registry.npmjs.org/@bcoe%2fv8-coverage set size:20438 disposed:false
546 silly fetch manifest @istanbuljs/schema@^0.1.2
547 silly packumentCache full:https://registry.npmjs.org/@istanbuljs%2fschema cache-miss
548 http fetch GET 200 https://registry.npmjs.org/@istanbuljs%2fschema 238ms (cache revalidated)
549 silly packumentCache full:https://registry.npmjs.org/@istanbuljs%2fschema set size:16895 disposed:false
550 silly fetch manifest istanbul-lib-report@^3.0.0
551 silly packumentCache full:https://registry.npmjs.org/istanbul-lib-report cache-miss
552 http fetch GET 200 https://registry.npmjs.org/istanbul-lib-report 244ms (cache revalidated)
553 silly packumentCache full:https://registry.npmjs.org/istanbul-lib-report set size:66223 disposed:false
554 silly fetch manifest istanbul-lib-coverage@^3.0.1
555 silly packumentCache full:https://registry.npmjs.org/istanbul-lib-coverage cache-miss
556 http fetch GET 200 https://registry.npmjs.org/istanbul-lib-coverage 208ms (cache revalidated)
557 silly packumentCache full:https://registry.npmjs.org/istanbul-lib-coverage set size:75651 disposed:false
558 silly fetch manifest ajv@^6.10.0
559 silly packumentCache full:https://registry.npmjs.org/ajv cache-miss
560 http cache https://registry.npmjs.org/ajv 31ms (cache hit)
561 silly packumentCache full:https://registry.npmjs.org/ajv set size:1142658 disposed:false
562 silly fetch manifest espree@^9.3.0
563 silly packumentCache full:https://registry.npmjs.org/espree cache-hit
564 silly fetch manifest esquery@^1.4.0
565 silly packumentCache full:https://registry.npmjs.org/esquery cache-hit
566 silly fetch manifest globals@^13.6.0
567 silly packumentCache full:https://registry.npmjs.org/globals cache-hit
568 silly fetch manifest minimatch@^3.0.4
569 silly packumentCache full:https://registry.npmjs.org/minimatch cache-hit
570 silly fetch manifest optionator@^0.9.1
571 silly packumentCache full:https://registry.npmjs.org/optionator cache-hit
572 silly fetch manifest glob-parent@^6.0.1
573 silly packumentCache full:https://registry.npmjs.org/glob-parent cache-hit
574 silly fetch manifest eslint-scope@^7.1.0
575 silly packumentCache full:https://registry.npmjs.org/eslint-scope cache-hit
576 silly fetch manifest eslint-utils@^3.0.0
577 silly packumentCache full:https://registry.npmjs.org/eslint-utils cache-miss
578 http fetch GET 200 https://registry.npmjs.org/eslint-utils 192ms (cache revalidated)
579 silly packumentCache full:https://registry.npmjs.org/eslint-utils set size:45146 disposed:false
580 silly fetch manifest import-fresh@^3.0.0
581 silly packumentCache full:https://registry.npmjs.org/import-fresh cache-miss
582 http fetch GET 200 https://registry.npmjs.org/import-fresh 436ms (cache revalidated)
583 silly packumentCache full:https://registry.npmjs.org/import-fresh set size:24604 disposed:false
584 silly fetch manifest @eslint/eslintrc@^1.0.5
585 silly packumentCache full:https://registry.npmjs.org/@eslint%2feslintrc cache-hit
586 silly fetch manifest v8-compile-cache@^2.0.3
587 silly packumentCache full:https://registry.npmjs.org/v8-compile-cache cache-miss
588 http fetch GET 200 https://registry.npmjs.org/v8-compile-cache 358ms (cache revalidated)
589 silly packumentCache full:https://registry.npmjs.org/v8-compile-cache set size:31125 disposed:false
590 silly fetch manifest eslint-visitor-keys@^3.2.0
591 silly packumentCache full:https://registry.npmjs.org/eslint-visitor-keys cache-hit
592 silly fetch manifest strip-json-comments@^3.1.0
593 silly packumentCache full:https://registry.npmjs.org/strip-json-comments cache-miss
594 http fetch GET 200 https://registry.npmjs.org/strip-json-comments 281ms (cache revalidated)
595 silly packumentCache full:https://registry.npmjs.org/strip-json-comments set size:43569 disposed:false
596 silly fetch manifest @humanwhocodes/config-array@^0.9.2
597 silly packumentCache full:https://registry.npmjs.org/@humanwhocodes%2fconfig-array cache-hit
598 silly fetch manifest he@1.2.0
599 silly packumentCache full:https://registry.npmjs.org/he cache-miss
600 http fetch GET 200 https://registry.npmjs.org/he 219ms (cache revalidated)
601 silly packumentCache full:https://registry.npmjs.org/he set size:58773 disposed:false
602 silly fetch manifest ms@2.1.3
603 silly packumentCache full:https://registry.npmjs.org/ms cache-miss
604 http fetch GET 200 https://registry.npmjs.org/ms 169ms (cache revalidated)
605 silly packumentCache full:https://registry.npmjs.org/ms set size:92208 disposed:false
606 silly fetch manifest diff@5.0.0
607 silly packumentCache full:https://registry.npmjs.org/diff cache-miss
608 http fetch GET 200 https://registry.npmjs.org/diff 1239ms (cache revalidated)
609 silly packumentCache full:https://registry.npmjs.org/diff set size:154400 disposed:false
610 silly fetch manifest glob@7.2.0
611 silly packumentCache full:https://registry.npmjs.org/glob cache-hit
612 silly fetch manifest debug@4.3.3
613 silly packumentCache full:https://registry.npmjs.org/debug cache-hit
614 silly fetch manifest growl@1.10.5
615 silly packumentCache full:https://registry.npmjs.org/growl cache-miss
616 http fetch GET 200 https://registry.npmjs.org/growl 1177ms (cache revalidated)
617 silly packumentCache full:https://registry.npmjs.org/growl set size:32222 disposed:false
618 silly fetch manifest which@2.0.2
619 silly packumentCache full:https://registry.npmjs.org/which cache-miss
620 http fetch GET 200 https://registry.npmjs.org/which 224ms (cache revalidated)
621 silly packumentCache full:https://registry.npmjs.org/which set size:70087 disposed:false
622 silly fetch manifest yargs@16.2.0
623 silly packumentCache full:https://registry.npmjs.org/yargs cache-hit
624 silly fetch manifest nanoid@3.2.0
625 silly packumentCache full:https://registry.npmjs.org/nanoid cache-miss
626 http fetch GET 200 https://registry.npmjs.org/nanoid 305ms (cache revalidated)
627 silly packumentCache full:https://registry.npmjs.org/nanoid set size:341137 disposed:false
628 silly fetch manifest find-up@5.0.0
629 silly packumentCache full:https://registry.npmjs.org/find-up cache-hit
630 silly fetch manifest js-yaml@4.1.0
631 silly packumentCache full:https://registry.npmjs.org/js-yaml cache-hit
632 silly fetch manifest chokidar@3.5.3
633 silly packumentCache full:https://registry.npmjs.org/chokidar cache-miss
634 http fetch GET 200 https://registry.npmjs.org/chokidar 796ms (cache revalidated)
635 silly packumentCache full:https://registry.npmjs.org/chokidar set size:255902 disposed:false
636 silly fetch manifest minimatch@3.0.4
637 silly packumentCache full:https://registry.npmjs.org/minimatch cache-hit
638 silly fetch manifest workerpool@6.2.0
639 silly packumentCache full:https://registry.npmjs.org/workerpool cache-miss
640 http fetch GET 200 https://registry.npmjs.org/workerpool 1082ms (cache revalidated)
641 silly packumentCache full:https://registry.npmjs.org/workerpool set size:201842 disposed:false
642 silly fetch manifest ansi-colors@4.1.1
643 silly packumentCache full:https://registry.npmjs.org/ansi-colors cache-miss
644 http fetch GET 200 https://registry.npmjs.org/ansi-colors 1125ms (cache revalidated)
645 silly packumentCache full:https://registry.npmjs.org/ansi-colors set size:110876 disposed:false
646 silly fetch manifest log-symbols@4.1.0
647 silly packumentCache full:https://registry.npmjs.org/log-symbols cache-miss
648 http fetch GET 200 https://registry.npmjs.org/log-symbols 357ms (cache revalidated)
649 silly packumentCache full:https://registry.npmjs.org/log-symbols set size:31977 disposed:false
650 silly fetch manifest yargs-parser@20.2.4
651 silly packumentCache full:https://registry.npmjs.org/yargs-parser cache-hit
652 silly fetch manifest browser-stdout@1.3.1
653 silly packumentCache full:https://registry.npmjs.org/browser-stdout cache-miss
654 http fetch GET 200 https://registry.npmjs.org/browser-stdout 191ms (cache revalidated)
655 silly packumentCache full:https://registry.npmjs.org/browser-stdout set size:9832 disposed:false
656 silly fetch manifest supports-color@8.1.1
657 silly packumentCache full:https://registry.npmjs.org/supports-color cache-miss
658 http fetch GET 200 https://registry.npmjs.org/supports-color 248ms (cache revalidated)
659 silly packumentCache full:https://registry.npmjs.org/supports-color set size:124169 disposed:false
660 silly fetch manifest yargs-unparser@2.0.0
661 silly packumentCache full:https://registry.npmjs.org/yargs-unparser cache-miss
662 http fetch GET 200 https://registry.npmjs.org/yargs-unparser 406ms (cache revalidated)
663 silly packumentCache full:https://registry.npmjs.org/yargs-unparser set size:56742 disposed:false
664 silly fetch manifest strip-json-comments@3.1.1
665 silly packumentCache full:https://registry.npmjs.org/strip-json-comments cache-hit
666 silly fetch manifest escape-string-regexp@4.0.0
667 silly packumentCache full:https://registry.npmjs.org/escape-string-regexp cache-hit
668 silly fetch manifest serialize-javascript@6.0.0
669 silly packumentCache full:https://registry.npmjs.org/serialize-javascript cache-miss
670 http fetch GET 200 https://registry.npmjs.org/serialize-javascript 592ms (cache revalidated)
671 silly packumentCache full:https://registry.npmjs.org/serialize-javascript set size:84159 disposed:false
672 silly fetch manifest @ungap/promise-all-settled@1.1.2
673 silly packumentCache full:https://registry.npmjs.org/@ungap%2fpromise-all-settled cache-miss
674 http fetch GET 200 https://registry.npmjs.org/@ungap%2fpromise-all-settled 533ms (cache revalidated)
675 silly packumentCache full:https://registry.npmjs.org/@ungap%2fpromise-all-settled set size:17352 disposed:false
676 silly fetch manifest chalk@^2.4.1
677 silly packumentCache full:https://registry.npmjs.org/chalk cache-hit
678 silly fetch manifest pidtree@^0.3.0
679 silly packumentCache full:https://registry.npmjs.org/pidtree cache-miss
680 http fetch GET 200 https://registry.npmjs.org/pidtree 187ms (cache revalidated)
681 silly packumentCache full:https://registry.npmjs.org/pidtree set size:40045 disposed:false
682 silly fetch manifest read-pkg@^3.0.0
683 silly packumentCache full:https://registry.npmjs.org/read-pkg cache-miss
684 http fetch GET 200 https://registry.npmjs.org/read-pkg 1110ms (cache revalidated)
685 silly packumentCache full:https://registry.npmjs.org/read-pkg set size:43912 disposed:false
686 silly fetch manifest ansi-styles@^3.2.1
687 silly packumentCache full:https://registry.npmjs.org/ansi-styles cache-miss
688 http fetch GET 200 https://registry.npmjs.org/ansi-styles 640ms (cache revalidated)
689 silly packumentCache full:https://registry.npmjs.org/ansi-styles set size:71772 disposed:false
690 silly fetch manifest cross-spawn@^6.0.5
691 silly packumentCache full:https://registry.npmjs.org/cross-spawn cache-hit
692 silly fetch manifest shell-quote@^1.6.1
693 silly packumentCache full:https://registry.npmjs.org/shell-quote cache-miss
694 http fetch GET 200 https://registry.npmjs.org/shell-quote 178ms (cache revalidated)
695 silly packumentCache full:https://registry.npmjs.org/shell-quote set size:72517 disposed:false
696 silly fetch manifest memorystream@^0.3.1
697 silly packumentCache full:https://registry.npmjs.org/memorystream cache-miss
698 http fetch GET 200 https://registry.npmjs.org/memorystream 206ms (cache revalidated)
699 silly packumentCache full:https://registry.npmjs.org/memorystream set size:16698 disposed:false
700 silly fetch manifest string.prototype.padend@^3.0.0
701 silly packumentCache full:https://registry.npmjs.org/string.prototype.padend cache-miss
702 http fetch GET 200 https://registry.npmjs.org/string.prototype.padend 420ms (cache revalidated)
703 silly packumentCache full:https://registry.npmjs.org/string.prototype.padend set size:30386 disposed:false
704 silly fetch manifest @actions/core@^1.10.0
705 silly packumentCache full:https://registry.npmjs.org/@actions%2fcore cache-miss
706 http fetch GET 200 https://registry.npmjs.org/@actions%2fcore 1183ms (cache revalidated)
707 silly packumentCache full:https://registry.npmjs.org/@actions%2fcore set size:104254 disposed:false
708 silly fetch manifest @actions/github@^5.1.1
709 silly packumentCache full:https://registry.npmjs.org/@actions%2fgithub cache-miss
710 http fetch GET 200 https://registry.npmjs.org/@actions%2fgithub 985ms (cache revalidated)
711 silly packumentCache full:https://registry.npmjs.org/@actions%2fgithub set size:71246 disposed:false
712 silly fetch manifest @changesets/cli@^2.27.1
713 silly packumentCache full:https://registry.npmjs.org/@changesets%2fcli cache-miss
714 http fetch GET 200 https://registry.npmjs.org/@changesets%2fcli 649ms (cache revalidated)
715 silly packumentCache full:https://registry.npmjs.org/@changesets%2fcli set size:427651 disposed:false
716 silly fetch manifest @changesets/get-github-info@^0.6.0
717 silly packumentCache full:https://registry.npmjs.org/@changesets%2fget-github-info cache-miss
718 http fetch GET 200 https://registry.npmjs.org/@changesets%2fget-github-info 854ms (cache revalidated)
719 silly packumentCache full:https://registry.npmjs.org/@changesets%2fget-github-info set size:58081 disposed:false
720 silly fetch manifest @rollup/plugin-babel@^6.0.4
721 silly packumentCache full:https://registry.npmjs.org/@rollup%2fplugin-babel cache-miss
722 http fetch GET 200 https://registry.npmjs.org/@rollup%2fplugin-babel 223ms (cache revalidated)
723 silly packumentCache full:https://registry.npmjs.org/@rollup%2fplugin-babel set size:95668 disposed:false
724 silly fetch manifest @babel/core@^7.0.0
725 silly packumentCache full:https://registry.npmjs.org/@babel%2fcore cache-miss
726 http fetch GET 200 https://registry.npmjs.org/@babel%2fcore 210ms (cache revalidated)
727 silly packumentCache full:https://registry.npmjs.org/@babel%2fcore set size:788273 disposed:false
728 silly fetch manifest @types/babel__core@^7.1.9
729 silly packumentCache full:https://registry.npmjs.org/@types%2fbabel__core cache-miss
730 http fetch GET 200 https://registry.npmjs.org/@types%2fbabel__core 457ms (cache revalidated)
731 silly packumentCache full:https://registry.npmjs.org/@types%2fbabel__core set size:88676 disposed:false
732 silly fetch manifest rollup@^4.9.6
733 silly packumentCache full:https://registry.npmjs.org/rollup cache-miss
734 http cache https://registry.npmjs.org/rollup 63ms (cache hit)
735 silly packumentCache full:https://registry.npmjs.org/rollup set size:6278661 disposed:false
736 silly fetch manifest @rollup/plugin-commonjs@^25.0.7
737 silly packumentCache full:https://registry.npmjs.org/@rollup%2fplugin-commonjs cache-miss
738 http fetch GET 200 https://registry.npmjs.org/@rollup%2fplugin-commonjs 548ms (cache revalidated)
739 silly packumentCache full:https://registry.npmjs.org/@rollup%2fplugin-commonjs set size:339171 disposed:false
740 silly fetch manifest @rollup/plugin-node-resolve@^15.2.3
741 silly packumentCache full:https://registry.npmjs.org/@rollup%2fplugin-node-resolve cache-miss
742 http fetch GET 200 https://registry.npmjs.org/@rollup%2fplugin-node-resolve 445ms (cache revalidated)
743 silly packumentCache full:https://registry.npmjs.org/@rollup%2fplugin-node-resolve set size:210808 disposed:false
744 silly fetch manifest @rollup/plugin-terser@^0.4.4
745 silly packumentCache full:https://registry.npmjs.org/@rollup%2fplugin-terser cache-miss
746 http fetch GET 200 https://registry.npmjs.org/@rollup%2fplugin-terser 369ms (cache revalidated)
747 silly packumentCache full:https://registry.npmjs.org/@rollup%2fplugin-terser set size:36022 disposed:false
748 silly fetch manifest @typescript-eslint/eslint-plugin@^6.20.0
749 silly packumentCache full:https://registry.npmjs.org/@typescript-eslint%2feslint-plugin cache-miss
750 http cache https://registry.npmjs.org/@typescript-eslint%2feslint-plugin 84ms (cache hit)
751 silly packumentCache full:https://registry.npmjs.org/@typescript-eslint%2feslint-plugin set size:18508154 disposed:false
752 silly fetch manifest @typescript-eslint/parser@^6.20.0
753 silly packumentCache full:https://registry.npmjs.org/@typescript-eslint%2fparser cache-miss
754 http cache https://registry.npmjs.org/@typescript-eslint%2fparser 150ms (cache hit)
755 silly packumentCache full:https://registry.npmjs.org/@typescript-eslint%2fparser set size:15612235 disposed:false
756 silly fetch manifest @vitest/coverage-v8@^1.2.2
757 silly packumentCache full:https://registry.npmjs.org/@vitest%2fcoverage-v8 cache-miss
758 http fetch GET 200 https://registry.npmjs.org/@vitest%2fcoverage-v8 299ms (cache revalidated)
759 silly packumentCache full:https://registry.npmjs.org/@vitest%2fcoverage-v8 set size:528244 disposed:false
760 silly fetch manifest vitest@^1.2.2
761 silly packumentCache full:https://registry.npmjs.org/vitest cache-miss
762 http fetch GET 200 https://registry.npmjs.org/vitest 421ms (cache revalidated)
763 silly packumentCache full:https://registry.npmjs.org/vitest set size:2224337 disposed:false
764 silly fetch manifest @edge-runtime/vm@*
765 silly packumentCache full:https://registry.npmjs.org/@edge-runtime%2fvm cache-miss
766 http fetch GET 200 https://registry.npmjs.org/@edge-runtime%2fvm 933ms (cache revalidated)
767 silly packumentCache full:https://registry.npmjs.org/@edge-runtime%2fvm set size:269934 disposed:false
768 silly fetch manifest @types/node@^18.0.0 || >=20.0.0
769 silly packumentCache full:https://registry.npmjs.org/@types%2fnode cache-miss
770 http fetch GET 200 https://registry.npmjs.org/@types%2fnode 1028ms (cache revalidated)
771 silly packumentCache full:https://registry.npmjs.org/@types%2fnode set size:11084776 disposed:false
772 silly fetch manifest @vitest/browser@1.6.1
773 silly packumentCache full:https://registry.npmjs.org/@vitest%2fbrowser cache-miss
774 http fetch GET 200 https://registry.npmjs.org/@vitest%2fbrowser 501ms (cache revalidated)
775 silly packumentCache full:https://registry.npmjs.org/@vitest%2fbrowser set size:786640 disposed:false
776 silly fetch manifest playwright@*
777 silly packumentCache full:https://registry.npmjs.org/playwright cache-miss
778 http fetch GET 200 https://registry.npmjs.org/playwright 521ms (cache revalidated)
779 silly packumentCache full:https://registry.npmjs.org/playwright set size:16586455 disposed:false
780 silly fetch manifest webdriverio@*
781 silly packumentCache full:https://registry.npmjs.org/webdriverio cache-miss
782 http fetch GET 200 https://registry.npmjs.org/webdriverio 240ms (cache revalidated)
783 silly packumentCache full:https://registry.npmjs.org/webdriverio set size:3147996 disposed:false
784 silly fetch manifest puppeteer-core@>=22.x || <=24.x
785 silly packumentCache full:https://registry.npmjs.org/puppeteer-core cache-miss
786 http fetch GET 200 https://registry.npmjs.org/puppeteer-core 377ms (cache revalidated)
787 silly packumentCache full:https://registry.npmjs.org/puppeteer-core set size:1554071 disposed:false
788 silly fetch manifest @vitest/ui@1.6.1
789 silly packumentCache full:https://registry.npmjs.org/@vitest%2fui cache-miss
790 http fetch GET 200 https://registry.npmjs.org/@vitest%2fui 290ms (cache revalidated)
791 silly packumentCache full:https://registry.npmjs.org/@vitest%2fui set size:1275474 disposed:false
792 silly fetch manifest happy-dom@*
793 silly packumentCache full:https://registry.npmjs.org/happy-dom cache-miss
794 http fetch GET 200 https://registry.npmjs.org/happy-dom 400ms (cache revalidated)
795 silly packumentCache full:https://registry.npmjs.org/happy-dom set size:2478647 disposed:false
796 silly fetch manifest jsdom@*
797 silly packumentCache full:https://registry.npmjs.org/jsdom cache-miss
798 http fetch GET 200 https://registry.npmjs.org/jsdom 771ms (cache revalidated)
799 silly packumentCache full:https://registry.npmjs.org/jsdom set size:1074418 disposed:false
800 silly fetch manifest canvas@^3.0.0
801 silly packumentCache full:https://registry.npmjs.org/canvas cache-miss
802 http fetch GET 200 https://registry.npmjs.org/canvas 498ms (cache revalidated)
803 silly packumentCache full:https://registry.npmjs.org/canvas set size:346176 disposed:false
804 silly fetch manifest eslint-config-prettier@^9.1.0
805 silly packumentCache full:https://registry.npmjs.org/eslint-config-prettier cache-hit
806 silly fetch manifest eslint-plugin-prettier@^5.1.3
807 silly packumentCache full:https://registry.npmjs.org/eslint-plugin-prettier cache-hit
808 silly fetch manifest @types/eslint@>=8.0.0
809 silly packumentCache full:https://registry.npmjs.org/@types%2feslint cache-miss
810 http fetch GET 200 https://registry.npmjs.org/@types%2feslint 220ms (cache revalidated)
811 silly packumentCache full:https://registry.npmjs.org/@types%2feslint set size:220085 disposed:false
812 silly fetch manifest prettier@^3.2.4
813 silly packumentCache full:https://registry.npmjs.org/prettier cache-hit
814 silly fetch manifest eslint-plugin-tsdoc@^0.2.17
815 silly packumentCache full:https://registry.npmjs.org/eslint-plugin-tsdoc cache-miss
816 http fetch GET 200 https://registry.npmjs.org/eslint-plugin-tsdoc 903ms (cache revalidated)
817 silly packumentCache full:https://registry.npmjs.org/eslint-plugin-tsdoc set size:73394 disposed:false
818 silly fetch manifest husky-v4@^4.3.8
819 silly packumentCache full:https://registry.npmjs.org/husky-v4 cache-miss
820 http fetch GET 200 https://registry.npmjs.org/husky-v4 463ms (cache revalidated)
821 silly packumentCache full:https://registry.npmjs.org/husky-v4 set size:22553 disposed:false
822 silly fetch manifest jsr@^0.12.1
823 silly packumentCache full:https://registry.npmjs.org/jsr cache-miss
824 http fetch GET 200 https://registry.npmjs.org/jsr 342ms (cache revalidated)
825 silly packumentCache full:https://registry.npmjs.org/jsr set size:79483 disposed:false
826 silly fetch manifest lint-staged@^15.2.0
827 silly packumentCache full:https://registry.npmjs.org/lint-staged cache-miss
828 http fetch GET 200 https://registry.npmjs.org/lint-staged 409ms (cache revalidated)
829 silly packumentCache full:https://registry.npmjs.org/lint-staged set size:990653 disposed:false
830 silly fetch manifest rimraf@^5.0.5
831 silly packumentCache full:https://registry.npmjs.org/rimraf cache-hit
832 silly fetch manifest rollup-plugin-cjs-check@^1.0.3
833 silly packumentCache full:https://registry.npmjs.org/rollup-plugin-cjs-check cache-miss
834 http fetch GET 200 https://registry.npmjs.org/rollup-plugin-cjs-check 401ms (cache revalidated)
835 silly packumentCache full:https://registry.npmjs.org/rollup-plugin-cjs-check set size:15150 disposed:false
836 silly fetch manifest rollup-plugin-dts@^6.1.0
837 silly packumentCache full:https://registry.npmjs.org/rollup-plugin-dts cache-miss
838 http fetch GET 200 https://registry.npmjs.org/rollup-plugin-dts 1518ms (cache revalidated)
839 silly packumentCache full:https://registry.npmjs.org/rollup-plugin-dts set size:278089 disposed:false
840 silly fetch manifest @typescript/typescript6@^6
841 silly packumentCache full:https://registry.npmjs.org/@typescript%2ftypescript6 cache-miss
842 http fetch GET 200 https://registry.npmjs.org/@typescript%2ftypescript6 1484ms (cache revalidated)
843 silly packumentCache full:https://registry.npmjs.org/@typescript%2ftypescript6 set size:7771 disposed:false
844 silly fetch manifest typescript@^5.3.3
845 silly packumentCache full:https://registry.npmjs.org/typescript cache-miss
846 http cache https://registry.npmjs.org/typescript 106ms (cache hit)
847 silly packumentCache full:https://registry.npmjs.org/typescript set size:15513951 disposed:false
848 silly fetch manifest graphql15@npm:graphql@^15.8.0
849 silly packumentCache full:https://registry.npmjs.org/graphql cache-miss
850 http fetch GET 200 https://registry.npmjs.org/graphql 243ms (cache revalidated)
851 silly packumentCache full:https://registry.npmjs.org/graphql set size:886172 disposed:false
852 silly fetch manifest graphql16@npm:graphql@^16.8.1
853 silly packumentCache full:https://registry.npmjs.org/graphql cache-hit
854 silly fetch manifest graphql17@npm:graphql@^17.0.0-alpha.3
855 silly packumentCache full:https://registry.npmjs.org/graphql cache-hit
856 silly placeDep ROOT @actions/core@1.11.1 OK for: @0no-co/graphql.web@1.2.0 want: ^1.10.0
857 silly placeDep ROOT @actions/github@5.1.1 OK for: @0no-co/graphql.web@1.2.0 want: ^5.1.1
858 silly placeDep ROOT @changesets/cli@2.31.1 OK for: @0no-co/graphql.web@1.2.0 want: ^2.27.1
859 silly placeDep ROOT @changesets/get-github-info@0.6.0 OK for: @0no-co/graphql.web@1.2.0 want: ^0.6.0
860 silly placeDep node_modules/.pnpm/@0no-co+graphql.web@1.2.0/node_modules/@0no-co/graphql.web @rollup/plugin-babel@6.1.0 OK for: @0no-co/graphql.web@1.2.0 want: ^6.0.4
861 silly placeDep node_modules/.pnpm/@0no-co+graphql.web@1.2.0/node_modules/@0no-co/graphql.web @rollup/plugin-commonjs@25.0.8 OK for: @0no-co/graphql.web@1.2.0 want: ^25.0.7
862 silly placeDep node_modules/.pnpm/@0no-co+graphql.web@1.2.0/node_modules/@0no-co/graphql.web rollup@4.62.4 OK for: @rollup/plugin-commonjs@25.0.8 want: ^2.68.0||^3.0.0||^4.0.0
863 silly placeDep node_modules/.pnpm/@0no-co+graphql.web@1.2.0/node_modules/@0no-co/graphql.web @rollup/plugin-node-resolve@15.3.1 OK for: @0no-co/graphql.web@1.2.0 want: ^15.2.3
864 silly placeDep node_modules/.pnpm/@0no-co+graphql.web@1.2.0/node_modules/@0no-co/graphql.web @rollup/plugin-terser@0.4.4 OK for: @0no-co/graphql.web@1.2.0 want: ^0.4.4
865 silly placeDep ROOT @typescript-eslint/eslint-plugin@6.21.0 OK for: @0no-co/graphql.web@1.2.0 want: ^6.20.0
866 silly placeDep ROOT @typescript-eslint/parser@6.21.0 OK for: @typescript-eslint/eslint-plugin@6.21.0 want: ^6.0.0 || ^6.0.0-alpha
867 silly placeDep ROOT @vitest/coverage-v8@1.6.1 OK for: @0no-co/graphql.web@1.2.0 want: ^1.2.2
868 silly placeDep ROOT vitest@1.6.1 OK for: @vitest/coverage-v8@1.6.1 want: 1.6.1
869 silly placeDep ROOT eslint-config-prettier@9.1.2 OK for: @0no-co/graphql.web@1.2.0 want: ^9.1.0
870 silly placeDep ROOT eslint-plugin-prettier@5.5.6 OK for: @0no-co/graphql.web@1.2.0 want: ^5.1.3
871 silly placeDep ROOT prettier@3.9.6 OK for: eslint-plugin-prettier@5.5.6 want: >=3.0.0
872 silly placeDep ROOT eslint-plugin-tsdoc@0.2.17 OK for: @0no-co/graphql.web@1.2.0 want: ^0.2.17
873 silly placeDep ROOT graphql15@15.10.2 OK for: @0no-co/graphql.web@1.2.0 want: npm:graphql@^15.8.0
874 silly placeDep ROOT graphql16@16.14.2 OK for: @0no-co/graphql.web@1.2.0 want: npm:graphql@^16.8.1
875 silly placeDep ROOT graphql17@17.0.2 OK for: @0no-co/graphql.web@1.2.0 want: npm:graphql@^17.0.0-alpha.3
876 silly placeDep ROOT husky-v4@4.3.8 OK for: @0no-co/graphql.web@1.2.0 want: ^4.3.8
877 silly placeDep ROOT jsr@0.12.4 OK for: @0no-co/graphql.web@1.2.0 want: ^0.12.1
878 silly placeDep ROOT lint-staged@15.5.2 OK for: @0no-co/graphql.web@1.2.0 want: ^15.2.0
879 silly placeDep node_modules/.pnpm/@0no-co+graphql.web@1.2.0/node_modules/@0no-co/graphql.web rimraf@5.0.10 OK for: @0no-co/graphql.web@1.2.0 want: ^5.0.5
880 silly placeDep node_modules/.pnpm/@0no-co+graphql.web@1.2.0/node_modules/@0no-co/graphql.web rollup-plugin-cjs-check@1.0.3 OK for: @0no-co/graphql.web@1.2.0 want: ^1.0.3
881 silly placeDep node_modules/.pnpm/@0no-co+graphql.web@1.2.0/node_modules/@0no-co/graphql.web rollup-plugin-dts@6.5.0 OK for: @0no-co/graphql.web@1.2.0 want: ^6.1.0
882 silly fetch manifest @actions/exec@^1.1.1
883 silly packumentCache full:https://registry.npmjs.org/@actions%2fexec cache-miss
884 http fetch GET 200 https://registry.npmjs.org/@actions%2fexec 699ms (cache revalidated)
885 silly packumentCache full:https://registry.npmjs.org/@actions%2fexec set size:24895 disposed:false
886 silly fetch manifest @actions/http-client@^2.0.1
887 silly packumentCache full:https://registry.npmjs.org/@actions%2fhttp-client cache-miss
888 http fetch GET 200 https://registry.npmjs.org/@actions%2fhttp-client 215ms (cache revalidated)
889 silly packumentCache full:https://registry.npmjs.org/@actions%2fhttp-client set size:70164 disposed:false
890 silly fetch manifest @octokit/core@^3.6.0
891 silly packumentCache full:https://registry.npmjs.org/@octokit%2fcore cache-miss
892 http fetch GET 200 https://registry.npmjs.org/@octokit%2fcore 566ms (cache revalidated)
893 silly packumentCache full:https://registry.npmjs.org/@octokit%2fcore set size:277492 disposed:false
894 silly fetch manifest @octokit/plugin-paginate-rest@^2.17.0
895 silly packumentCache full:https://registry.npmjs.org/@octokit%2fplugin-paginate-rest cache-miss
896 http fetch GET 200 https://registry.npmjs.org/@octokit%2fplugin-paginate-rest 310ms (cache revalidated)
897 silly packumentCache full:https://registry.npmjs.org/@octokit%2fplugin-paginate-rest set size:386112 disposed:false
898 silly fetch manifest @octokit/plugin-rest-endpoint-methods@^5.13.0
899 silly packumentCache full:https://registry.npmjs.org/@octokit%2fplugin-rest-endpoint-methods cache-miss
900 http fetch GET 200 https://registry.npmjs.org/@octokit%2fplugin-rest-endpoint-methods 1249ms (cache revalidated)
901 silly packumentCache full:https://registry.npmjs.org/@octokit%2fplugin-rest-endpoint-methods set size:696537 disposed:false
902 silly fetch manifest mri@^1.2.0
903 silly packumentCache full:https://registry.npmjs.org/mri cache-miss
904 http fetch GET 200 https://registry.npmjs.org/mri 780ms (cache revalidated)
905 silly packumentCache full:https://registry.npmjs.org/mri set size:28195 disposed:false
906 silly fetch manifest semver@^7.5.3
907 silly packumentCache full:https://registry.npmjs.org/semver cache-miss
908 http fetch GET 200 https://registry.npmjs.org/semver 513ms (cache revalidated)
909 silly packumentCache full:https://registry.npmjs.org/semver set size:246069 disposed:false
910 silly fetch manifest enquirer@^2.4.1
911 silly packumentCache full:https://registry.npmjs.org/enquirer cache-miss
912 http fetch GET 200 https://registry.npmjs.org/enquirer 347ms (cache revalidated)
913 silly packumentCache full:https://registry.npmjs.org/enquirer set size:203040 disposed:false
914 silly fetch manifest fs-extra@^7.0.1
915 silly packumentCache full:https://registry.npmjs.org/fs-extra cache-miss
916 http fetch GET 200 https://registry.npmjs.org/fs-extra 605ms (cache revalidated)
917 silly packumentCache full:https://registry.npmjs.org/fs-extra set size:239581 disposed:false
918 silly fetch manifest term-size@^2.1.0
919 silly packumentCache full:https://registry.npmjs.org/term-size cache-miss
920 http fetch GET 200 https://registry.npmjs.org/term-size 635ms (cache revalidated)
921 silly packumentCache full:https://registry.npmjs.org/term-size set size:33315 disposed:false
922 silly fetch manifest picocolors@^1.1.0
923 silly packumentCache full:https://registry.npmjs.org/picocolors cache-miss
924 http fetch GET 200 https://registry.npmjs.org/picocolors 794ms (cache revalidated)
925 silly packumentCache full:https://registry.npmjs.org/picocolors set size:16648 disposed:false
926 silly fetch manifest ansi-colors@^4.1.3
927 silly packumentCache full:https://registry.npmjs.org/ansi-colors cache-hit
928 silly fetch manifest spawndamnit@^3.0.1
929 silly packumentCache full:https://registry.npmjs.org/spawndamnit cache-miss
930 http fetch GET 200 https://registry.npmjs.org/spawndamnit 493ms (cache revalidated)
931 silly packumentCache full:https://registry.npmjs.org/spawndamnit set size:6448 disposed:false
932 silly fetch manifest resolve-from@^5.0.0
933 silly packumentCache full:https://registry.npmjs.org/resolve-from cache-miss
934 http fetch GET 200 https://registry.npmjs.org/resolve-from 2217ms (cache revalidated)
935 silly packumentCache full:https://registry.npmjs.org/resolve-from set size:12911 disposed:false
936 silly fetch manifest @changesets/git@^3.0.4
937 silly packumentCache full:https://registry.npmjs.org/@changesets%2fgit cache-miss
938 http fetch GET 200 https://registry.npmjs.org/@changesets%2fgit 1638ms (cache revalidated)
939 silly packumentCache full:https://registry.npmjs.org/@changesets%2fgit set size:104114 disposed:false
940 silly fetch manifest @changesets/pre@^2.0.2
941 silly packumentCache full:https://registry.npmjs.org/@changesets%2fpre cache-miss
942 http fetch GET 200 https://registry.npmjs.org/@changesets%2fpre 748ms (cache revalidated)
943 silly packumentCache full:https://registry.npmjs.org/@changesets%2fpre set size:72951 disposed:false
944 silly fetch manifest @changesets/read@^0.6.7
945 silly packumentCache full:https://registry.npmjs.org/@changesets%2fread cache-miss
946 http fetch GET 200 https://registry.npmjs.org/@changesets%2fread 1315ms (cache revalidated)
947 silly packumentCache full:https://registry.npmjs.org/@changesets%2fread set size:104805 disposed:false
948 silly fetch manifest @changesets/types@^6.1.0
949 silly packumentCache full:https://registry.npmjs.org/@changesets%2ftypes cache-miss
950 http fetch GET 200 https://registry.npmjs.org/@changesets%2ftypes 581ms (cache revalidated)
951 silly packumentCache full:https://registry.npmjs.org/@changesets%2ftypes set size:75595 disposed:false
952 silly fetch manifest @changesets/write@^0.4.0
953 silly packumentCache full:https://registry.npmjs.org/@changesets%2fwrite cache-miss
954 http fetch GET 200 https://registry.npmjs.org/@changesets%2fwrite 855ms (cache revalidated)
955 silly packumentCache full:https://registry.npmjs.org/@changesets%2fwrite set size:65403 disposed:false
956 silly fetch manifest @changesets/config@^3.1.4
957 silly packumentCache full:https://registry.npmjs.org/@changesets%2fconfig cache-miss
958 http fetch GET 200 https://registry.npmjs.org/@changesets%2fconfig 913ms (cache revalidated)
959 silly packumentCache full:https://registry.npmjs.org/@changesets%2fconfig set size:136086 disposed:false
960 silly fetch manifest @changesets/errors@^0.2.0
961 silly packumentCache full:https://registry.npmjs.org/@changesets%2ferrors cache-miss
962 http fetch GET 200 https://registry.npmjs.org/@changesets%2ferrors 557ms (cache revalidated)
963 silly packumentCache full:https://registry.npmjs.org/@changesets%2ferrors set size:22090 disposed:false
964 silly fetch manifest @changesets/logger@^0.1.1
965 silly packumentCache full:https://registry.npmjs.org/@changesets%2flogger cache-miss
966 http fetch GET 200 https://registry.npmjs.org/@changesets%2flogger 1425ms (cache revalidated)
967 silly packumentCache full:https://registry.npmjs.org/@changesets%2flogger set size:24612 disposed:false
968 silly fetch manifest @manypkg/get-packages@^1.1.3
969 silly packumentCache full:https://registry.npmjs.org/@manypkg%2fget-packages cache-miss
970 http fetch GET 200 https://registry.npmjs.org/@manypkg%2fget-packages 12866ms (cache revalidated)
971 silly packumentCache full:https://registry.npmjs.org/@manypkg%2fget-packages set size:28201 disposed:false
972 silly fetch manifest package-manager-detector@^0.2.0
973 silly packumentCache full:https://registry.npmjs.org/package-manager-detector cache-miss
974 http fetch GET 200 https://registry.npmjs.org/package-manager-detector 385ms (cache revalidated)
975 silly packumentCache full:https://registry.npmjs.org/package-manager-detector set size:71217 disposed:false
976 silly fetch manifest @changesets/changelog-git@^0.2.1
977 silly packumentCache full:https://registry.npmjs.org/@changesets%2fchangelog-git cache-miss
978 http fetch GET 200 https://registry.npmjs.org/@changesets%2fchangelog-git 1009ms (cache revalidated)
979 silly packumentCache full:https://registry.npmjs.org/@changesets%2fchangelog-git set size:61464 disposed:false
980 silly fetch manifest @inquirer/external-editor@^1.0.2
981 silly packumentCache full:https://registry.npmjs.org/@inquirer%2fexternal-editor cache-miss
982 http fetch GET 200 https://registry.npmjs.org/@inquirer%2fexternal-editor 295ms (cache revalidated)
983 silly packumentCache full:https://registry.npmjs.org/@inquirer%2fexternal-editor set size:41046 disposed:false
984 silly fetch manifest @changesets/get-release-plan@^4.0.16
985 silly packumentCache full:https://registry.npmjs.org/@changesets%2fget-release-plan cache-miss
986 http fetch GET 200 https://registry.npmjs.org/@changesets%2fget-release-plan 610ms (cache revalidated)
987 silly packumentCache full:https://registry.npmjs.org/@changesets%2fget-release-plan set size:161388 disposed:false
988 silly fetch manifest @changesets/apply-release-plan@^7.1.1
989 silly packumentCache full:https://registry.npmjs.org/@changesets%2fapply-release-plan cache-miss
990 http fetch GET 200 https://registry.npmjs.org/@changesets%2fapply-release-plan 606ms (cache revalidated)
991 silly packumentCache full:https://registry.npmjs.org/@changesets%2fapply-release-plan set size:192841 disposed:false
992 silly fetch manifest @changesets/should-skip-package@^0.1.2
993 silly packumentCache full:https://registry.npmjs.org/@changesets%2fshould-skip-package cache-miss
994 http fetch GET 200 https://registry.npmjs.org/@changesets%2fshould-skip-package 588ms (cache revalidated)
995 silly packumentCache full:https://registry.npmjs.org/@changesets%2fshould-skip-package set size:26818 disposed:false
996 silly fetch manifest @changesets/get-dependents-graph@^2.1.4
997 silly packumentCache full:https://registry.npmjs.org/@changesets%2fget-dependents-graph cache-miss
998 http fetch GET 200 https://registry.npmjs.org/@changesets%2fget-dependents-graph 1004ms (cache revalidated)
999 silly packumentCache full:https://registry.npmjs.org/@changesets%2fget-dependents-graph set size:81307 disposed:false
1000 silly fetch manifest @changesets/assemble-release-plan@^6.0.10
1001 silly packumentCache full:https://registry.npmjs.org/@changesets%2fassemble-release-plan cache-miss
1002 http fetch GET 200 https://registry.npmjs.org/@changesets%2fassemble-release-plan 634ms (cache revalidated)
1003 silly packumentCache full:https://registry.npmjs.org/@changesets%2fassemble-release-plan set size:147122 disposed:false
1004 silly fetch manifest dataloader@^1.4.0
1005 silly packumentCache full:https://registry.npmjs.org/dataloader cache-miss
1006 http fetch GET 200 https://registry.npmjs.org/dataloader 199ms (cache revalidated)
1007 silly packumentCache full:https://registry.npmjs.org/dataloader set size:59217 disposed:false
1008 silly fetch manifest node-fetch@^2.5.0
1009 silly packumentCache full:https://registry.npmjs.org/node-fetch cache-miss
1010 http fetch GET 200 https://registry.npmjs.org/node-fetch 314ms (cache revalidated)
1011 silly packumentCache full:https://registry.npmjs.org/node-fetch set size:896010 disposed:false
1012 silly fetch manifest @rollup/pluginutils@^5.0.1
1013 silly packumentCache full:https://registry.npmjs.org/@rollup%2fpluginutils cache-hit
1014 silly fetch manifest @babel/helper-module-imports@^7.18.6
1015 silly packumentCache full:https://registry.npmjs.org/@babel%2fhelper-module-imports cache-miss
1016 http fetch GET 200 https://registry.npmjs.org/@babel%2fhelper-module-imports 184ms (cache revalidated)
1017 silly packumentCache full:https://registry.npmjs.org/@babel%2fhelper-module-imports set size:203392 disposed:false
1018 silly fetch manifest glob@^8.0.3
1019 silly packumentCache full:https://registry.npmjs.org/glob cache-hit
1020 silly fetch manifest commondir@^1.0.1
1021 silly packumentCache full:https://registry.npmjs.org/commondir cache-miss
1022 http fetch GET 200 https://registry.npmjs.org/commondir 226ms (cache revalidated)
1023 silly packumentCache full:https://registry.npmjs.org/commondir set size:8375 disposed:false
1024 silly fetch manifest is-reference@1.2.1
1025 silly packumentCache full:https://registry.npmjs.org/is-reference cache-miss
1026 http fetch GET 200 https://registry.npmjs.org/is-reference 245ms (cache revalidated)
1027 silly packumentCache full:https://registry.npmjs.org/is-reference set size:35422 disposed:false
1028 silly fetch manifest magic-string@^0.30.3
1029 silly packumentCache full:https://registry.npmjs.org/magic-string cache-miss
1030 http fetch GET 200 https://registry.npmjs.org/magic-string 308ms (cache revalidated)
1031 silly packumentCache full:https://registry.npmjs.org/magic-string set size:336545 disposed:false
1032 silly fetch manifest estree-walker@^2.0.2
1033 silly packumentCache full:https://registry.npmjs.org/estree-walker cache-miss
1034 http fetch GET 200 https://registry.npmjs.org/estree-walker 224ms (cache revalidated)
1035 silly packumentCache full:https://registry.npmjs.org/estree-walker set size:60887 disposed:false
1036 silly fetch manifest @types/estree@1.0.9
1037 silly packumentCache full:https://registry.npmjs.org/@types%2festree cache-miss
1038 http fetch GET 200 https://registry.npmjs.org/@types%2festree 189ms (cache revalidated)
1039 silly packumentCache full:https://registry.npmjs.org/@types%2festree set size:76072 disposed:false
1040 silly fetch manifest @rollup/rollup-darwin-x64@4.62.4
1041 silly packumentCache full:https://registry.npmjs.org/@rollup%2frollup-darwin-x64 cache-miss
1042 http fetch GET 200 https://registry.npmjs.org/@rollup%2frollup-darwin-x64 189ms (cache revalidated)
1043 silly packumentCache full:https://registry.npmjs.org/@rollup%2frollup-darwin-x64 set size:346155 disposed:false
1044 silly fetch manifest @rollup/rollup-freebsd-x64@4.62.4
1045 silly packumentCache full:https://registry.npmjs.org/@rollup%2frollup-freebsd-x64 cache-miss
1046 http fetch GET 200 https://registry.npmjs.org/@rollup%2frollup-freebsd-x64 278ms (cache revalidated)
1047 silly packumentCache full:https://registry.npmjs.org/@rollup%2frollup-freebsd-x64 set size:198806 disposed:false
1048 silly fetch manifest @rollup/rollup-openbsd-x64@4.62.4
1049 silly packumentCache full:https://registry.npmjs.org/@rollup%2frollup-openbsd-x64 cache-miss
1050 http fetch GET 200 https://registry.npmjs.org/@rollup%2frollup-openbsd-x64 355ms (cache revalidated)
1051 silly packumentCache full:https://registry.npmjs.org/@rollup%2frollup-openbsd-x64 set size:43551 disposed:false
1052 silly fetch manifest @napi-rs/lzma-linux-x64-gnu@1.5.1
1053 silly packumentCache full:https://registry.npmjs.org/@napi-rs%2flzma-linux-x64-gnu cache-miss
1054 http fetch GET 200 https://registry.npmjs.org/@napi-rs%2flzma-linux-x64-gnu 202ms (cache revalidated)
1055 silly packumentCache full:https://registry.npmjs.org/@napi-rs%2flzma-linux-x64-gnu set size:31508 disposed:false
1056 silly fetch manifest @rollup/rollup-darwin-arm64@4.62.4
1057 silly packumentCache full:https://registry.npmjs.org/@rollup%2frollup-darwin-arm64 cache-miss
1058 http fetch GET 200 https://registry.npmjs.org/@rollup%2frollup-darwin-arm64 767ms (cache revalidated)
1059 silly packumentCache full:https://registry.npmjs.org/@rollup%2frollup-darwin-arm64 set size:351064 disposed:false
1060 silly fetch manifest @rollup/rollup-android-arm64@4.62.4
1061 silly packumentCache full:https://registry.npmjs.org/@rollup%2frollup-android-arm64 cache-miss
1062 http fetch GET 200 https://registry.npmjs.org/@rollup%2frollup-android-arm64 384ms (cache revalidated)
1063 silly packumentCache full:https://registry.npmjs.org/@rollup%2frollup-android-arm64 set size:352622 disposed:false
1064 silly fetch manifest @rollup/rollup-freebsd-arm64@4.62.4
1065 silly packumentCache full:https://registry.npmjs.org/@rollup%2frollup-freebsd-arm64 cache-miss
1066 http fetch GET 200 https://registry.npmjs.org/@rollup%2frollup-freebsd-arm64 550ms (cache revalidated)
1067 silly packumentCache full:https://registry.npmjs.org/@rollup%2frollup-freebsd-arm64 set size:200825 disposed:false
1068 silly fetch manifest @rollup/rollup-linux-x64-gnu@4.62.4
1069 silly packumentCache full:https://registry.npmjs.org/@rollup%2frollup-linux-x64-gnu cache-miss
1070 http fetch GET 200 https://registry.npmjs.org/@rollup%2frollup-linux-x64-gnu 391ms (cache revalidated)
1071 silly packumentCache full:https://registry.npmjs.org/@rollup%2frollup-linux-x64-gnu set size:353494 disposed:false
1072 silly fetch manifest @rollup/rollup-win32-x64-gnu@4.62.4
1073 silly packumentCache full:https://registry.npmjs.org/@rollup%2frollup-win32-x64-gnu cache-miss
1074 http fetch GET 200 https://registry.npmjs.org/@rollup%2frollup-win32-x64-gnu 226ms (cache revalidated)
1075 silly packumentCache full:https://registry.npmjs.org/@rollup%2frollup-win32-x64-gnu set size:74240 disposed:false
1076 silly fetch manifest @rollup/rollup-linux-x64-musl@4.62.4
1077 silly packumentCache full:https://registry.npmjs.org/@rollup%2frollup-linux-x64-musl cache-miss
1078 http fetch GET 200 https://registry.npmjs.org/@rollup%2frollup-linux-x64-musl 548ms (cache revalidated)
1079 silly packumentCache full:https://registry.npmjs.org/@rollup%2frollup-linux-x64-musl set size:352884 disposed:false
1080 silly fetch manifest @rollup/rollup-win32-x64-msvc@4.62.4
1081 silly packumentCache full:https://registry.npmjs.org/@rollup%2frollup-win32-x64-msvc cache-miss
1082 http fetch GET 200 https://registry.npmjs.org/@rollup%2frollup-win32-x64-msvc 331ms (cache revalidated)
1083 silly packumentCache full:https://registry.npmjs.org/@rollup%2frollup-win32-x64-msvc set size:351198 disposed:false
1084 silly fetch manifest @rollup/rollup-linux-arm64-gnu@4.62.4
1085 silly packumentCache full:https://registry.npmjs.org/@rollup%2frollup-linux-arm64-gnu cache-miss
1086 http fetch GET 200 https://registry.npmjs.org/@rollup%2frollup-linux-arm64-gnu 1197ms (cache revalidated)
1087 silly packumentCache full:https://registry.npmjs.org/@rollup%2frollup-linux-arm64-gnu set size:358465 disposed:false
1088 silly fetch manifest @rollup/rollup-linux-ppc64-gnu@4.62.4
1089 silly packumentCache full:https://registry.npmjs.org/@rollup%2frollup-linux-ppc64-gnu cache-miss
1090 http fetch GET 200 https://registry.npmjs.org/@rollup%2frollup-linux-ppc64-gnu 685ms (cache revalidated)
1091 silly packumentCache full:https://registry.npmjs.org/@rollup%2frollup-linux-ppc64-gnu set size:103150 disposed:false
1092 silly fetch manifest @rollup/rollup-linux-s390x-gnu@4.62.4
1093 silly packumentCache full:https://registry.npmjs.org/@rollup%2frollup-linux-s390x-gnu cache-miss
1094 http fetch GET 200 https://registry.npmjs.org/@rollup%2frollup-linux-s390x-gnu 302ms (cache revalidated)
1095 silly packumentCache full:https://registry.npmjs.org/@rollup%2frollup-linux-s390x-gnu set size:258315 disposed:false
1096 silly fetch manifest @rollup/rollup-win32-ia32-msvc@4.62.4
1097 silly packumentCache full:https://registry.npmjs.org/@rollup%2frollup-win32-ia32-msvc cache-miss
1098 http fetch GET 200 https://registry.npmjs.org/@rollup%2frollup-win32-ia32-msvc 209ms (cache revalidated)
1099 silly packumentCache full:https://registry.npmjs.org/@rollup%2frollup-win32-ia32-msvc set size:354609 disposed:false
1100 silly fetch manifest @rollup/rollup-android-arm-eabi@4.62.4
1101 silly packumentCache full:https://registry.npmjs.org/@rollup%2frollup-android-arm-eabi cache-miss
1102 http fetch GET 200 https://registry.npmjs.org/@rollup%2frollup-android-arm-eabi 193ms (cache revalidated)
1103 silly packumentCache full:https://registry.npmjs.org/@rollup%2frollup-android-arm-eabi set size:356159 disposed:false
1104 silly fetch manifest @rollup/rollup-linux-arm64-musl@4.62.4
1105 silly packumentCache full:https://registry.npmjs.org/@rollup%2frollup-linux-arm64-musl cache-miss
1106 http fetch GET 200 https://registry.npmjs.org/@rollup%2frollup-linux-arm64-musl 1946ms (cache revalidated)
1107 silly packumentCache full:https://registry.npmjs.org/@rollup%2frollup-linux-arm64-musl set size:313896 disposed:false
1108 silly fetch manifest @rollup/rollup-linux-ppc64-musl@4.62.4
1109 silly packumentCache full:https://registry.npmjs.org/@rollup%2frollup-linux-ppc64-musl cache-miss
1110 http fetch GET 200 https://registry.npmjs.org/@rollup%2frollup-linux-ppc64-musl 187ms (cache revalidated)
1111 silly packumentCache full:https://registry.npmjs.org/@rollup%2frollup-linux-ppc64-musl set size:44718 disposed:false
1112 silly fetch manifest @rollup/rollup-win32-arm64-msvc@4.62.4
1113 silly packumentCache full:https://registry.npmjs.org/@rollup%2frollup-win32-arm64-msvc cache-miss
1114 http fetch GET 200 https://registry.npmjs.org/@rollup%2frollup-win32-arm64-msvc 238ms (cache revalidated)
1115 silly packumentCache full:https://registry.npmjs.org/@rollup%2frollup-win32-arm64-msvc set size:356150 disposed:false
1116 silly fetch manifest @rollup/rollup-linux-loong64-gnu@4.62.4
1117 silly packumentCache full:https://registry.npmjs.org/@rollup%2frollup-linux-loong64-gnu cache-miss
1118 http fetch GET 200 https://registry.npmjs.org/@rollup%2frollup-linux-loong64-gnu 358ms (cache revalidated)
1119 silly packumentCache full:https://registry.npmjs.org/@rollup%2frollup-linux-loong64-gnu set size:83040 disposed:false
1120 silly fetch manifest @rollup/rollup-linux-riscv64-gnu@4.62.4
1121 silly packumentCache full:https://registry.npmjs.org/@rollup%2frollup-linux-riscv64-gnu cache-miss
1122 http fetch GET 200 https://registry.npmjs.org/@rollup%2frollup-linux-riscv64-gnu 397ms (cache revalidated)
1123 silly packumentCache full:https://registry.npmjs.org/@rollup%2frollup-linux-riscv64-gnu set size:284727 disposed:false
1124 silly fetch manifest @rollup/rollup-openharmony-arm64@4.62.4
1125 silly packumentCache full:https://registry.npmjs.org/@rollup%2frollup-openharmony-arm64 cache-miss
1126 http fetch GET 200 https://registry.npmjs.org/@rollup%2frollup-openharmony-arm64 229ms (cache revalidated)
1127 silly packumentCache full:https://registry.npmjs.org/@rollup%2frollup-openharmony-arm64 set size:83828 disposed:false
1128 silly fetch manifest @rollup/rollup-linux-loong64-musl@4.62.4
1129 silly packumentCache full:https://registry.npmjs.org/@rollup%2frollup-linux-loong64-musl cache-miss
1130 http fetch GET 200 https://registry.npmjs.org/@rollup%2frollup-linux-loong64-musl 265ms (cache revalidated)
1131 silly packumentCache full:https://registry.npmjs.org/@rollup%2frollup-linux-loong64-musl set size:45087 disposed:false
1132 silly fetch manifest @rollup/rollup-linux-riscv64-musl@4.62.4
1133 silly packumentCache full:https://registry.npmjs.org/@rollup%2frollup-linux-riscv64-musl cache-miss
1134 http fetch GET 200 https://registry.npmjs.org/@rollup%2frollup-linux-riscv64-musl 1765ms (cache revalidated)
1135 silly packumentCache full:https://registry.npmjs.org/@rollup%2frollup-linux-riscv64-musl set size:130752 disposed:false
1136 silly fetch manifest @rollup/rollup-linux-arm-gnueabihf@4.62.4
1137 silly packumentCache full:https://registry.npmjs.org/@rollup%2frollup-linux-arm-gnueabihf cache-miss
1138 http fetch GET 200 https://registry.npmjs.org/@rollup%2frollup-linux-arm-gnueabihf 202ms (cache revalidated)
1139 silly packumentCache full:https://registry.npmjs.org/@rollup%2frollup-linux-arm-gnueabihf set size:362146 disposed:false
1140 silly fetch manifest @rollup/rollup-linux-arm-musleabihf@4.62.4
1141 silly packumentCache full:https://registry.npmjs.org/@rollup%2frollup-linux-arm-musleabihf cache-miss
1142 http fetch GET 200 https://registry.npmjs.org/@rollup%2frollup-linux-arm-musleabihf 239ms (cache revalidated)
1143 silly packumentCache full:https://registry.npmjs.org/@rollup%2frollup-linux-arm-musleabihf set size:256363 disposed:false
1144 silly fetch manifest resolve@^1.22.1
1145 silly packumentCache full:https://registry.npmjs.org/resolve cache-hit
1146 silly fetch manifest deepmerge@^4.2.2
1147 silly packumentCache full:https://registry.npmjs.org/deepmerge cache-miss
1148 http fetch GET 200 https://registry.npmjs.org/deepmerge 215ms (cache revalidated)
1149 silly packumentCache full:https://registry.npmjs.org/deepmerge set size:101897 disposed:false
1150 silly fetch manifest is-module@^1.0.0
1151 silly packumentCache full:https://registry.npmjs.org/is-module cache-miss
1152 http fetch GET 200 https://registry.npmjs.org/is-module 201ms (cache revalidated)
1153 silly packumentCache full:https://registry.npmjs.org/is-module set size:4216 disposed:false
1154 silly fetch manifest @types/resolve@1.20.2
1155 silly packumentCache full:https://registry.npmjs.org/@types%2fresolve cache-miss
1156 http fetch GET 200 https://registry.npmjs.org/@types%2fresolve 1440ms (cache revalidated)
1157 silly packumentCache full:https://registry.npmjs.org/@types%2fresolve set size:36189 disposed:false
1158 silly fetch manifest smob@^1.0.0
1159 silly packumentCache full:https://registry.npmjs.org/smob cache-miss
1160 http fetch GET 200 https://registry.npmjs.org/smob 1429ms (cache revalidated)
1161 silly packumentCache full:https://registry.npmjs.org/smob set size:62549 disposed:false
1162 silly fetch manifest serialize-javascript@^6.0.1
1163 silly packumentCache full:https://registry.npmjs.org/serialize-javascript cache-hit
1164 silly fetch manifest debug@^4.3.4
1165 silly packumentCache full:https://registry.npmjs.org/debug cache-hit
1166 silly fetch manifest ignore@^5.2.4
1167 silly packumentCache full:https://registry.npmjs.org/ignore cache-hit
1168 silly fetch manifest semver@^7.5.4
1169 silly packumentCache full:https://registry.npmjs.org/semver cache-hit
1170 silly fetch manifest ts-api-utils@^1.0.1
1171 silly packumentCache full:https://registry.npmjs.org/ts-api-utils cache-miss
1172 http fetch GET 200 https://registry.npmjs.org/ts-api-utils 907ms (cache revalidated)
1173 silly packumentCache full:https://registry.npmjs.org/ts-api-utils set size:226785 disposed:false
1174 silly fetch manifest @typescript-eslint/utils@6.21.0
1175 silly packumentCache full:https://registry.npmjs.org/@typescript-eslint%2futils cache-miss
1176 http cache https://registry.npmjs.org/@typescript-eslint%2futils 78ms (cache hit)
1177 silly packumentCache full:https://registry.npmjs.org/@typescript-eslint%2futils set size:10630491 disposed:false
1178 silly fetch manifest @eslint-community/regexpp@^4.5.1
1179 silly packumentCache full:https://registry.npmjs.org/@eslint-community%2fregexpp cache-hit
1180 silly fetch manifest @typescript-eslint/type-utils@6.21.0
1181 silly packumentCache full:https://registry.npmjs.org/@typescript-eslint%2ftype-utils cache-miss
1182 http cache https://registry.npmjs.org/@typescript-eslint%2ftype-utils 86ms (cache hit)
1183 silly packumentCache full:https://registry.npmjs.org/@typescript-eslint%2ftype-utils set size:9738822 disposed:false
1184 silly fetch manifest @typescript-eslint/visitor-keys@6.21.0
1185 silly packumentCache full:https://registry.npmjs.org/@typescript-eslint%2fvisitor-keys cache-miss
1186 http fetch GET 200 https://registry.npmjs.org/@typescript-eslint%2fvisitor-keys 1094ms (cache revalidated)
1187 silly packumentCache full:https://registry.npmjs.org/@typescript-eslint%2fvisitor-keys set size:12233369 disposed:false
1188 silly fetch manifest @typescript-eslint/scope-manager@6.21.0
1189 silly packumentCache full:https://registry.npmjs.org/@typescript-eslint%2fscope-manager cache-miss
1190 http cache https://registry.npmjs.org/@typescript-eslint%2fscope-manager 104ms (cache hit)
1191 silly packumentCache full:https://registry.npmjs.org/@typescript-eslint%2fscope-manager set size:12865607 disposed:false
1192 silly fetch manifest @typescript-eslint/types@6.21.0
1193 silly packumentCache full:https://registry.npmjs.org/@typescript-eslint%2ftypes cache-miss
1194 http cache https://registry.npmjs.org/@typescript-eslint%2ftypes 132ms (cache hit)
1195 silly packumentCache full:https://registry.npmjs.org/@typescript-eslint%2ftypes set size:12685870 disposed:false
1196 silly fetch manifest @typescript-eslint/typescript-estree@6.21.0
1197 silly packumentCache full:https://registry.npmjs.org/@typescript-eslint%2ftypescript-estree cache-miss
1198 http cache https://registry.npmjs.org/@typescript-eslint%2ftypescript-estree 193ms (cache hit)
1199 silly packumentCache full:https://registry.npmjs.org/@typescript-eslint%2ftypescript-estree set size:16857921 disposed:false
1200 silly fetch manifest std-env@^3.5.0
1201 silly packumentCache full:https://registry.npmjs.org/std-env cache-miss
1202 http fetch GET 200 https://registry.npmjs.org/std-env 979ms (cache revalidated)
1203 silly packumentCache full:https://registry.npmjs.org/std-env set size:90491 disposed:false
1204 silly fetch manifest magicast@^0.3.3
1205 silly packumentCache full:https://registry.npmjs.org/magicast cache-miss
1206 http fetch GET 200 https://registry.npmjs.org/magicast 3168ms (cache revalidated)
1207 silly packumentCache full:https://registry.npmjs.org/magicast set size:87467 disposed:false
1208 silly fetch manifest picocolors@^1.0.0
1209 silly packumentCache full:https://registry.npmjs.org/picocolors cache-hit
1210 silly fetch manifest magic-string@^0.30.5
1211 silly packumentCache full:https://registry.npmjs.org/magic-string cache-hit
1212 silly fetch manifest strip-literal@^2.0.0
1213 silly packumentCache full:https://registry.npmjs.org/strip-literal cache-miss
1214 http fetch GET 200 https://registry.npmjs.org/strip-literal 1825ms (cache revalidated)
1215 silly packumentCache full:https://registry.npmjs.org/strip-literal set size:47617 disposed:false
1216 silly fetch manifest istanbul-reports@^3.1.6
1217 silly packumentCache full:https://registry.npmjs.org/istanbul-reports cache-hit
1218 silly fetch manifest istanbul-lib-report@^3.0.1
1219 silly packumentCache full:https://registry.npmjs.org/istanbul-lib-report cache-hit
1220 silly fetch manifest @ampproject/remapping@^2.2.1
1221 silly packumentCache full:https://registry.npmjs.org/@ampproject%2fremapping cache-miss
1222 http fetch GET 200 https://registry.npmjs.org/@ampproject%2fremapping 3790ms (cache revalidated)
1223 silly packumentCache full:https://registry.npmjs.org/@ampproject%2fremapping set size:88598 disposed:false
1224 silly fetch manifest istanbul-lib-coverage@^3.2.2
1225 silly packumentCache full:https://registry.npmjs.org/istanbul-lib-coverage cache-hit
1226 silly fetch manifest istanbul-lib-source-maps@^5.0.4
1227 silly packumentCache full:https://registry.npmjs.org/istanbul-lib-source-maps cache-miss
1228 http fetch GET 200 https://registry.npmjs.org/istanbul-lib-source-maps 689ms (cache revalidated)
1229 silly packumentCache full:https://registry.npmjs.org/istanbul-lib-source-maps set size:104683 disposed:false
1230 silly fetch manifest chai@^4.3.10
1231 silly packumentCache full:https://registry.npmjs.org/chai cache-miss
1232 http fetch GET 200 https://registry.npmjs.org/chai 563ms (cache revalidated)
1233 silly packumentCache full:https://registry.npmjs.org/chai set size:232540 disposed:false
1234 silly fetch manifest vite@^5.0.0
1235 silly packumentCache full:https://registry.npmjs.org/vite cache-miss
1236 http fetch GET 200 https://registry.npmjs.org/vite 1109ms (cache revalidated)
1237 silly packumentCache full:https://registry.npmjs.org/vite set size:38918610 disposed:false
1238 silly fetch manifest execa@^8.0.1
1239 silly packumentCache full:https://registry.npmjs.org/execa cache-miss
1240 http fetch GET 200 https://registry.npmjs.org/execa 4017ms (cache revalidated)
1241 silly packumentCache full:https://registry.npmjs.org/execa set size:188760 disposed:false
1242 silly fetch manifest pathe@^1.1.1
1243 silly packumentCache full:https://registry.npmjs.org/pathe cache-miss
1244 http fetch GET 200 https://registry.npmjs.org/pathe 381ms (cache revalidated)
1245 silly packumentCache full:https://registry.npmjs.org/pathe set size:68788 disposed:false
1246 silly fetch manifest tinypool@^0.8.3
1247 silly packumentCache full:https://registry.npmjs.org/tinypool cache-miss
1248 http fetch GET 200 https://registry.npmjs.org/tinypool 612ms (cache revalidated)
1249 silly packumentCache full:https://registry.npmjs.org/tinypool set size:90796 disposed:false
1250 silly fetch manifest local-pkg@^0.5.0
1251 silly packumentCache full:https://registry.npmjs.org/local-pkg cache-miss
1252 http fetch GET 200 https://registry.npmjs.org/local-pkg 1949ms (cache revalidated)
1253 silly packumentCache full:https://registry.npmjs.org/local-pkg set size:42521 disposed:false
1254 silly fetch manifest tinybench@^2.5.1
1255 silly packumentCache full:https://registry.npmjs.org/tinybench cache-miss
1256 http fetch GET 200 https://registry.npmjs.org/tinybench 491ms (cache revalidated)
1257 silly packumentCache full:https://registry.npmjs.org/tinybench set size:173197 disposed:false
1258 silly fetch manifest vite-node@1.6.1
1259 silly packumentCache full:https://registry.npmjs.org/vite-node cache-miss
1260 http fetch GET 200 https://registry.npmjs.org/vite-node 1641ms (cache revalidated)
1261 silly packumentCache full:https://registry.npmjs.org/vite-node set size:1079451 disposed:false
1262 silly fetch manifest acorn-walk@^8.3.2
1263 silly packumentCache full:https://registry.npmjs.org/acorn-walk cache-miss
1264 http fetch GET 200 https://registry.npmjs.org/acorn-walk 481ms (cache revalidated)
1265 silly packumentCache full:https://registry.npmjs.org/acorn-walk set size:49813 disposed:false
1266 silly fetch manifest @vitest/spy@1.6.1
1267 silly packumentCache full:https://registry.npmjs.org/@vitest%2fspy cache-miss
1268 http fetch GET 200 https://registry.npmjs.org/@vitest%2fspy 623ms (cache revalidated)
1269 silly packumentCache full:https://registry.npmjs.org/@vitest%2fspy set size:449888 disposed:false
1270 silly fetch manifest @vitest/utils@1.6.1
1271 silly packumentCache full:https://registry.npmjs.org/@vitest%2futils cache-miss
1272 http fetch GET 200 https://registry.npmjs.org/@vitest%2futils 343ms (cache revalidated)
1273 silly packumentCache full:https://registry.npmjs.org/@vitest%2futils set size:583797 disposed:false
1274 silly fetch manifest @vitest/expect@1.6.1
1275 silly packumentCache full:https://registry.npmjs.org/@vitest%2fexpect cache-miss
1276 http fetch GET 200 https://registry.npmjs.org/@vitest%2fexpect 659ms (cache revalidated)
1277 silly packumentCache full:https://registry.npmjs.org/@vitest%2fexpect set size:485781 disposed:false
1278 silly fetch manifest @vitest/runner@1.6.1
1279 silly packumentCache full:https://registry.npmjs.org/@vitest%2frunner cache-miss
1280 http fetch GET 200 https://registry.npmjs.org/@vitest%2frunner 381ms (cache revalidated)
1281 silly packumentCache full:https://registry.npmjs.org/@vitest%2frunner set size:466000 disposed:false
1282 silly fetch manifest @vitest/snapshot@1.6.1
1283 silly packumentCache full:https://registry.npmjs.org/@vitest%2fsnapshot cache-miss
1284 http fetch GET 200 https://registry.npmjs.org/@vitest%2fsnapshot 308ms (cache revalidated)
1285 silly packumentCache full:https://registry.npmjs.org/@vitest%2fsnapshot set size:460165 disposed:false
1286 silly fetch manifest why-is-node-running@^2.2.2
1287 silly packumentCache full:https://registry.npmjs.org/why-is-node-running cache-miss
1288 http fetch GET 200 https://registry.npmjs.org/why-is-node-running 387ms (cache revalidated)
1289 silly packumentCache full:https://registry.npmjs.org/why-is-node-running set size:50482 disposed:false
1290 silly fetch manifest prettier-linter-helpers@^1.0.1
1291 silly packumentCache full:https://registry.npmjs.org/prettier-linter-helpers cache-miss
1292 http fetch GET 200 https://registry.npmjs.org/prettier-linter-helpers 398ms (cache revalidated)
1293 silly packumentCache full:https://registry.npmjs.org/prettier-linter-helpers set size:11087 disposed:false
1294 silly fetch manifest synckit@^0.11.13
1295 silly packumentCache full:https://registry.npmjs.org/synckit cache-miss
1296 http fetch GET 200 https://registry.npmjs.org/synckit 307ms (cache revalidated)
1297 silly packumentCache full:https://registry.npmjs.org/synckit set size:161648 disposed:false
1298 silly fetch manifest @microsoft/tsdoc@0.14.2
1299 silly packumentCache full:https://registry.npmjs.org/@microsoft%2ftsdoc cache-miss
1300 http fetch GET 200 https://registry.npmjs.org/@microsoft%2ftsdoc 497ms (cache revalidated)
1301 silly packumentCache full:https://registry.npmjs.org/@microsoft%2ftsdoc set size:139340 disposed:false
1302 silly fetch manifest @microsoft/tsdoc-config@0.16.2
1303 silly packumentCache full:https://registry.npmjs.org/@microsoft%2ftsdoc-config cache-miss
1304 http fetch GET 200 https://registry.npmjs.org/@microsoft%2ftsdoc-config 2442ms (cache revalidated)
1305 silly packumentCache full:https://registry.npmjs.org/@microsoft%2ftsdoc-config set size:65831 disposed:false
1306 silly fetch manifest ci-info@^2.0.0
1307 silly packumentCache full:https://registry.npmjs.org/ci-info cache-miss
1308 http fetch GET 200 https://registry.npmjs.org/ci-info 510ms (cache revalidated)
1309 silly packumentCache full:https://registry.npmjs.org/ci-info set size:91363 disposed:false
1310 silly fetch manifest compare-versions@^3.6.0
1311 silly packumentCache full:https://registry.npmjs.org/compare-versions cache-miss
1312 http fetch GET 200 https://registry.npmjs.org/compare-versions 698ms (cache revalidated)
1313 silly packumentCache full:https://registry.npmjs.org/compare-versions set size:84298 disposed:false
1314 silly fetch manifest cosmiconfig@^7.0.0
1315 silly packumentCache full:https://registry.npmjs.org/cosmiconfig cache-miss
1316 http fetch GET 200 https://registry.npmjs.org/cosmiconfig 306ms (cache revalidated)
1317 silly packumentCache full:https://registry.npmjs.org/cosmiconfig set size:232521 disposed:false
1318 silly fetch manifest find-versions@^4.0.0
1319 silly packumentCache full:https://registry.npmjs.org/find-versions cache-miss
1320 http fetch GET 200 https://registry.npmjs.org/find-versions 607ms (cache revalidated)
1321 silly packumentCache full:https://registry.npmjs.org/find-versions set size:35756 disposed:false
1322 silly fetch manifest opencollective-postinstall@^2.0.2
1323 silly packumentCache full:https://registry.npmjs.org/opencollective-postinstall cache-miss
1324 http fetch GET 200 https://registry.npmjs.org/opencollective-postinstall 1109ms (cache revalidated)
1325 silly packumentCache full:https://registry.npmjs.org/opencollective-postinstall set size:50061 disposed:false
1326 silly fetch manifest pkg-dir@^5.0.0
1327 silly packumentCache full:https://registry.npmjs.org/pkg-dir cache-miss
1328 http fetch GET 200 https://registry.npmjs.org/pkg-dir 539ms (cache revalidated)
1329 silly packumentCache full:https://registry.npmjs.org/pkg-dir set size:30166 disposed:false
1330 silly fetch manifest please-upgrade-node@^3.2.0
1331 silly packumentCache full:https://registry.npmjs.org/please-upgrade-node cache-miss
1332 http fetch GET 200 https://registry.npmjs.org/please-upgrade-node 223ms (cache revalidated)
1333 silly packumentCache full:https://registry.npmjs.org/please-upgrade-node set size:22276 disposed:false
1334 silly fetch manifest slash@^3.0.0
1335 silly packumentCache full:https://registry.npmjs.org/slash cache-miss
1336 http fetch GET 200 https://registry.npmjs.org/slash 239ms (cache revalidated)
1337 silly packumentCache full:https://registry.npmjs.org/slash set size:20337 disposed:false
1338 silly fetch manifest which-pm-runs@^1.0.0
1339 silly packumentCache full:https://registry.npmjs.org/which-pm-runs cache-miss
1340 http fetch GET 200 https://registry.npmjs.org/which-pm-runs 344ms (cache revalidated)
1341 silly packumentCache full:https://registry.npmjs.org/which-pm-runs set size:6553 disposed:false
1342 silly fetch manifest semiver@^1.1.0
1343 silly packumentCache full:https://registry.npmjs.org/semiver cache-miss
1344 http fetch GET 200 https://registry.npmjs.org/semiver 329ms (cache revalidated)
1345 silly packumentCache full:https://registry.npmjs.org/semiver set size:13297 disposed:false
1346 silly fetch manifest kolorist@^1.8.0
1347 silly packumentCache full:https://registry.npmjs.org/kolorist cache-miss
1348 http fetch GET 200 https://registry.npmjs.org/kolorist 334ms (cache revalidated)
1349 silly packumentCache full:https://registry.npmjs.org/kolorist set size:68380 disposed:false
1350 silly fetch manifest node-stream-zip@^1.15.0
1351 silly packumentCache full:https://registry.npmjs.org/node-stream-zip cache-miss
1352 http fetch GET 200 https://registry.npmjs.org/node-stream-zip 827ms (cache revalidated)
1353 silly packumentCache full:https://registry.npmjs.org/node-stream-zip set size:114645 disposed:false
1354 silly fetch manifest yaml@^2.7.0
1355 silly packumentCache full:https://registry.npmjs.org/yaml cache-miss
1356 http fetch GET 200 https://registry.npmjs.org/yaml 219ms (cache revalidated)
1357 silly packumentCache full:https://registry.npmjs.org/yaml set size:385754 disposed:false
1358 silly fetch manifest chalk@^5.4.1
1359 silly packumentCache full:https://registry.npmjs.org/chalk cache-hit
1360 silly fetch manifest debug@^4.4.0
1361 silly packumentCache full:https://registry.npmjs.org/debug cache-hit
1362 silly fetch manifest listr2@^8.2.5
1363 silly packumentCache full:https://registry.npmjs.org/listr2 cache-miss
1364 http fetch GET 200 https://registry.npmjs.org/listr2 263ms (cache revalidated)
1365 silly packumentCache full:https://registry.npmjs.org/listr2 set size:1084195 disposed:false
1366 silly fetch manifest pidtree@^0.6.0
1367 silly packumentCache full:https://registry.npmjs.org/pidtree cache-hit
1368 silly fetch manifest commander@^13.1.0
1369 silly packumentCache full:https://registry.npmjs.org/commander cache-hit
1370 silly fetch manifest lilconfig@^3.1.3
1371 silly packumentCache full:https://registry.npmjs.org/lilconfig cache-miss
1372 http fetch GET 200 https://registry.npmjs.org/lilconfig 921ms (cache revalidated)
1373 silly packumentCache full:https://registry.npmjs.org/lilconfig set size:45636 disposed:false
1374 silly fetch manifest micromatch@^4.0.8
1375 silly packumentCache full:https://registry.npmjs.org/micromatch cache-miss
1376 http fetch GET 200 https://registry.npmjs.org/micromatch 498ms (cache revalidated)
1377 silly packumentCache full:https://registry.npmjs.org/micromatch set size:240630 disposed:false
1378 silly fetch manifest string-argv@^0.3.2
1379 silly packumentCache full:https://registry.npmjs.org/string-argv cache-miss
1380 http fetch GET 200 https://registry.npmjs.org/string-argv 749ms (cache revalidated)
1381 silly packumentCache full:https://registry.npmjs.org/string-argv set size:28606 disposed:false
1382 silly fetch manifest glob@^10.3.7
1383 silly packumentCache full:https://registry.npmjs.org/glob cache-hit
1384 silly fetch manifest @rollup/pluginutils@^5.1.0
1385 silly packumentCache full:https://registry.npmjs.org/@rollup%2fpluginutils cache-hit
1386 silly fetch manifest cjs-module-lexer@^1.2.3
1387 silly packumentCache full:https://registry.npmjs.org/cjs-module-lexer cache-miss
1388 http fetch GET 200 https://registry.npmjs.org/cjs-module-lexer 228ms (cache revalidated)
1389 silly packumentCache full:https://registry.npmjs.org/cjs-module-lexer set size:147092 disposed:false
1390 silly fetch manifest magic-string@^1.1.0
1391 silly packumentCache full:https://registry.npmjs.org/magic-string cache-hit
1392 silly fetch manifest convert-source-map@^2.0.0
1393 silly packumentCache full:https://registry.npmjs.org/convert-source-map cache-miss
1394 http fetch GET 200 https://registry.npmjs.org/convert-source-map 262ms (cache revalidated)
1395 silly packumentCache full:https://registry.npmjs.org/convert-source-map set size:66997 disposed:false
1396 silly fetch manifest @jridgewell/remapping@^2.3.5
1397 silly packumentCache full:https://registry.npmjs.org/@jridgewell%2fremapping cache-miss
1398 http fetch GET 200 https://registry.npmjs.org/@jridgewell%2fremapping 751ms (cache revalidated)
1399 silly packumentCache full:https://registry.npmjs.org/@jridgewell%2fremapping set size:23809 disposed:false
1400 silly fetch manifest @babel/code-frame@^8.0.0
1401 silly packumentCache full:https://registry.npmjs.org/@babel%2fcode-frame cache-miss
1402 http fetch GET 200 https://registry.npmjs.org/@babel%2fcode-frame 721ms (cache revalidated)
1403 silly packumentCache full:https://registry.npmjs.org/@babel%2fcode-frame set size:206617 disposed:false
1404 silly fetch manifest @sinclair/hammer@^0.17.1
1405 silly packumentCache full:https://registry.npmjs.org/@sinclair%2fhammer cache-miss
1406 http fetch GET 200 https://registry.npmjs.org/@sinclair%2fhammer 949ms (cache revalidated)
1407 silly packumentCache full:https://registry.npmjs.org/@sinclair%2fhammer set size:178408 disposed:false
1408 silly fetch manifest @typescript/native-preview@^7.0.0-dev.20260203.1
1409 silly packumentCache full:https://registry.npmjs.org/@typescript%2fnative-preview cache-miss
1410 http fetch GET 200 https://registry.npmjs.org/@typescript%2fnative-preview 1017ms (cache revalidated)
1411 silly packumentCache full:https://registry.npmjs.org/@typescript%2fnative-preview set size:1218523 disposed:false
1412 silly fetch manifest @types/chai@^4.3.3
1413 silly packumentCache full:https://registry.npmjs.org/@types%2fchai cache-miss
1414 http fetch GET 200 https://registry.npmjs.org/@types%2fchai 1817ms (cache revalidated)
1415 silly packumentCache full:https://registry.npmjs.org/@types%2fchai set size:226260 disposed:false
1416 silly fetch manifest @types/mocha@^9.1.1
1417 silly packumentCache full:https://registry.npmjs.org/@types%2fmocha cache-miss
1418 http fetch GET 200 https://registry.npmjs.org/@types%2fmocha 570ms (cache revalidated)
1419 silly packumentCache full:https://registry.npmjs.org/@types%2fmocha set size:133727 disposed:false
1420 silly fetch manifest @types/node@^18.19.130
1421 silly packumentCache full:https://registry.npmjs.org/@types%2fnode cache-miss
1422 http cache https://registry.npmjs.org/@types%2fnode 84ms (cache hit)
1423 silly packumentCache full:https://registry.npmjs.org/@types%2fnode set size:11084776 disposed:false
1424 silly fetch manifest ajv@^8.12.0
1425 silly packumentCache full:https://registry.npmjs.org/ajv cache-miss
1426 http fetch GET 200 https://registry.npmjs.org/ajv 315ms (cache revalidated)
1427 silly packumentCache full:https://registry.npmjs.org/ajv set size:1142658 disposed:false
1428 silly fetch manifest ajv-formats@^2.1.1
1429 silly packumentCache full:https://registry.npmjs.org/ajv-formats cache-miss
1430 http fetch GET 200 https://registry.npmjs.org/ajv-formats 361ms (cache revalidated)
1431 silly packumentCache full:https://registry.npmjs.org/ajv-formats set size:141264 disposed:false
1432 silly fetch manifest chai@^4.3.6
1433 silly packumentCache full:https://registry.npmjs.org/chai cache-hit
1434 silly fetch manifest mocha@^9.2.2
1435 silly packumentCache full:https://registry.npmjs.org/mocha cache-miss
1436 http cache https://registry.npmjs.org/mocha 276ms (cache hit)
1437 silly packumentCache full:https://registry.npmjs.org/mocha set size:4136144 disposed:false
1438 silly fetch manifest prettier@^2.7.1
1439 silly packumentCache full:https://registry.npmjs.org/prettier cache-hit
1440 silly fetch manifest typescript@5.0.2
1441 silly packumentCache full:https://registry.npmjs.org/typescript cache-miss
1442 http cache https://registry.npmjs.org/typescript 3761ms (cache hit)
1443 silly packumentCache full:https://registry.npmjs.org/typescript set size:15513951 disposed:false
1444 silly placeDep ROOT @sinclair/hammer@0.17.2 OK for: @sinclair/typebox@0.27.10 want: ^0.17.1
1445 silly placeDep ROOT @types/chai@4.3.20 OK for: @sinclair/typebox@0.27.10 want: ^4.3.3
1446 silly placeDep ROOT @types/mocha@9.1.1 OK for: @sinclair/typebox@0.27.10 want: ^9.1.1
1447 silly placeDep node_modules/.pnpm/@sinclair+typebox@0.27.10/node_modules/@sinclair/typebox @types/node@18.19.130 OK for: @sinclair/typebox@0.27.10 want: ^18.19.130
1448 silly placeDep ROOT @typescript/native-preview@7.0.0-dev.20260707.2 OK for: @sinclair/typebox@0.27.10 want: ^7.0.0-dev.20260203.1
1449 silly placeDep ROOT ajv@8.20.0 OK for: @sinclair/typebox@0.27.10 want: ^8.12.0
1450 silly placeDep ROOT ajv-formats@2.1.1 OK for: @sinclair/typebox@0.27.10 want: ^2.1.1
1451 silly placeDep ROOT chai@4.5.0 OK for: @sinclair/typebox@0.27.10 want: ^4.3.6
1452 silly placeDep node_modules/.pnpm/@sinclair+typebox@0.27.10/node_modules/@sinclair/typebox mocha@9.2.2 OK for: @sinclair/typebox@0.27.10 want: ^9.2.2
1453 silly placeDep node_modules/.pnpm/@sinclair+typebox@0.27.10/node_modules/@sinclair/typebox prettier@2.8.8 OK for: @sinclair/typebox@0.27.10 want: ^2.7.1
1454 silly placeDep node_modules/.pnpm/@sinclair+typebox@0.27.10/node_modules/@sinclair/typebox typescript@5.0.2 OK for: @sinclair/typebox@0.27.10 want: 5.0.2
1455 silly fetch manifest esbuild@^0.15.7
1456 silly packumentCache full:https://registry.npmjs.org/esbuild cache-miss
1457 http fetch GET 200 https://registry.npmjs.org/esbuild 687ms (cache revalidated)
1458 silly packumentCache full:https://registry.npmjs.org/esbuild set size:1259608 disposed:false
1459 silly fetch manifest undici-types@~5.26.4
1460 silly packumentCache full:https://registry.npmjs.org/undici-types cache-miss
1461 http fetch GET 200 https://registry.npmjs.org/undici-types 434ms (cache revalidated)
1462 silly packumentCache full:https://registry.npmjs.org/undici-types set size:250438 disposed:false
1463 silly fetch manifest @typescript/native-preview-win32-x64@7.0.0-dev.20260707.2
1464 silly packumentCache full:https://registry.npmjs.org/@typescript%2fnative-preview-win32-x64 cache-miss
1465 http fetch GET 200 https://registry.npmjs.org/@typescript%2fnative-preview-win32-x64 620ms (cache revalidated)
1466 silly packumentCache full:https://registry.npmjs.org/@typescript%2fnative-preview-win32-x64 set size:994406 disposed:false
1467 silly fetch manifest @typescript/native-preview-win32-arm64@7.0.0-dev.20260707.2
1468 silly packumentCache full:https://registry.npmjs.org/@typescript%2fnative-preview-win32-arm64 cache-miss
1469 http fetch GET 200 https://registry.npmjs.org/@typescript%2fnative-preview-win32-arm64 1151ms (cache revalidated)
1470 silly packumentCache full:https://registry.npmjs.org/@typescript%2fnative-preview-win32-arm64 set size:1000816 disposed:false
1471 silly fetch manifest @typescript/native-preview-linux-x64@7.0.0-dev.20260707.2
1472 silly packumentCache full:https://registry.npmjs.org/@typescript%2fnative-preview-linux-x64 cache-miss
1473 http fetch GET 200 https://registry.npmjs.org/@typescript%2fnative-preview-linux-x64 3455ms (cache revalidated)
1474 silly packumentCache full:https://registry.npmjs.org/@typescript%2fnative-preview-linux-x64 set size:992041 disposed:false
1475 silly fetch manifest @typescript/native-preview-linux-arm@7.0.0-dev.20260707.2
1476 silly packumentCache full:https://registry.npmjs.org/@typescript%2fnative-preview-linux-arm cache-miss
1477 http fetch GET 200 https://registry.npmjs.org/@typescript%2fnative-preview-linux-arm 1590ms (cache revalidated)
1478 silly packumentCache full:https://registry.npmjs.org/@typescript%2fnative-preview-linux-arm set size:992044 disposed:false
1479 silly fetch manifest @typescript/native-preview-linux-arm64@7.0.0-dev.20260707.2
1480 silly packumentCache full:https://registry.npmjs.org/@typescript%2fnative-preview-linux-arm64 cache-miss
1481 http fetch GET 200 https://registry.npmjs.org/@typescript%2fnative-preview-linux-arm64 567ms (cache revalidated)
1482 silly packumentCache full:https://registry.npmjs.org/@typescript%2fnative-preview-linux-arm64 set size:998454 disposed:false
1483 silly fetch manifest @typescript/native-preview-darwin-x64@7.0.0-dev.20260707.2
1484 silly packumentCache full:https://registry.npmjs.org/@typescript%2fnative-preview-darwin-x64 cache-miss
1485 http fetch GET 200 https://registry.npmjs.org/@typescript%2fnative-preview-darwin-x64 726ms (cache revalidated)
1486 silly packumentCache full:https://registry.npmjs.org/@typescript%2fnative-preview-darwin-x64 set size:995278 disposed:false
1487 silly fetch manifest @typescript/native-preview-darwin-arm64@7.0.0-dev.20260707.2
1488 silly packumentCache full:https://registry.npmjs.org/@typescript%2fnative-preview-darwin-arm64 cache-miss
1489 http fetch GET 200 https://registry.npmjs.org/@typescript%2fnative-preview-darwin-arm64 579ms (cache revalidated)
1490 silly packumentCache full:https://registry.npmjs.org/@typescript%2fnative-preview-darwin-arm64 set size:1001671 disposed:false
1491 silly fetch manifest fast-uri@^3.0.1
1492 silly packumentCache full:https://registry.npmjs.org/fast-uri cache-miss
1493 http fetch GET 200 https://registry.npmjs.org/fast-uri 227ms (cache revalidated)
1494 silly packumentCache full:https://registry.npmjs.org/fast-uri set size:91614 disposed:false
1495 silly fetch manifest json-schema-traverse@^1.0.0
1496 silly packumentCache full:https://registry.npmjs.org/json-schema-traverse cache-miss
1497 http fetch GET 200 https://registry.npmjs.org/json-schema-traverse 225ms (cache revalidated)
1498 silly packumentCache full:https://registry.npmjs.org/json-schema-traverse set size:23537 disposed:false
1499 silly fetch manifest require-from-string@^2.0.2
1500 silly packumentCache full:https://registry.npmjs.org/require-from-string cache-miss
1501 http fetch GET 200 https://registry.npmjs.org/require-from-string 204ms (cache revalidated)
1502 silly packumentCache full:https://registry.npmjs.org/require-from-string set size:15128 disposed:false
1503 silly fetch manifest loupe@^2.3.6
1504 silly packumentCache full:https://registry.npmjs.org/loupe cache-miss
1505 http fetch GET 200 https://registry.npmjs.org/loupe 195ms (cache revalidated)
1506 silly packumentCache full:https://registry.npmjs.org/loupe set size:150836 disposed:false
1507 silly fetch manifest pathval@^1.1.1
1508 silly packumentCache full:https://registry.npmjs.org/pathval cache-miss
1509 http fetch GET 200 https://registry.npmjs.org/pathval 207ms (cache revalidated)
1510 silly packumentCache full:https://registry.npmjs.org/pathval set size:28664 disposed:false
1511 silly fetch manifest deep-eql@^4.1.3
1512 silly packumentCache full:https://registry.npmjs.org/deep-eql cache-miss
1513 http fetch GET 200 https://registry.npmjs.org/deep-eql 1517ms (cache revalidated)
1514 silly packumentCache full:https://registry.npmjs.org/deep-eql set size:73324 disposed:false
1515 silly fetch manifest check-error@^1.0.3
1516 silly packumentCache full:https://registry.npmjs.org/check-error cache-miss
1517 http fetch GET 200 https://registry.npmjs.org/check-error 420ms (cache revalidated)
1518 silly packumentCache full:https://registry.npmjs.org/check-error set size:28618 disposed:false
1519 silly fetch manifest type-detect@^4.1.0
1520 silly packumentCache full:https://registry.npmjs.org/type-detect cache-miss
1521 http fetch GET 200 https://registry.npmjs.org/type-detect 176ms (cache revalidated)
1522 silly packumentCache full:https://registry.npmjs.org/type-detect set size:58804 disposed:false
1523 silly fetch manifest get-func-name@^2.0.2
1524 silly packumentCache full:https://registry.npmjs.org/get-func-name cache-miss
1525 http fetch GET 200 https://registry.npmjs.org/get-func-name 226ms (cache revalidated)
1526 silly packumentCache full:https://registry.npmjs.org/get-func-name set size:19907 disposed:false
1527 silly fetch manifest assertion-error@^1.1.0
1528 silly packumentCache full:https://registry.npmjs.org/assertion-error cache-miss
1529 http fetch GET 200 https://registry.npmjs.org/assertion-error 192ms (cache revalidated)
1530 silly packumentCache full:https://registry.npmjs.org/assertion-error set size:14438 disposed:false
1531 silly fetch manifest nanoid@3.3.1
1532 silly packumentCache full:https://registry.npmjs.org/nanoid cache-hit
1533 silly fetch manifest minimatch@4.2.1
1534 silly packumentCache full:https://registry.npmjs.org/minimatch cache-hit
1535 silly fetch manifest @rollup/plugin-node-resolve@^16.0.3
1536 silly packumentCache full:https://registry.npmjs.org/@rollup%2fplugin-node-resolve cache-hit
1537 silly fetch manifest rollup@^4.60.3
1538 silly packumentCache full:https://registry.npmjs.org/rollup cache-miss
1539 http cache https://registry.npmjs.org/rollup 288ms (cache hit)
1540 silly packumentCache full:https://registry.npmjs.org/rollup set size:6278661 disposed:false
1541 silly fetch manifest @rollup/plugin-terser@^1.0.0
1542 silly packumentCache full:https://registry.npmjs.org/@rollup%2fplugin-terser cache-hit
1543 silly fetch manifest ascjs@^6.0.3
1544 silly packumentCache full:https://registry.npmjs.org/ascjs cache-miss
1545 http fetch GET 200 https://registry.npmjs.org/ascjs 414ms (cache revalidated)
1546 silly packumentCache full:https://registry.npmjs.org/ascjs set size:78388 disposed:false
1547 silly fetch manifest c8@^11.0.0
1548 silly packumentCache full:https://registry.npmjs.org/c8 cache-hit
1549 silly fetch manifest monocart-coverage-reports@^2
1550 silly packumentCache full:https://registry.npmjs.org/monocart-coverage-reports cache-miss
1551 http fetch GET 200 https://registry.npmjs.org/monocart-coverage-reports 430ms (cache revalidated)
1552 silly packumentCache full:https://registry.npmjs.org/monocart-coverage-reports set size:470239 disposed:false
1553 silly fetch manifest coveralls@^3.1.1
1554 silly packumentCache full:https://registry.npmjs.org/coveralls cache-miss
1555 http fetch GET 200 https://registry.npmjs.org/coveralls 382ms (cache revalidated)
1556 silly packumentCache full:https://registry.npmjs.org/coveralls set size:173629 disposed:false
1557 silly placeDep node_modules/.pnpm/@ungap+structured-clone@1.3.1/node_modules/@ungap/structured-clone @rollup/plugin-node-resolve@16.0.3 OK for: @ungap/structured-clone@1.3.1 want: ^16.0.3
1558 silly placeDep node_modules/.pnpm/@ungap+structured-clone@1.3.1/node_modules/@ungap/structured-clone rollup@4.62.4 OK for: @rollup/plugin-node-resolve@16.0.3 want: ^2.78.0||^3.0.0||^4.0.0
1559 silly placeDep node_modules/.pnpm/@ungap+structured-clone@1.3.1/node_modules/@ungap/structured-clone @rollup/plugin-terser@1.0.0 OK for: @ungap/structured-clone@1.3.1 want: ^1.0.0
1560 silly placeDep ROOT ascjs@6.0.3 OK for: @ungap/structured-clone@1.3.1 want: ^6.0.3
1561 silly placeDep node_modules/.pnpm/@ungap+structured-clone@1.3.1/node_modules/@ungap/structured-clone c8@11.0.0 OK for: @ungap/structured-clone@1.3.1 want: ^11.0.0
1562 silly placeDep ROOT coveralls@3.1.1 OK for: @ungap/structured-clone@1.3.1 want: ^3.1.1
1563 silly fetch manifest serialize-javascript@^7.0.3
1564 silly packumentCache full:https://registry.npmjs.org/serialize-javascript cache-hit
1565 silly fetch manifest @babel/parser@^7.12.5
1566 silly packumentCache full:https://registry.npmjs.org/@babel%2fparser cache-miss
1567 http fetch GET 200 https://registry.npmjs.org/@babel%2fparser 226ms (cache revalidated)
1568 silly packumentCache full:https://registry.npmjs.org/@babel%2fparser set size:737961 disposed:false
1569 silly fetch manifest yargs@^17.7.2
1570 silly packumentCache full:https://registry.npmjs.org/yargs cache-hit
1571 silly fetch manifest test-exclude@^8.0.0
1572 silly packumentCache full:https://registry.npmjs.org/test-exclude cache-hit
1573 silly fetch manifest yargs-parser@^21.1.1
1574 silly packumentCache full:https://registry.npmjs.org/yargs-parser cache-hit
1575 silly fetch manifest v8-to-istanbul@^9.0.0
1576 silly packumentCache full:https://registry.npmjs.org/v8-to-istanbul cache-hit
1577 silly fetch manifest foreground-child@^3.1.1
1578 silly packumentCache full:https://registry.npmjs.org/foreground-child cache-hit
1579 silly fetch manifest @bcoe/v8-coverage@^1.0.1
1580 silly packumentCache full:https://registry.npmjs.org/@bcoe%2fv8-coverage cache-hit
1581 silly fetch manifest @istanbuljs/schema@^0.1.3
1582 silly packumentCache full:https://registry.npmjs.org/@istanbuljs%2fschema cache-hit
1583 silly fetch manifest istanbul-lib-coverage@^3.2.0
1584 silly packumentCache full:https://registry.npmjs.org/istanbul-lib-coverage cache-hit
1585 silly fetch manifest js-yaml@^3.13.1
1586 silly packumentCache full:https://registry.npmjs.org/js-yaml cache-hit
1587 silly fetch manifest lcov-parse@^1.0.0
1588 silly packumentCache full:https://registry.npmjs.org/lcov-parse cache-miss
1589 http fetch GET 200 https://registry.npmjs.org/lcov-parse 356ms (cache revalidated)
1590 silly packumentCache full:https://registry.npmjs.org/lcov-parse set size:18313 disposed:false
1591 silly fetch manifest log-driver@^1.2.7
1592 silly packumentCache full:https://registry.npmjs.org/log-driver cache-miss
1593 http fetch GET 200 https://registry.npmjs.org/log-driver 483ms (cache revalidated)
1594 silly packumentCache full:https://registry.npmjs.org/log-driver set size:15773 disposed:false
1595 silly fetch manifest minimist@^1.2.5
1596 silly packumentCache full:https://registry.npmjs.org/minimist cache-hit
1597 silly fetch manifest request@^2.88.2
1598 silly packumentCache full:https://registry.npmjs.org/request cache-miss
1599 http fetch GET 200 https://registry.npmjs.org/request 207ms (cache revalidated)
1600 silly packumentCache full:https://registry.npmjs.org/request set size:307243 disposed:false
1601 silly fetch manifest @stryker-mutator/core@5.6.1
1602 silly packumentCache full:https://registry.npmjs.org/@stryker-mutator%2fcore cache-miss
1603 http fetch GET 200 https://registry.npmjs.org/@stryker-mutator%2fcore 539ms (cache revalidated)
1604 silly packumentCache full:https://registry.npmjs.org/@stryker-mutator%2fcore set size:524188 disposed:false
1605 silly fetch manifest auto-changelog@2.4.0
1606 silly packumentCache full:https://registry.npmjs.org/auto-changelog cache-miss
1607 http fetch GET 200 https://registry.npmjs.org/auto-changelog 905ms (cache revalidated)
1608 silly packumentCache full:https://registry.npmjs.org/auto-changelog set size:231181 disposed:false
1609 silly fetch manifest eslint@8.25.0
1610 silly packumentCache full:https://registry.npmjs.org/eslint cache-miss
1611 http cache https://registry.npmjs.org/eslint 121ms (cache hit)
1612 silly packumentCache full:https://registry.npmjs.org/eslint set size:2040662 disposed:false
1613 silly fetch manifest eslint-config-prettier@8.5.0
1614 silly packumentCache full:https://registry.npmjs.org/eslint-config-prettier cache-hit
1615 silly fetch manifest eslint-plugin-es5@1.5.0
1616 silly packumentCache full:https://registry.npmjs.org/eslint-plugin-es5 cache-miss
1617 http fetch GET 200 https://registry.npmjs.org/eslint-plugin-es5 231ms (cache revalidated)
1618 silly packumentCache full:https://registry.npmjs.org/eslint-plugin-es5 set size:30422 disposed:false
1619 silly fetch manifest eslint-plugin-prettier@4.2.1
1620 silly packumentCache full:https://registry.npmjs.org/eslint-plugin-prettier cache-hit
1621 silly fetch manifest prettier@2.7.1
1622 silly packumentCache full:https://registry.npmjs.org/prettier cache-hit
1623 silly fetch manifest get-stream@6.0.1
1624 silly packumentCache full:https://registry.npmjs.org/get-stream cache-miss
1625 http fetch GET 200 https://registry.npmjs.org/get-stream 246ms (cache revalidated)
1626 silly packumentCache full:https://registry.npmjs.org/get-stream set size:57536 disposed:false
1627 silly fetch manifest jest@27.5.1
1628 silly packumentCache full:https://registry.npmjs.org/jest cache-miss
1629 http fetch GET 200 https://registry.npmjs.org/jest 246ms (cache revalidated)
1630 silly packumentCache full:https://registry.npmjs.org/jest set size:862623 disposed:false
1631 silly fetch manifest node-notifier@^8.0.1 || ^9.0.0 || ^10.0.0
1632 silly packumentCache full:https://registry.npmjs.org/node-notifier cache-miss
1633 http fetch GET 200 https://registry.npmjs.org/node-notifier 484ms (cache revalidated)
1634 silly packumentCache full:https://registry.npmjs.org/node-notifier set size:171519 disposed:false
1635 silly fetch manifest nodemon@2.0.20
1636 silly packumentCache full:https://registry.npmjs.org/nodemon cache-miss
1637 http fetch GET 200 https://registry.npmjs.org/nodemon 696ms (cache revalidated)
1638 silly packumentCache full:https://registry.npmjs.org/nodemon set size:661805 disposed:false
1639 silly fetch manifest np@9.2.0
1640 silly packumentCache full:https://registry.npmjs.org/np cache-miss
1641 http fetch GET 200 https://registry.npmjs.org/np 1221ms (cache revalidated)
1642 silly packumentCache full:https://registry.npmjs.org/np set size:317484 disposed:false
1643 silly fetch manifest xmltest@1.5.0
1644 silly packumentCache full:https://registry.npmjs.org/xmltest cache-miss
1645 http fetch GET 200 https://registry.npmjs.org/xmltest 781ms (cache revalidated)
1646 silly packumentCache full:https://registry.npmjs.org/xmltest set size:21416 disposed:false
1647 silly fetch manifest yauzl@2.10.0
1648 silly packumentCache full:https://registry.npmjs.org/yauzl cache-miss
1649 http fetch GET 200 https://registry.npmjs.org/yauzl 526ms (cache revalidated)
1650 silly packumentCache full:https://registry.npmjs.org/yauzl set size:114252 disposed:false
1651 silly placeDep ROOT @stryker-mutator/core@5.6.1 OK for: @xmldom/xmldom@0.8.13 want: 5.6.1
1652 silly placeDep ROOT auto-changelog@2.4.0 OK for: @xmldom/xmldom@0.8.13 want: 2.4.0
1653 silly placeDep node_modules/.pnpm/@xmldom+xmldom@0.8.13/node_modules/@xmldom/xmldom eslint@8.25.0 OK for: @xmldom/xmldom@0.8.13 want: 8.25.0
1654 silly placeDep node_modules/.pnpm/@xmldom+xmldom@0.8.13/node_modules/@xmldom/xmldom eslint-config-prettier@8.5.0 OK for: @xmldom/xmldom@0.8.13 want: 8.5.0
1655 silly placeDep node_modules/.pnpm/@xmldom+xmldom@0.8.13/node_modules/@xmldom/xmldom eslint-plugin-es5@1.5.0 OK for: @xmldom/xmldom@0.8.13 want: 1.5.0
1656 silly placeDep node_modules/.pnpm/@xmldom+xmldom@0.8.13/node_modules/@xmldom/xmldom eslint-plugin-prettier@4.2.1 OK for: @xmldom/xmldom@0.8.13 want: 4.2.1
1657 silly placeDep ROOT get-stream@6.0.1 OK for: @xmldom/xmldom@0.8.13 want: 6.0.1
1658 silly placeDep ROOT jest@27.5.1 OK for: @xmldom/xmldom@0.8.13 want: 27.5.1
1659 silly placeDep ROOT nodemon@2.0.20 OK for: @xmldom/xmldom@0.8.13 want: 2.0.20
1660 silly placeDep ROOT np@9.2.0 OK for: @xmldom/xmldom@0.8.13 want: 9.2.0
1661 silly placeDep node_modules/.pnpm/@xmldom+xmldom@0.8.13/node_modules/@xmldom/xmldom prettier@2.7.1 OK for: @xmldom/xmldom@0.8.13 want: 2.7.1
1662 silly placeDep ROOT xmltest@1.5.0 OK for: @xmldom/xmldom@0.8.13 want: 1.5.0
1663 silly placeDep ROOT yauzl@2.10.0 OK for: xmltest@1.5.0 want: ^2.10.0
1664 silly fetch manifest ajv@~8.8.2
1665 silly packumentCache full:https://registry.npmjs.org/ajv cache-miss
1666 http cache https://registry.npmjs.org/ajv 23ms (cache hit)
1667 silly packumentCache full:https://registry.npmjs.org/ajv set size:1142658 disposed:false
1668 silly fetch manifest glob@~7.2.0
1669 silly packumentCache full:https://registry.npmjs.org/glob cache-hit
1670 silly fetch manifest rxjs@~7.5.1
1671 silly packumentCache full:https://registry.npmjs.org/rxjs cache-miss
1672 http fetch GET 200 https://registry.npmjs.org/rxjs 287ms (cache revalidated)
1673 silly packumentCache full:https://registry.npmjs.org/rxjs set size:980097 disposed:false
1674 silly fetch manifest chalk@~4.1.0
1675 silly packumentCache full:https://registry.npmjs.org/chalk cache-hit
1676 silly fetch manifest execa@~5.1.1
1677 silly packumentCache full:https://registry.npmjs.org/execa cache-hit
1678 silly fetch manifest tslib@~2.3.0
1679 silly packumentCache full:https://registry.npmjs.org/tslib cache-hit
1680 silly fetch manifest log4js@~6.4.1
1681 silly packumentCache full:https://registry.npmjs.org/log4js cache-miss
1682 http fetch GET 200 https://registry.npmjs.org/log4js 252ms (cache revalidated)
1683 silly packumentCache full:https://registry.npmjs.org/log4js set size:409677 disposed:false
1684 silly fetch manifest mkdirp@~1.0.3
1685 silly packumentCache full:https://registry.npmjs.org/mkdirp cache-miss
1686 http fetch GET 200 https://registry.npmjs.org/mkdirp 1191ms (cache revalidated)
1687 silly packumentCache full:https://registry.npmjs.org/mkdirp set size:116415 disposed:false
1688 silly fetch manifest rimraf@~3.0.0
1689 silly packumentCache full:https://registry.npmjs.org/rimraf cache-hit
1690 silly fetch manifest semver@^7.3.5
1691 silly packumentCache full:https://registry.npmjs.org/semver cache-hit
1692 silly fetch manifest file-url@~3.0.0
1693 silly packumentCache full:https://registry.npmjs.org/file-url cache-miss
1694 http fetch GET 200 https://registry.npmjs.org/file-url 506ms (cache revalidated)
1695 silly packumentCache full:https://registry.npmjs.org/file-url set size:17658 disposed:false
1696 silly fetch manifest get-port@~5.1.1
1697 silly packumentCache full:https://registry.npmjs.org/get-port cache-miss
1698 http fetch GET 200 https://registry.npmjs.org/get-port 184ms (cache revalidated)
1699 silly packumentCache full:https://registry.npmjs.org/get-port set size:47891 disposed:false
1700 silly fetch manifest inquirer@~8.2.0
1701 silly packumentCache full:https://registry.npmjs.org/inquirer cache-miss
1702 http fetch GET 200 https://registry.npmjs.org/inquirer 408ms (cache revalidated)
1703 silly packumentCache full:https://registry.npmjs.org/inquirer set size:624939 disposed:false
1704 silly fetch manifest progress@~2.0.0
1705 silly packumentCache full:https://registry.npmjs.org/progress cache-miss
1706 http fetch GET 200 https://registry.npmjs.org/progress 191ms (cache revalidated)
1707 silly packumentCache full:https://registry.npmjs.org/progress set size:34179 disposed:false
1708 silly fetch manifest commander@~8.3.0
1709 silly packumentCache full:https://registry.npmjs.org/commander cache-hit
1710 silly fetch manifest minimatch@~3.0.4
1711 silly packumentCache full:https://registry.npmjs.org/minimatch cache-hit
1712 silly fetch manifest tree-kill@~1.2.2
1713 silly packumentCache full:https://registry.npmjs.org/tree-kill cache-miss
1714 http fetch GET 200 https://registry.npmjs.org/tree-kill 175ms (cache revalidated)
1715 silly packumentCache full:https://registry.npmjs.org/tree-kill set size:24180 disposed:false
1716 silly fetch manifest source-map@~0.7.3
1717 silly packumentCache full:https://registry.npmjs.org/source-map cache-miss
1718 http fetch GET 200 https://registry.npmjs.org/source-map 261ms (cache revalidated)
1719 silly packumentCache full:https://registry.npmjs.org/source-map set size:231637 disposed:false
1720 silly fetch manifest npm-run-path@~4.0.1
1721 silly packumentCache full:https://registry.npmjs.org/npm-run-path cache-miss
1722 http fetch GET 200 https://registry.npmjs.org/npm-run-path 352ms (cache revalidated)
1723 silly packumentCache full:https://registry.npmjs.org/npm-run-path set size:33596 disposed:false
1724 silly fetch manifest typed-inject@~3.0.0
1725 silly packumentCache full:https://registry.npmjs.org/typed-inject cache-miss
1726 http fetch GET 200 https://registry.npmjs.org/typed-inject 965ms (cache revalidated)
1727 silly packumentCache full:https://registry.npmjs.org/typed-inject set size:85219 disposed:false
1728 silly fetch manifest lodash.flatmap@~4.5.0
1729 silly packumentCache full:https://registry.npmjs.org/lodash.flatmap cache-miss
1730 http fetch GET 200 https://registry.npmjs.org/lodash.flatmap 580ms (cache revalidated)
1731 silly packumentCache full:https://registry.npmjs.org/lodash.flatmap set size:18825 disposed:false
1732 silly fetch manifest lodash.groupby@~4.6.0
1733 silly packumentCache full:https://registry.npmjs.org/lodash.groupby cache-miss
1734 http fetch GET 200 https://registry.npmjs.org/lodash.groupby 201ms (cache revalidated)
1735 silly packumentCache full:https://registry.npmjs.org/lodash.groupby set size:46091 disposed:false
1736 silly fetch manifest typed-rest-client@~1.8.0
1737 silly packumentCache full:https://registry.npmjs.org/typed-rest-client cache-miss
1738 http fetch GET 200 https://registry.npmjs.org/typed-rest-client 454ms (cache revalidated)
1739 silly packumentCache full:https://registry.npmjs.org/typed-rest-client set size:109559 disposed:false
1740 silly fetch manifest @stryker-mutator/api@5.6.1
1741 silly packumentCache full:https://registry.npmjs.org/@stryker-mutator%2fapi cache-miss
1742 http fetch GET 200 https://registry.npmjs.org/@stryker-mutator%2fapi 990ms (cache revalidated)
1743 silly packumentCache full:https://registry.npmjs.org/@stryker-mutator%2fapi set size:360415 disposed:false
1744 silly fetch manifest @stryker-mutator/util@5.6.1
1745 silly packumentCache full:https://registry.npmjs.org/@stryker-mutator%2futil cache-miss
1746 http fetch GET 200 https://registry.npmjs.org/@stryker-mutator%2futil 827ms (cache revalidated)
1747 silly packumentCache full:https://registry.npmjs.org/@stryker-mutator%2futil set size:330453 disposed:false
1748 silly fetch manifest mutation-testing-metrics@1.7.8
1749 silly packumentCache full:https://registry.npmjs.org/mutation-testing-metrics cache-miss
1750 http fetch GET 200 https://registry.npmjs.org/mutation-testing-metrics 514ms (cache revalidated)
1751 silly packumentCache full:https://registry.npmjs.org/mutation-testing-metrics set size:121495 disposed:false
1752 silly fetch manifest mutation-testing-elements@1.7.8
1753 silly packumentCache full:https://registry.npmjs.org/mutation-testing-elements cache-miss
1754 http fetch GET 200 https://registry.npmjs.org/mutation-testing-elements 386ms (cache revalidated)
1755 silly packumentCache full:https://registry.npmjs.org/mutation-testing-elements set size:250776 disposed:false
1756 silly fetch manifest @stryker-mutator/instrumenter@5.6.1
1757 silly packumentCache full:https://registry.npmjs.org/@stryker-mutator%2finstrumenter cache-miss
1758 http fetch GET 200 https://registry.npmjs.org/@stryker-mutator%2finstrumenter 684ms (cache revalidated)
1759 silly packumentCache full:https://registry.npmjs.org/@stryker-mutator%2finstrumenter set size:286443 disposed:false
1760 silly fetch manifest commander@^7.2.0
1761 silly packumentCache full:https://registry.npmjs.org/commander cache-hit
1762 silly fetch manifest handlebars@^4.7.7
1763 silly packumentCache full:https://registry.npmjs.org/handlebars cache-miss
1764 http fetch GET 200 https://registry.npmjs.org/handlebars 240ms (cache revalidated)
1765 silly packumentCache full:https://registry.npmjs.org/handlebars set size:253315 disposed:false
1766 silly fetch manifest node-fetch@^2.6.1
1767 silly packumentCache full:https://registry.npmjs.org/node-fetch cache-hit
1768 silly fetch manifest parse-github-url@^1.0.2
1769 silly packumentCache full:https://registry.npmjs.org/parse-github-url cache-miss
1770 http fetch GET 200 https://registry.npmjs.org/parse-github-url 398ms (cache revalidated)
1771 silly packumentCache full:https://registry.npmjs.org/parse-github-url set size:46646 disposed:false
1772 silly fetch manifest espree@^9.4.0
1773 silly packumentCache full:https://registry.npmjs.org/espree cache-hit
1774 silly fetch manifest globby@^11.1.0
1775 silly packumentCache full:https://registry.npmjs.org/globby cache-miss
1776 http fetch GET 200 https://registry.npmjs.org/globby 180ms (cache revalidated)
1777 silly packumentCache full:https://registry.npmjs.org/globby set size:165431 disposed:false
1778 silly fetch manifest globals@^13.15.0
1779 silly packumentCache full:https://registry.npmjs.org/globals cache-hit
1780 silly fetch manifest js-sdsl@^4.1.4
1781 silly packumentCache full:https://registry.npmjs.org/js-sdsl cache-miss
1782 http fetch GET 200 https://registry.npmjs.org/js-sdsl 1058ms (cache revalidated)
1783 silly packumentCache full:https://registry.npmjs.org/js-sdsl set size:272223 disposed:false
1784 silly fetch manifest eslint-scope@^7.1.1
1785 silly packumentCache full:https://registry.npmjs.org/eslint-scope cache-hit
1786 silly fetch manifest @eslint/eslintrc@^1.3.3
1787 silly packumentCache full:https://registry.npmjs.org/@eslint%2feslintrc cache-hit
1788 silly fetch manifest grapheme-splitter@^1.0.4
1789 silly packumentCache full:https://registry.npmjs.org/grapheme-splitter cache-miss
1790 http fetch GET 200 https://registry.npmjs.org/grapheme-splitter 1280ms (cache revalidated)
1791 silly packumentCache full:https://registry.npmjs.org/grapheme-splitter set size:15173 disposed:false
1792 silly fetch manifest eslint-visitor-keys@^3.3.0
1793 silly packumentCache full:https://registry.npmjs.org/eslint-visitor-keys cache-hit
1794 silly fetch manifest @humanwhocodes/config-array@^0.10.5
1795 silly packumentCache full:https://registry.npmjs.org/@humanwhocodes%2fconfig-array cache-hit
1796 silly fetch manifest prettier-linter-helpers@^1.0.0
1797 silly packumentCache full:https://registry.npmjs.org/prettier-linter-helpers cache-hit
1798 silly fetch manifest jest-cli@^27.5.1
1799 silly packumentCache full:https://registry.npmjs.org/jest-cli cache-miss
1800 http fetch GET 200 https://registry.npmjs.org/jest-cli 624ms (cache revalidated)
1801 silly packumentCache full:https://registry.npmjs.org/jest-cli set size:1179782 disposed:false
1802 silly fetch manifest @jest/core@^27.5.1
1803 silly packumentCache full:https://registry.npmjs.org/@jest%2fcore cache-miss
1804 http fetch GET 200 https://registry.npmjs.org/@jest%2fcore 231ms (cache revalidated)
1805 silly packumentCache full:https://registry.npmjs.org/@jest%2fcore set size:632975 disposed:false
1806 silly fetch manifest import-local@^3.0.2
1807 silly packumentCache full:https://registry.npmjs.org/import-local cache-miss
1808 http fetch GET 200 https://registry.npmjs.org/import-local 216ms (cache revalidated)
1809 silly packumentCache full:https://registry.npmjs.org/import-local set size:24258 disposed:false
1810 silly fetch manifest debug@^3.2.7
1811 silly packumentCache full:https://registry.npmjs.org/debug cache-hit
1812 silly fetch manifest touch@^3.1.0
1813 silly packumentCache full:https://registry.npmjs.org/touch cache-miss
1814 http fetch GET 200 https://registry.npmjs.org/touch 274ms (cache revalidated)
1815 silly packumentCache full:https://registry.npmjs.org/touch set size:16906 disposed:false
1816 silly fetch manifest semver@^5.7.1
1817 silly packumentCache full:https://registry.npmjs.org/semver cache-hit
1818 silly fetch manifest chokidar@^3.5.2
1819 silly packumentCache full:https://registry.npmjs.org/chokidar cache-hit
1820 silly fetch manifest undefsafe@^2.0.5
1821 silly packumentCache full:https://registry.npmjs.org/undefsafe cache-miss
1822 http fetch GET 200 https://registry.npmjs.org/undefsafe 874ms (cache revalidated)
1823 silly packumentCache full:https://registry.npmjs.org/undefsafe set size:24059 disposed:false
1824 silly fetch manifest pstree.remy@^1.1.8
1825 silly packumentCache full:https://registry.npmjs.org/pstree.remy cache-miss
1826 http fetch GET 200 https://registry.npmjs.org/pstree.remy 184ms (cache revalidated)
1827 silly packumentCache full:https://registry.npmjs.org/pstree.remy set size:19800 disposed:false
1828 silly fetch manifest supports-color@^5.5.0
1829 silly packumentCache full:https://registry.npmjs.org/supports-color cache-hit
1830 silly fetch manifest ignore-by-default@^1.0.1
1831 silly packumentCache full:https://registry.npmjs.org/ignore-by-default cache-miss
1832 http fetch GET 200 https://registry.npmjs.org/ignore-by-default 171ms (cache revalidated)
1833 silly packumentCache full:https://registry.npmjs.org/ignore-by-default set size:9946 disposed:false
1834 silly fetch manifest simple-update-notifier@^1.0.7
1835 silly packumentCache full:https://registry.npmjs.org/simple-update-notifier cache-miss
1836 http fetch GET 200 https://registry.npmjs.org/simple-update-notifier 203ms (cache revalidated)
1837 silly packumentCache full:https://registry.npmjs.org/simple-update-notifier set size:44879 disposed:false
1838 silly fetch manifest ow@^1.1.1
1839 silly packumentCache full:https://registry.npmjs.org/ow cache-miss
1840 http fetch GET 200 https://registry.npmjs.org/ow 569ms (cache revalidated)
1841 silly packumentCache full:https://registry.npmjs.org/ow set size:190008 disposed:false
1842 silly fetch manifest del@^7.1.0
1843 silly packumentCache full:https://registry.npmjs.org/del cache-miss
1844 http fetch GET 200 https://registry.npmjs.org/del 181ms (cache revalidated)
1845 silly packumentCache full:https://registry.npmjs.org/del set size:70448 disposed:false
1846 silly fetch manifest meow@^12.1.1
1847 silly packumentCache full:https://registry.npmjs.org/meow cache-miss
1848 http fetch GET 200 https://registry.npmjs.org/meow 189ms (cache revalidated)
1849 silly packumentCache full:https://registry.npmjs.org/meow set size:128964 disposed:false
1850 silly fetch manifest open@^9.1.0
1851 silly packumentCache full:https://registry.npmjs.org/open cache-miss
1852 http fetch GET 200 https://registry.npmjs.org/open 264ms (cache revalidated)
1853 silly packumentCache full:https://registry.npmjs.org/open set size:136392 disposed:false
1854 silly fetch manifest rxjs@^7.8.1
1855 silly packumentCache full:https://registry.npmjs.org/rxjs cache-hit
1856 silly fetch manifest chalk@^5.3.0
1857 silly packumentCache full:https://registry.npmjs.org/chalk cache-hit
1858 silly fetch manifest listr@^0.14.3
1859 silly packumentCache full:https://registry.npmjs.org/listr cache-miss
1860 http fetch GET 200 https://registry.npmjs.org/listr 303ms (cache revalidated)
1861 silly packumentCache full:https://registry.npmjs.org/listr set size:60173 disposed:false
1862 silly fetch manifest onetime@^7.0.0
1863 silly packumentCache full:https://registry.npmjs.org/onetime cache-miss
1864 http fetch GET 200 https://registry.npmjs.org/onetime 196ms (cache revalidated)
1865 silly packumentCache full:https://registry.npmjs.org/onetime set size:32314 disposed:false
1866 silly fetch manifest pkg-dir@^8.0.0
1867 silly packumentCache full:https://registry.npmjs.org/pkg-dir cache-hit
1868 silly fetch manifest has-yarn@^3.0.0
1869 silly packumentCache full:https://registry.npmjs.org/has-yarn cache-miss
1870 http fetch GET 200 https://registry.npmjs.org/has-yarn 186ms (cache revalidated)
1871 silly packumentCache full:https://registry.npmjs.org/has-yarn set size:12720 disposed:false
1872 silly fetch manifest inquirer@^9.2.12
1873 silly packumentCache full:https://registry.npmjs.org/inquirer cache-hit
1874 silly fetch manifest npm-name@^7.1.1
1875 silly packumentCache full:https://registry.npmjs.org/npm-name cache-miss
1876 http fetch GET 200 https://registry.npmjs.org/npm-name 452ms (cache revalidated)
1877 silly packumentCache full:https://registry.npmjs.org/npm-name set size:74029 disposed:false
1878 silly fetch manifest read-pkg@^9.0.1
1879 silly packumentCache full:https://registry.npmjs.org/read-pkg cache-hit
1880 silly fetch manifest exit-hook@^4.0.0
1881 silly packumentCache full:https://registry.npmjs.org/exit-hook cache-miss
1882 http fetch GET 200 https://registry.npmjs.org/exit-hook 186ms (cache revalidated)
1883 silly packumentCache full:https://registry.npmjs.org/exit-hook set size:45439 disposed:false
1884 silly fetch manifest is-scoped@^3.0.0
1885 silly packumentCache full:https://registry.npmjs.org/is-scoped cache-miss
1886 http fetch GET 200 https://registry.npmjs.org/is-scoped 402ms (cache revalidated)
1887 silly packumentCache full:https://registry.npmjs.org/is-scoped set size:10528 disposed:false
1888 silly fetch manifest p-memoize@^7.1.1
1889 silly packumentCache full:https://registry.npmjs.org/p-memoize cache-miss
1890 http fetch GET 200 https://registry.npmjs.org/p-memoize 405ms (cache revalidated)
1891 silly packumentCache full:https://registry.npmjs.org/p-memoize set size:61215 disposed:false
1892 silly fetch manifest p-timeout@^6.1.2
1893 silly packumentCache full:https://registry.npmjs.org/p-timeout cache-miss
1894 http fetch GET 200 https://registry.npmjs.org/p-timeout 193ms (cache revalidated)
1895 silly packumentCache full:https://registry.npmjs.org/p-timeout set size:60739 disposed:false
1896 silly fetch manifest cosmiconfig@^8.3.6
1897 silly packumentCache full:https://registry.npmjs.org/cosmiconfig cache-hit
1898 silly fetch manifest escape-goat@^4.0.0
1899 silly packumentCache full:https://registry.npmjs.org/escape-goat cache-miss
1900 http fetch GET 200 https://registry.npmjs.org/escape-goat 175ms (cache revalidated)
1901 silly packumentCache full:https://registry.npmjs.org/escape-goat set size:24003 disposed:false
1902 silly fetch manifest ignore-walk@^6.0.3
1903 silly packumentCache full:https://registry.npmjs.org/ignore-walk cache-miss
1904 http fetch GET 200 https://registry.npmjs.org/ignore-walk 198ms (cache revalidated)
1905 silly packumentCache full:https://registry.npmjs.org/ignore-walk set size:70975 disposed:false
1906 silly fetch manifest issue-regex@^4.1.0
1907 silly packumentCache full:https://registry.npmjs.org/issue-regex cache-miss
1908 http fetch GET 200 https://registry.npmjs.org/issue-regex 447ms (cache revalidated)
1909 silly packumentCache full:https://registry.npmjs.org/issue-regex set size:21166 disposed:false
1910 silly fetch manifest listr-input@^0.2.1
1911 silly packumentCache full:https://registry.npmjs.org/listr-input cache-miss
1912 http fetch GET 200 https://registry.npmjs.org/listr-input 536ms (cache revalidated)
1913 silly packumentCache full:https://registry.npmjs.org/listr-input set size:13888 disposed:false
1914 silly fetch manifest log-symbols@^6.0.0
1915 silly packumentCache full:https://registry.npmjs.org/log-symbols cache-hit
1916 silly fetch manifest path-exists@^5.0.0
1917 silly packumentCache full:https://registry.npmjs.org/path-exists cache-miss
1918 http fetch GET 200 https://registry.npmjs.org/path-exists 581ms (cache revalidated)
1919 silly packumentCache full:https://registry.npmjs.org/path-exists set size:13704 disposed:false
1920 silly fetch manifest import-local@^3.1.0
1921 silly packumentCache full:https://registry.npmjs.org/import-local cache-hit
1922 silly fetch manifest terminal-link@^3.0.0
1923 silly packumentCache full:https://registry.npmjs.org/terminal-link cache-miss
1924 http fetch GET 200 https://registry.npmjs.org/terminal-link 420ms (cache revalidated)
1925 silly packumentCache full:https://registry.npmjs.org/terminal-link set size:26728 disposed:false
1926 silly fetch manifest chalk-template@^1.1.0
1927 silly packumentCache full:https://registry.npmjs.org/chalk-template cache-miss
1928 http fetch GET 200 https://registry.npmjs.org/chalk-template 184ms (cache revalidated)
1929 silly packumentCache full:https://registry.npmjs.org/chalk-template set size:24846 disposed:false
1930 silly fetch manifest is-interactive@^2.0.0
1931 silly packumentCache full:https://registry.npmjs.org/is-interactive cache-miss
1932 http fetch GET 200 https://registry.npmjs.org/is-interactive 289ms (cache revalidated)
1933 silly packumentCache full:https://registry.npmjs.org/is-interactive set size:10692 disposed:false
1934 silly fetch manifest hosted-git-info@^7.0.1
1935 silly packumentCache full:https://registry.npmjs.org/hosted-git-info cache-miss
1936 http fetch GET 200 https://registry.npmjs.org/hosted-git-info 717ms (cache revalidated)
1937 silly packumentCache full:https://registry.npmjs.org/hosted-git-info set size:190140 disposed:false
1938 silly fetch manifest read-package-up@^11.0.0
1939 silly packumentCache full:https://registry.npmjs.org/read-package-up cache-miss
1940 http fetch GET 200 https://registry.npmjs.org/read-package-up 414ms (cache revalidated)
1941 silly packumentCache full:https://registry.npmjs.org/read-package-up set size:6671 disposed:false
1942 silly fetch manifest update-notifier@^7.0.0
1943 silly packumentCache full:https://registry.npmjs.org/update-notifier cache-miss
1944 http fetch GET 200 https://registry.npmjs.org/update-notifier 741ms (cache revalidated)
1945 silly packumentCache full:https://registry.npmjs.org/update-notifier set size:133068 disposed:false
1946 silly fetch manifest symbol-observable@^4.0.0
1947 silly packumentCache full:https://registry.npmjs.org/symbol-observable cache-miss
1948 http fetch GET 200 https://registry.npmjs.org/symbol-observable 170ms (cache revalidated)
1949 silly packumentCache full:https://registry.npmjs.org/symbol-observable set size:44379 disposed:false
1950 silly fetch manifest github-url-from-git@^1.5.0
1951 silly packumentCache full:https://registry.npmjs.org/github-url-from-git cache-miss
1952 http fetch GET 200 https://registry.npmjs.org/github-url-from-git 349ms (cache revalidated)
1953 silly packumentCache full:https://registry.npmjs.org/github-url-from-git set size:14699 disposed:false
1954 silly fetch manifest escape-string-regexp@^5.0.0
1955 silly packumentCache full:https://registry.npmjs.org/escape-string-regexp cache-hit
1956 silly fetch manifest is-installed-globally@^1.0.0
1957 silly packumentCache full:https://registry.npmjs.org/is-installed-globally cache-miss
1958 http fetch GET 200 https://registry.npmjs.org/is-installed-globally 344ms (cache revalidated)
1959 silly packumentCache full:https://registry.npmjs.org/is-installed-globally set size:19693 disposed:false
1960 silly fetch manifest new-github-release-url@^2.0.0
1961 silly packumentCache full:https://registry.npmjs.org/new-github-release-url cache-miss
1962 http fetch GET 200 https://registry.npmjs.org/new-github-release-url 489ms (cache revalidated)
1963 silly packumentCache full:https://registry.npmjs.org/new-github-release-url set size:11165 disposed:false
1964 silly fetch manifest fd-slicer@~1.1.0
1965 silly packumentCache full:https://registry.npmjs.org/fd-slicer cache-miss
1966 http fetch GET 200 https://registry.npmjs.org/fd-slicer 659ms (cache revalidated)
1967 silly packumentCache full:https://registry.npmjs.org/fd-slicer set size:25525 disposed:false
1968 silly fetch manifest buffer-crc32@~0.2.3
1969 silly packumentCache full:https://registry.npmjs.org/buffer-crc32 cache-miss
1970 http fetch GET 200 https://registry.npmjs.org/buffer-crc32 1397ms (cache revalidated)
1971 silly packumentCache full:https://registry.npmjs.org/buffer-crc32 set size:58100 disposed:false
1972 silly fetch manifest @types/jest@^26.0.22
1973 silly packumentCache full:https://registry.npmjs.org/@types%2fjest cache-hit
1974 silly fetch manifest jest@^26.6.3
1975 silly packumentCache full:https://registry.npmjs.org/jest cache-hit
1976 silly fetch manifest prettier@^2.2.1
1977 silly packumentCache full:https://registry.npmjs.org/prettier cache-hit
1978 silly fetch manifest ts-jest@^26.4.4
1979 silly packumentCache full:https://registry.npmjs.org/ts-jest cache-miss
1980 http fetch GET 200 https://registry.npmjs.org/ts-jest 222ms (cache revalidated)
1981 silly packumentCache full:https://registry.npmjs.org/ts-jest set size:1074155 disposed:false
1982 silly fetch manifest typescript@^4.2.3
1983 silly packumentCache full:https://registry.npmjs.org/typescript cache-miss
1984 http cache https://registry.npmjs.org/typescript 110ms (cache hit)
1985 silly packumentCache full:https://registry.npmjs.org/typescript set size:15513951 disposed:false
1986 silly placeDep ROOT @types/jest@26.0.24 OK for: @expo/sdk-runtime-versions@1.0.0 want: ^26.0.22
1987 silly placeDep node_modules/.pnpm/@expo+sdk-runtime-versions@1.0.0/node_modules/@expo/sdk-runtime-versions jest@26.6.3 OK for: @expo/sdk-runtime-versions@1.0.0 want: ^26.6.3
1988 silly placeDep node_modules/.pnpm/@expo+sdk-runtime-versions@1.0.0/node_modules/@expo/sdk-runtime-versions prettier@2.8.8 OK for: @expo/sdk-runtime-versions@1.0.0 want: ^2.2.1
1989 silly placeDep node_modules/.pnpm/@expo+sdk-runtime-versions@1.0.0/node_modules/@expo/sdk-runtime-versions ts-jest@26.5.6 OK for: @expo/sdk-runtime-versions@1.0.0 want: ^26.4.4
1990 silly placeDep node_modules/.pnpm/@expo+sdk-runtime-versions@1.0.0/node_modules/@expo/sdk-runtime-versions typescript@4.9.5 OK for: ts-jest@26.5.6 want: >=3.8 <5.0
1991 silly fetch manifest jest-diff@^26.0.0
1992 silly packumentCache full:https://registry.npmjs.org/jest-diff cache-miss
1993 http fetch GET 200 https://registry.npmjs.org/jest-diff 192ms (cache revalidated)
1994 silly packumentCache full:https://registry.npmjs.org/jest-diff set size:556698 disposed:false
1995 silly fetch manifest pretty-format@^26.0.0
1996 silly packumentCache full:https://registry.npmjs.org/pretty-format cache-miss
1997 http fetch GET 200 https://registry.npmjs.org/pretty-format 200ms (cache revalidated)
1998 silly packumentCache full:https://registry.npmjs.org/pretty-format set size:598313 disposed:false
1999 silly fetch manifest jest-cli@^26.6.3
2000 silly packumentCache full:https://registry.npmjs.org/jest-cli cache-miss
2001 http cache https://registry.npmjs.org/jest-cli 15ms (cache hit)
2002 silly packumentCache full:https://registry.npmjs.org/jest-cli set size:1179782 disposed:false
2003 silly fetch manifest @jest/core@^26.6.3
2004 silly packumentCache full:https://registry.npmjs.org/@jest%2fcore cache-hit
2005 silly fetch manifest lodash@4.x
2006 silly packumentCache full:https://registry.npmjs.org/lodash cache-hit
2007 silly fetch manifest bs-logger@0.x
2008 silly packumentCache full:https://registry.npmjs.org/bs-logger cache-miss
2009 http fetch GET 200 https://registry.npmjs.org/bs-logger 602ms (cache revalidated)
2010 silly packumentCache full:https://registry.npmjs.org/bs-logger set size:36726 disposed:false
2011 silly fetch manifest jest-util@^26.1.0
2012 silly packumentCache full:https://registry.npmjs.org/jest-util cache-miss
2013 http fetch GET 200 https://registry.npmjs.org/jest-util 26290ms (cache miss)
2014 silly packumentCache full:https://registry.npmjs.org/jest-util set size:undefined disposed:false
2015 silly fetch manifest make-error@1.x
2016 silly packumentCache full:https://registry.npmjs.org/make-error cache-miss
2017 http fetch GET 200 https://registry.npmjs.org/make-error 2195ms (cache miss)
2018 silly packumentCache full:https://registry.npmjs.org/make-error set size:undefined disposed:false
2019 silly fetch manifest buffer-from@1.x
2020 silly packumentCache full:https://registry.npmjs.org/buffer-from cache-miss
2021 http fetch GET 200 https://registry.npmjs.org/buffer-from 1110ms (cache miss)
2022 silly packumentCache full:https://registry.npmjs.org/buffer-from set size:undefined disposed:false
2023 silly fetch manifest yargs-parser@20.x
2024 silly packumentCache full:https://registry.npmjs.org/yargs-parser cache-hit
2025 silly fetch manifest fast-json-stable-stringify@2.x
2026 silly packumentCache full:https://registry.npmjs.org/fast-json-stable-stringify cache-miss
2027 http fetch GET 200 https://registry.npmjs.org/fast-json-stable-stringify 1305ms (cache miss)
2028 silly packumentCache full:https://registry.npmjs.org/fast-json-stable-stringify set size:undefined disposed:false
2029 silly fetch manifest @tsconfig/node22@^22.0.0
2030 silly packumentCache full:https://registry.npmjs.org/@tsconfig%2fnode22 cache-miss
2031 http fetch GET 200 https://registry.npmjs.org/@tsconfig%2fnode22 968ms (cache miss)
2032 silly packumentCache full:https://registry.npmjs.org/@tsconfig%2fnode22 set size:undefined disposed:false
2033 silly fetch manifest @types/debug@^4.1.12
2034 silly packumentCache full:https://registry.npmjs.org/@types%2fdebug cache-miss
2035 http fetch GET 200 https://registry.npmjs.org/@types%2fdebug 3710ms (cache miss)
2036 silly packumentCache full:https://registry.npmjs.org/@types%2fdebug set size:undefined disposed:false
2037 silly fetch manifest @types/jest@^29.5.14
2038 silly packumentCache full:https://registry.npmjs.org/@types%2fjest cache-hit
2039 silly fetch manifest @types/node@^22.10.5
2040 silly packumentCache full:https://registry.npmjs.org/@types%2fnode cache-miss
2041 http cache https://registry.npmjs.org/@types%2fnode 588ms (cache hit)
2042 silly packumentCache full:https://registry.npmjs.org/@types%2fnode set size:11084776 disposed:false
2043 silly fetch manifest @types/ws@^8.5.13
2044 silly packumentCache full:https://registry.npmjs.org/@types%2fws cache-miss
2045 http fetch GET 200 https://registry.npmjs.org/@types%2fws 9349ms (cache miss)
2046 silly packumentCache full:https://registry.npmjs.org/@types%2fws set size:undefined disposed:false
2047 silly fetch manifest @vercel/ncc@^0.38.3
2048 silly packumentCache full:https://registry.npmjs.org/@vercel%2fncc cache-miss
2049 http fetch GET 200 https://registry.npmjs.org/@vercel%2fncc 8165ms (cache miss)
2050 silly packumentCache full:https://registry.npmjs.org/@vercel%2fncc set size:undefined disposed:false
2051 silly fetch manifest eslint-config-universe@^14.0.0
2052 silly packumentCache full:https://registry.npmjs.org/eslint-config-universe cache-hit
2053 silly fetch manifest eslint@^8.57.1
2054 silly packumentCache full:https://registry.npmjs.org/eslint cache-miss
2055 http cache https://registry.npmjs.org/eslint 27ms (cache hit)
2056 silly packumentCache full:https://registry.npmjs.org/eslint set size:2040662 disposed:false
2057 silly fetch manifest eslint@>=9
2058 silly packumentCache full:https://registry.npmjs.org/eslint cache-miss
2059 http cache https://registry.npmjs.org/eslint 31ms (cache hit)
2060 silly packumentCache full:https://registry.npmjs.org/eslint set size:2040662 disposed:false
2061 silly fetch manifest prettier@^3.4.2
2062 silly packumentCache full:https://registry.npmjs.org/prettier cache-hit
2063 silly fetch manifest fetch-nodeshim@^0.2.1
2064 silly packumentCache full:https://registry.npmjs.org/fetch-nodeshim cache-miss
2065 http fetch GET 200 https://registry.npmjs.org/fetch-nodeshim 2935ms (cache miss)
2066 silly packumentCache full:https://registry.npmjs.org/fetch-nodeshim set size:undefined disposed:false
2067 silly fetch manifest jest@^29.7.0
2068 silly packumentCache full:https://registry.npmjs.org/jest cache-hit
2069 silly fetch manifest ts-jest@^29.2.5
2070 silly packumentCache full:https://registry.npmjs.org/ts-jest cache-miss
2071 http cache https://registry.npmjs.org/ts-jest 119ms (cache hit)
2072 silly packumentCache full:https://registry.npmjs.org/ts-jest set size:1074155 disposed:false
2073 silly fetch manifest @babel/core@>=7.0.0-beta.0 <8
2074 silly packumentCache full:https://registry.npmjs.org/@babel%2fcore cache-hit
2075 silly fetch manifest @jest/transform@^29.0.0 || ^30.0.0
2076 silly packumentCache full:https://registry.npmjs.org/@jest%2ftransform cache-miss
2077 http fetch GET 200 https://registry.npmjs.org/@jest%2ftransform 9773ms (cache miss)
2078 silly packumentCache full:https://registry.npmjs.org/@jest%2ftransform set size:undefined disposed:false
2079 silly fetch manifest @jest/types@^29.0.0 || ^30.0.0
2080 silly packumentCache full:https://registry.npmjs.org/@jest%2ftypes cache-miss
2081 http fetch GET 200 https://registry.npmjs.org/@jest%2ftypes 4843ms (cache miss)
2082 silly packumentCache full:https://registry.npmjs.org/@jest%2ftypes set size:undefined disposed:false
2083 silly fetch manifest babel-jest@^29.0.0 || ^30.0.0
2084 silly packumentCache full:https://registry.npmjs.org/babel-jest cache-miss
2085 http fetch GET 200 https://registry.npmjs.org/babel-jest 7435ms (cache miss)
2086 silly packumentCache full:https://registry.npmjs.org/babel-jest set size:undefined disposed:false
2087 silly fetch manifest jest-util@^29.0.0 || ^30.0.0
2088 silly packumentCache full:https://registry.npmjs.org/jest-util cache-miss
2089 http cache https://registry.npmjs.org/jest-util 46ms (cache hit)
2090 silly packumentCache full:https://registry.npmjs.org/jest-util set size:587891 disposed:false
2091 silly fetch manifest typescript@^5.5.2
2092 silly packumentCache full:https://registry.npmjs.org/typescript cache-miss
2093 http cache https://registry.npmjs.org/typescript 630ms (cache hit)
2094 silly packumentCache full:https://registry.npmjs.org/typescript set size:15513951 disposed:false
2095 silly placeDep ROOT @tsconfig/node22@22.0.5 OK for: @expo/ws-tunnel@1.0.6 want: ^22.0.0
2096 silly placeDep ROOT @types/debug@4.1.13 OK for: @expo/ws-tunnel@1.0.6 want: ^4.1.12
2097 silly placeDep node_modules/.pnpm/@expo+ws-tunnel@1.0.6/node_modules/@expo/ws-tunnel @types/jest@29.5.14 OK for: @expo/ws-tunnel@1.0.6 want: ^29.5.14
2098 silly placeDep node_modules/.pnpm/@expo+ws-tunnel@1.0.6/node_modules/@expo/ws-tunnel @types/node@22.20.1 OK for: @expo/ws-tunnel@1.0.6 want: ^22.10.5
2099 silly placeDep ROOT @types/ws@8.18.1 OK for: @expo/ws-tunnel@1.0.6 want: ^8.5.13
2100 silly placeDep ROOT @vercel/ncc@0.38.4 OK for: @expo/ws-tunnel@1.0.6 want: ^0.38.3
2101 silly placeDep ROOT eslint-config-universe@14.3.0 OK for: @expo/ws-tunnel@1.0.6 want: ^14.0.0
2102 silly placeDep ROOT fetch-nodeshim@0.2.1 OK for: @expo/ws-tunnel@1.0.6 want: ^0.2.1
2103 silly placeDep node_modules/.pnpm/@expo+ws-tunnel@1.0.6/node_modules/@expo/ws-tunnel jest@29.7.0 OK for: @expo/ws-tunnel@1.0.6 want: ^29.7.0
2104 silly placeDep node_modules/.pnpm/@expo+ws-tunnel@1.0.6/node_modules/@expo/ws-tunnel ts-jest@29.4.12 OK for: @expo/ws-tunnel@1.0.6 want: ^29.2.5
2105 silly fetch manifest @types/ms@*
2106 silly packumentCache full:https://registry.npmjs.org/@types%2fms cache-miss
2107 http fetch GET 200 https://registry.npmjs.org/@types%2fms 723ms (cache miss)
2108 silly packumentCache full:https://registry.npmjs.org/@types%2fms set size:undefined disposed:false
2109 silly fetch manifest expect@^29.0.0
2110 silly packumentCache full:https://registry.npmjs.org/expect cache-miss
2111 http fetch GET 200 https://registry.npmjs.org/expect 12453ms (cache miss)
2112 silly packumentCache full:https://registry.npmjs.org/expect set size:undefined disposed:false
2113 silly fetch manifest undici-types@~6.21.0
2114 silly packumentCache full:https://registry.npmjs.org/undici-types cache-hit
2115 silly fetch manifest @types/node@*
2116 silly packumentCache full:https://registry.npmjs.org/@types%2fnode cache-miss
2117 http cache https://registry.npmjs.org/@types%2fnode 59ms (cache hit)
2118 silly packumentCache full:https://registry.npmjs.org/@types%2fnode set size:11084776 disposed:false
2119 silly fetch manifest globals@^16.0.0
2120 silly packumentCache full:https://registry.npmjs.org/globals cache-hit
2121 silly fetch manifest eslint-plugin-n@^17.17.0
2122 silly packumentCache full:https://registry.npmjs.org/eslint-plugin-n cache-miss
2123 http fetch GET 200 https://registry.npmjs.org/eslint-plugin-n 2714ms (cache miss)
2124 silly packumentCache full:https://registry.npmjs.org/eslint-plugin-n set size:undefined disposed:false
2125 silly fetch manifest eslint-plugin-react@^7.37.5
2126 silly packumentCache full:https://registry.npmjs.org/eslint-plugin-react cache-hit
2127 silly fetch manifest eslint-plugin-import@^2.31.0
2128 silly packumentCache full:https://registry.npmjs.org/eslint-plugin-import cache-hit
2129 silly fetch manifest @typescript-eslint/parser@^8.29.1
2130 silly packumentCache full:https://registry.npmjs.org/@typescript-eslint%2fparser cache-miss
2131 http fetch GET 200 https://registry.npmjs.org/@typescript-eslint%2fparser 597ms (cache revalidated)
2132 silly packumentCache full:https://registry.npmjs.org/@typescript-eslint%2fparser set size:15612235 disposed:false
2133 silly fetch manifest eslint-plugin-react-hooks@^5.2.0
2134 silly packumentCache full:https://registry.npmjs.org/eslint-plugin-react-hooks cache-miss
2135 http fetch GET 200 https://registry.npmjs.org/eslint-plugin-react-hooks 342ms (cache revalidated)
2136 silly packumentCache full:https://registry.npmjs.org/eslint-plugin-react-hooks set size:7647899 disposed:false
2137 silly fetch manifest @typescript-eslint/eslint-plugin@^8.29.1
2138 silly packumentCache full:https://registry.npmjs.org/@typescript-eslint%2feslint-plugin cache-miss
2139 http fetch GET 200 https://registry.npmjs.org/@typescript-eslint%2feslint-plugin 1497ms (cache revalidated)
2140 silly packumentCache full:https://registry.npmjs.org/@typescript-eslint%2feslint-plugin set size:18508154 disposed:false
2141 silly fetch manifest jest-cli@^29.7.0
2142 silly packumentCache full:https://registry.npmjs.org/jest-cli cache-miss
2143 http cache https://registry.npmjs.org/jest-cli 37ms (cache hit)
2144 silly packumentCache full:https://registry.npmjs.org/jest-cli set size:1179782 disposed:false
2145 silly fetch manifest @jest/core@^29.7.0
2146 silly packumentCache full:https://registry.npmjs.org/@jest%2fcore cache-hit
2147 silly fetch manifest @jest/types@^29.6.3
2148 silly packumentCache full:https://registry.npmjs.org/@jest%2ftypes cache-miss
2149 http cache https://registry.npmjs.org/@jest%2ftypes 20ms (cache hit)
2150 silly packumentCache full:https://registry.npmjs.org/@jest%2ftypes set size:292365 disposed:false
2151 silly fetch manifest bs-logger@^0.2.6
2152 silly packumentCache full:https://registry.npmjs.org/bs-logger cache-hit
2153 silly fetch manifest fast-json-stable-stringify@^2.1.0
2154 silly packumentCache full:https://registry.npmjs.org/fast-json-stable-stringify cache-miss
2155 http cache https://registry.npmjs.org/fast-json-stable-stringify 84ms (cache hit)
2156 silly packumentCache full:https://registry.npmjs.org/fast-json-stable-stringify set size:11337 disposed:false
2157 silly fetch manifest handlebars@^4.7.9
2158 silly packumentCache full:https://registry.npmjs.org/handlebars cache-hit
2159 silly fetch manifest lodash.memoize@^4.1.2
2160 silly packumentCache full:https://registry.npmjs.org/lodash.memoize cache-miss
2161 http fetch GET 200 https://registry.npmjs.org/lodash.memoize 921ms (cache miss)
2162 silly packumentCache full:https://registry.npmjs.org/lodash.memoize set size:undefined disposed:false
2163 silly fetch manifest make-error@^1.3.6
2164 silly packumentCache full:https://registry.npmjs.org/make-error cache-miss
2165 http cache https://registry.npmjs.org/make-error 12ms (cache hit)
2166 silly packumentCache full:https://registry.npmjs.org/make-error set size:45218 disposed:false
2167 silly fetch manifest semver@^7.8.5
2168 silly packumentCache full:https://registry.npmjs.org/semver cache-hit
2169 silly fetch manifest type-fest@^4.41.0
2170 silly packumentCache full:https://registry.npmjs.org/type-fest cache-miss
2171 http fetch GET 200 https://registry.npmjs.org/type-fest 8068ms (cache miss)
2172 silly packumentCache full:https://registry.npmjs.org/type-fest set size:undefined disposed:false
2173 silly fetch manifest @homer0/prettier-plugin-jsdoc@10.0.1
2174 silly packumentCache full:https://registry.npmjs.org/@homer0%2fprettier-plugin-jsdoc cache-miss
2175 http fetch GET 200 https://registry.npmjs.org/@homer0%2fprettier-plugin-jsdoc 3028ms (cache miss)
2176 silly packumentCache full:https://registry.npmjs.org/@homer0%2fprettier-plugin-jsdoc set size:undefined disposed:false
2177 silly fetch manifest prettier@3.8.1
2178 silly packumentCache full:https://registry.npmjs.org/prettier cache-hit
2179 silly fetch manifest auto-changelog@2.5.0
2180 silly packumentCache full:https://registry.npmjs.org/auto-changelog cache-hit
2181 silly fetch manifest eslint-config-prettier@10.1.8
2182 silly packumentCache full:https://registry.npmjs.org/eslint-config-prettier cache-hit
2183 silly fetch manifest eslint@8.57.1
2184 silly packumentCache full:https://registry.npmjs.org/eslint cache-miss
2185 http fetch GET 200 https://registry.npmjs.org/eslint 569ms (cache revalidated)
2186 silly packumentCache full:https://registry.npmjs.org/eslint set size:2040662 disposed:false
2187 silly fetch manifest eslint-plugin-anti-trojan-source@1.1.2
2188 silly packumentCache full:https://registry.npmjs.org/eslint-plugin-anti-trojan-source cache-miss
2189 http fetch GET 200 https://registry.npmjs.org/eslint-plugin-anti-trojan-source 805ms (cache miss)
2190 silly packumentCache full:https://registry.npmjs.org/eslint-plugin-anti-trojan-source set size:undefined disposed:false
2191 silly fetch manifest eslint-plugin-n@17.24.0
2192 silly packumentCache full:https://registry.npmjs.org/eslint-plugin-n cache-miss
2193 http cache https://registry.npmjs.org/eslint-plugin-n 14ms (cache hit)
2194 silly packumentCache full:https://registry.npmjs.org/eslint-plugin-n set size:385858 disposed:false
2195 silly fetch manifest eslint-plugin-prettier@5.5.5
2196 silly packumentCache full:https://registry.npmjs.org/eslint-plugin-prettier cache-hit
2197 silly fetch manifest jest@29.7.0
2198 silly packumentCache full:https://registry.npmjs.org/jest cache-hit
2199 silly fetch manifest nodemon@3.1.14
2200 silly packumentCache full:https://registry.npmjs.org/nodemon cache-hit
2201 silly fetch manifest np@8.0.4
2202 silly packumentCache full:https://registry.npmjs.org/np cache-hit
2203 silly fetch manifest xmltest@2.0.3
2204 silly packumentCache full:https://registry.npmjs.org/xmltest cache-hit
2205 silly fetch manifest yauzl@3.3.0
2206 silly packumentCache full:https://registry.npmjs.org/yauzl cache-hit
2207 silly placeDep ROOT @homer0/prettier-plugin-jsdoc@10.0.1 OK for: @xmldom/xmldom@0.9.10 want: 10.0.1
2208 silly placeDep node_modules/.pnpm/@xmldom+xmldom@0.9.10/node_modules/@xmldom/xmldom auto-changelog@2.5.0 OK for: @xmldom/xmldom@0.9.10 want: 2.5.0
2209 silly placeDep node_modules/.pnpm/@xmldom+xmldom@0.9.10/node_modules/@xmldom/xmldom eslint-config-prettier@10.1.8 OK for: @xmldom/xmldom@0.9.10 want: 10.1.8
2210 silly placeDep ROOT eslint-plugin-anti-trojan-source@1.1.2 OK for: @xmldom/xmldom@0.9.10 want: 1.1.2
2211 silly placeDep ROOT eslint-plugin-es5@1.5.0 OK for: @xmldom/xmldom@0.9.10 want: 1.5.0
2212 silly placeDep ROOT eslint-plugin-n@17.24.0 OK for: @xmldom/xmldom@0.9.10 want: 17.24.0
2213 silly placeDep node_modules/.pnpm/@xmldom+xmldom@0.9.10/node_modules/@xmldom/xmldom eslint-plugin-prettier@5.5.5 OK for: @xmldom/xmldom@0.9.10 want: 5.5.5
2214 silly placeDep node_modules/.pnpm/@xmldom+xmldom@0.9.10/node_modules/@xmldom/xmldom jest@29.7.0 OK for: @xmldom/xmldom@0.9.10 want: 29.7.0
2215 silly placeDep node_modules/.pnpm/@xmldom+xmldom@0.9.10/node_modules/@xmldom/xmldom nodemon@3.1.14 OK for: @xmldom/xmldom@0.9.10 want: 3.1.14
2216 silly placeDep node_modules/.pnpm/@xmldom+xmldom@0.9.10/node_modules/@xmldom/xmldom np@8.0.4 OK for: @xmldom/xmldom@0.9.10 want: 8.0.4
2217 silly placeDep node_modules/.pnpm/@xmldom+xmldom@0.9.10/node_modules/@xmldom/xmldom prettier@3.8.1 OK for: @xmldom/xmldom@0.9.10 want: 3.8.1
2218 silly placeDep node_modules/.pnpm/@xmldom+xmldom@0.9.10/node_modules/@xmldom/xmldom xmltest@2.0.3 OK for: @xmldom/xmldom@0.9.10 want: 2.0.3
2219 silly placeDep node_modules/.pnpm/@xmldom+xmldom@0.9.10/node_modules/@xmldom/xmldom yauzl@3.3.0 OK for: xmltest@2.0.3 want: >=3.1.3
2220 silly fetch manifest ramda@0.32.0
2221 silly packumentCache full:https://registry.npmjs.org/ramda cache-miss
2222 http fetch GET 200 https://registry.npmjs.org/ramda 2170ms (cache miss)
2223 silly packumentCache full:https://registry.npmjs.org/ramda set size:undefined disposed:false
2224 silly fetch manifest comment-parser@^1.4.1
2225 silly packumentCache full:https://registry.npmjs.org/comment-parser cache-miss
2226 http fetch GET 200 https://registry.npmjs.org/comment-parser 2394ms (cache miss)
2227 silly packumentCache full:https://registry.npmjs.org/comment-parser set size:undefined disposed:false
2228 silly fetch manifest import-cwd@^3.0.0
2229 silly packumentCache full:https://registry.npmjs.org/import-cwd cache-miss
2230 http fetch GET 200 https://registry.npmjs.org/import-cwd 1370ms (cache miss)
2231 silly packumentCache full:https://registry.npmjs.org/import-cwd set size:undefined disposed:false
2232 silly fetch manifest parse-github-url@^1.0.3
2233 silly packumentCache full:https://registry.npmjs.org/parse-github-url cache-hit
2234 silly fetch manifest anti-trojan-source@^1.3.1
2235 silly packumentCache full:https://registry.npmjs.org/anti-trojan-source cache-miss
2236 http fetch GET 200 https://registry.npmjs.org/anti-trojan-source 1965ms (cache miss)
2237 silly packumentCache full:https://registry.npmjs.org/anti-trojan-source set size:undefined disposed:false
2238 silly fetch manifest ignore@^5.3.2
2239 silly packumentCache full:https://registry.npmjs.org/ignore cache-hit
2240 silly fetch manifest semver@^7.6.3
2241 silly packumentCache full:https://registry.npmjs.org/semver cache-hit
2242 silly fetch manifest globals@^15.11.0
2243 silly packumentCache full:https://registry.npmjs.org/globals cache-hit
2244 silly fetch manifest globrex@^0.1.2
2245 silly packumentCache full:https://registry.npmjs.org/globrex cache-miss
2246 http fetch GET 200 https://registry.npmjs.org/globrex 2468ms (cache miss)
2247 silly packumentCache full:https://registry.npmjs.org/globrex set size:undefined disposed:false
2248 silly fetch manifest get-tsconfig@^4.8.1
2249 silly packumentCache full:https://registry.npmjs.org/get-tsconfig cache-miss
2250 http fetch GET 200 https://registry.npmjs.org/get-tsconfig 1810ms (cache miss)
2251 silly packumentCache full:https://registry.npmjs.org/get-tsconfig set size:undefined disposed:false
2252 silly fetch manifest enhanced-resolve@^5.17.1
2253 silly packumentCache full:https://registry.npmjs.org/enhanced-resolve cache-miss
2254 http fetch GET 200 https://registry.npmjs.org/enhanced-resolve 3768ms (cache miss)
2255 silly packumentCache full:https://registry.npmjs.org/enhanced-resolve set size:undefined disposed:false
2256 silly fetch manifest eslint-plugin-es-x@^7.8.0
2257 silly packumentCache full:https://registry.npmjs.org/eslint-plugin-es-x cache-miss
2258 http fetch GET 200 https://registry.npmjs.org/eslint-plugin-es-x 1314ms (cache miss)
2259 silly packumentCache full:https://registry.npmjs.org/eslint-plugin-es-x set size:undefined disposed:false
2260 silly fetch manifest ts-declaration-location@^1.0.6
2261 silly packumentCache full:https://registry.npmjs.org/ts-declaration-location cache-miss
2262 http fetch GET 200 https://registry.npmjs.org/ts-declaration-location 809ms (cache miss)
2263 silly packumentCache full:https://registry.npmjs.org/ts-declaration-location set size:undefined disposed:false
2264 silly fetch manifest @eslint-community/eslint-utils@^4.5.0
2265 silly packumentCache full:https://registry.npmjs.org/@eslint-community%2feslint-utils cache-hit
2266 silly fetch manifest synckit@^0.11.12
2267 silly packumentCache full:https://registry.npmjs.org/synckit cache-hit
2268 silly fetch manifest minimatch@^10.2.1
2269 silly packumentCache full:https://registry.npmjs.org/minimatch cache-hit
2270 silly fetch manifest simple-update-notifier@^2.0.0
2271 silly packumentCache full:https://registry.npmjs.org/simple-update-notifier cache-hit
2272 silly fetch manifest del@^7.0.0
2273 silly packumentCache full:https://registry.npmjs.org/del cache-hit
2274 silly fetch manifest meow@^12.0.1
2275 silly packumentCache full:https://registry.npmjs.org/meow cache-hit
2276 silly fetch manifest chalk@^5.2.0
2277 silly packumentCache full:https://registry.npmjs.org/chalk cache-hit
2278 silly fetch manifest execa@^7.1.1
2279 silly packumentCache full:https://registry.npmjs.org/execa cache-hit
2280 silly fetch manifest onetime@^6.0.0
2281 silly packumentCache full:https://registry.npmjs.org/onetime cache-hit
2282 silly fetch manifest pkg-dir@^7.0.0
2283 silly packumentCache full:https://registry.npmjs.org/pkg-dir cache-hit
2284 silly fetch manifest inquirer@^9.2.6
2285 silly packumentCache full:https://registry.npmjs.org/inquirer cache-hit
2286 silly fetch manifest npm-name@^7.1.0
2287 silly packumentCache full:https://registry.npmjs.org/npm-name cache-hit
2288 silly fetch manifest exit-hook@^3.2.0
2289 silly packumentCache full:https://registry.npmjs.org/exit-hook cache-hit
2290 silly fetch manifest p-timeout@^6.1.1
2291 silly packumentCache full:https://registry.npmjs.org/p-timeout cache-hit
2292 silly fetch manifest cosmiconfig@^8.1.3
2293 silly packumentCache full:https://registry.npmjs.org/cosmiconfig cache-hit
2294 silly fetch manifest log-symbols@^5.1.0
2295 silly packumentCache full:https://registry.npmjs.org/log-symbols cache-hit
2296 silly fetch manifest read-pkg-up@^9.1.0
2297 silly packumentCache full:https://registry.npmjs.org/read-pkg-up cache-miss
2298 http fetch GET 200 https://registry.npmjs.org/read-pkg-up 588ms (cache miss)
2299 silly packumentCache full:https://registry.npmjs.org/read-pkg-up set size:undefined disposed:false
2300 silly fetch manifest hosted-git-info@^6.1.1
2301 silly packumentCache full:https://registry.npmjs.org/hosted-git-info cache-hit
2302 silly fetch manifest update-notifier@^6.0.2
2303 silly packumentCache full:https://registry.npmjs.org/update-notifier cache-hit
2304 silly fetch manifest is-installed-globally@^0.4.0
2305 silly packumentCache full:https://registry.npmjs.org/is-installed-globally cache-hit
2306 silly fetch manifest pend@~1.2.0
2307 silly packumentCache full:https://registry.npmjs.org/pend cache-miss
2308 http fetch GET 200 https://registry.npmjs.org/pend 886ms (cache miss)
2309 silly packumentCache full:https://registry.npmjs.org/pend set size:undefined disposed:false
2310 silly fetch manifest @types/jest@^29.5.1
2311 silly packumentCache full:https://registry.npmjs.org/@types%2fjest cache-hit
2312 silly fetch manifest @types/node@^14.18.45
2313 silly packumentCache full:https://registry.npmjs.org/@types%2fnode cache-miss
2314 http fetch GET 200 https://registry.npmjs.org/@types%2fnode 1122ms (cache revalidated)
2315 silly packumentCache full:https://registry.npmjs.org/@types%2fnode set size:11084776 disposed:false
2316 silly fetch manifest @types/semver@^7.3.13
2317 silly packumentCache full:https://registry.npmjs.org/@types%2fsemver cache-miss
2318 http fetch GET 200 https://registry.npmjs.org/@types%2fsemver 1200ms (cache miss)
2319 silly packumentCache full:https://registry.npmjs.org/@types%2fsemver set size:undefined disposed:false
2320 silly fetch manifest @types/ws@^6.0.4
2321 silly packumentCache full:https://registry.npmjs.org/@types%2fws cache-miss
2322 http cache https://registry.npmjs.org/@types%2fws 37ms (cache hit)
2323 silly packumentCache full:https://registry.npmjs.org/@types%2fws set size:167959 disposed:false
2324 silly fetch manifest async-listen@^3.0.0
2325 silly packumentCache full:https://registry.npmjs.org/async-listen cache-miss
2326 http fetch GET 200 https://registry.npmjs.org/async-listen 1165ms (cache miss)
2327 silly packumentCache full:https://registry.npmjs.org/async-listen set size:undefined disposed:false
2328 silly fetch manifest jest@^29.5.0
2329 silly packumentCache full:https://registry.npmjs.org/jest cache-hit
2330 silly fetch manifest ts-jest@^29.1.0
2331 silly packumentCache full:https://registry.npmjs.org/ts-jest cache-miss
2332 http cache https://registry.npmjs.org/ts-jest 346ms (cache hit)
2333 silly packumentCache full:https://registry.npmjs.org/ts-jest set size:1074155 disposed:false
2334 silly fetch manifest typescript@^5.0.4
2335 silly packumentCache full:https://registry.npmjs.org/typescript cache-miss
2336 http fetch GET 200 https://registry.npmjs.org/typescript 333ms (cache revalidated)
2337 silly packumentCache full:https://registry.npmjs.org/typescript set size:15513951 disposed:false
2338 silly fetch manifest ws@^5.2.4
2339 silly packumentCache full:https://registry.npmjs.org/ws cache-miss
2340 http fetch GET 200 https://registry.npmjs.org/ws 3579ms (cache miss)
2341 silly packumentCache full:https://registry.npmjs.org/ws set size:undefined disposed:false
2342 silly fetch manifest tsconfig@0.0.0
2343 silly packumentCache full:https://registry.npmjs.org/tsconfig cache-miss
2344 http fetch GET 200 https://registry.npmjs.org/tsconfig 642ms (cache miss)
2345 silly packumentCache full:https://registry.npmjs.org/tsconfig set size:undefined disposed:false
2346 silly placeDep node_modules/.pnpm/agent-base@7.1.4/node_modules/agent-base @types/jest@29.5.14 OK for: agent-base@7.1.4 want: ^29.5.1
2347 silly placeDep node_modules/.pnpm/agent-base@7.1.4/node_modules/agent-base @types/node@14.18.63 OK for: agent-base@7.1.4 want: ^14.18.45
2348 silly placeDep ROOT @types/semver@7.8.0 OK for: agent-base@7.1.4 want: ^7.3.13
2349 silly placeDep node_modules/.pnpm/agent-base@7.1.4/node_modules/agent-base @types/ws@6.0.4 OK for: agent-base@7.1.4 want: ^6.0.4
2350 silly placeDep ROOT async-listen@3.1.0 OK for: agent-base@7.1.4 want: ^3.0.0
2351 silly placeDep node_modules/.pnpm/agent-base@7.1.4/node_modules/agent-base jest@29.7.0 OK for: agent-base@7.1.4 want: ^29.5.0
2352 silly placeDep node_modules/.pnpm/agent-base@7.1.4/node_modules/agent-base ts-jest@29.4.12 OK for: agent-base@7.1.4 want: ^29.1.0
2353 silly placeDep node_modules/.pnpm/agent-base@7.1.4/node_modules/agent-base tsconfig@ OK for: agent-base@7.1.4 want: 0.0.0
2354 silly placeDep node_modules/.pnpm/agent-base@7.1.4/node_modules/agent-base ws@5.2.7 OK for: agent-base@7.1.4 want: ^5.2.4
2355 silly fetch manifest async-limiter@~1.0.0
2356 silly packumentCache full:https://registry.npmjs.org/async-limiter cache-miss
2357 http fetch GET 200 https://registry.npmjs.org/async-limiter 366ms (cache miss)
2358 silly packumentCache full:https://registry.npmjs.org/async-limiter set size:undefined disposed:false
2359 silly fetch manifest ava@^0.14.0
2360 silly packumentCache full:https://registry.npmjs.org/ava cache-miss
2361 http fetch GET 200 https://registry.npmjs.org/ava 2956ms (cache miss)
2362 silly packumentCache full:https://registry.npmjs.org/ava set size:undefined disposed:false
2363 silly fetch manifest bluebird@^3.0.0
2364 silly packumentCache full:https://registry.npmjs.org/bluebird cache-miss
2365 http fetch GET 200 https://registry.npmjs.org/bluebird 2931ms (cache miss)
2366 silly packumentCache full:https://registry.npmjs.org/bluebird set size:undefined disposed:false
2367 silly fetch manifest es6-promise@^3.0.0
2368 silly packumentCache full:https://registry.npmjs.org/es6-promise cache-miss
2369 http fetch GET 200 https://registry.npmjs.org/es6-promise 761ms (cache miss)
2370 silly packumentCache full:https://registry.npmjs.org/es6-promise set size:undefined disposed:false
2371 silly fetch manifest is-promise@^2.0.0
2372 silly packumentCache full:https://registry.npmjs.org/is-promise cache-miss
2373 http fetch GET 200 https://registry.npmjs.org/is-promise 643ms (cache miss)
2374 silly packumentCache full:https://registry.npmjs.org/is-promise set size:undefined disposed:false
2375 silly fetch manifest lie@^3.0.0
2376 silly packumentCache full:https://registry.npmjs.org/lie cache-miss
2377 http fetch GET 200 https://registry.npmjs.org/lie 4788ms (cache miss)
2378 silly packumentCache full:https://registry.npmjs.org/lie set size:undefined disposed:false
2379 silly fetch manifest mocha@^2.0.0
2380 silly packumentCache full:https://registry.npmjs.org/mocha cache-miss
2381 http fetch GET 200 https://registry.npmjs.org/mocha 455ms (cache revalidated)
2382 silly packumentCache full:https://registry.npmjs.org/mocha set size:4136144 disposed:false
2383 silly fetch manifest native-promise-only@^0.8.0
2384 silly packumentCache full:https://registry.npmjs.org/native-promise-only cache-miss
2385 http fetch GET 200 https://registry.npmjs.org/native-promise-only 1022ms (cache miss)
2386 silly packumentCache full:https://registry.npmjs.org/native-promise-only set size:undefined disposed:false
2387 silly fetch manifest phantomjs-prebuilt@^2.0.0
2388 silly packumentCache full:https://registry.npmjs.org/phantomjs-prebuilt cache-miss
2389 http fetch GET 200 https://registry.npmjs.org/phantomjs-prebuilt 598ms (cache miss)
2390 silly packumentCache full:https://registry.npmjs.org/phantomjs-prebuilt set size:undefined disposed:false
2391 silly fetch manifest pinkie@^2.0.0
2392 silly packumentCache full:https://registry.npmjs.org/pinkie cache-miss
2393 http fetch GET 200 https://registry.npmjs.org/pinkie 663ms (cache miss)
2394 silly packumentCache full:https://registry.npmjs.org/pinkie set size:undefined disposed:false
2395 silly fetch manifest promise@^7.0.0
2396 silly packumentCache full:https://registry.npmjs.org/promise cache-miss
2397 http fetch GET 200 https://registry.npmjs.org/promise 1028ms (cache miss)
2398 silly packumentCache full:https://registry.npmjs.org/promise set size:undefined disposed:false
2399 silly fetch manifest q@^1.0.0
2400 silly packumentCache full:https://registry.npmjs.org/q cache-miss
2401 http fetch GET 200 https://registry.npmjs.org/q 1324ms (cache miss)
2402 silly packumentCache full:https://registry.npmjs.org/q set size:undefined disposed:false
2403 silly fetch manifest rsvp@^3.0.0
2404 silly packumentCache full:https://registry.npmjs.org/rsvp cache-miss
2405 http fetch GET 200 https://registry.npmjs.org/rsvp 932ms (cache miss)
2406 silly packumentCache full:https://registry.npmjs.org/rsvp set size:undefined disposed:false
2407 silly fetch manifest vow@^0.4.0
2408 silly packumentCache full:https://registry.npmjs.org/vow cache-miss
2409 http fetch GET 200 https://registry.npmjs.org/vow 857ms (cache miss)
2410 silly packumentCache full:https://registry.npmjs.org/vow set size:undefined disposed:false
2411 silly fetch manifest when@^3.0.0
2412 silly packumentCache full:https://registry.npmjs.org/when cache-miss
2413 http fetch GET 200 https://registry.npmjs.org/when 1038ms (cache miss)
2414 silly packumentCache full:https://registry.npmjs.org/when set size:undefined disposed:false
2415 silly fetch manifest zuul@^3.0.0
2416 silly packumentCache full:https://registry.npmjs.org/zuul cache-miss
2417 http fetch GET 200 https://registry.npmjs.org/zuul 1710ms (cache miss)
2418 silly packumentCache full:https://registry.npmjs.org/zuul set size:undefined disposed:false
2419 silly placeDep ROOT ava@0.14.0 OK for: any-promise@1.3.0 want: ^0.14.0
2420 silly placeDep ROOT bluebird@3.7.2 OK for: any-promise@1.3.0 want: ^3.0.0
2421 silly placeDep ROOT es6-promise@3.3.1 OK for: any-promise@1.3.0 want: ^3.0.0
2422 silly placeDep ROOT is-promise@2.2.2 OK for: any-promise@1.3.0 want: ^2.0.0
2423 silly placeDep ROOT lie@3.3.0 OK for: any-promise@1.3.0 want: ^3.0.0
2424 silly placeDep node_modules/.pnpm/any-promise@1.3.0/node_modules/any-promise mocha@2.5.3 OK for: any-promise@1.3.0 want: ^2.0.0
2425 silly placeDep ROOT native-promise-only@0.8.1 OK for: any-promise@1.3.0 want: ^0.8.0
2426 silly placeDep ROOT phantomjs-prebuilt@2.1.16 OK for: any-promise@1.3.0 want: ^2.0.0
2427 silly placeDep ROOT pinkie@2.0.4 OK for: any-promise@1.3.0 want: ^2.0.0
2428 silly placeDep node_modules/.pnpm/any-promise@1.3.0/node_modules/any-promise promise@7.3.1 OK for: any-promise@1.3.0 want: ^7.0.0
2429 silly placeDep ROOT q@1.5.1 OK for: any-promise@1.3.0 want: ^1.0.0
2430 silly placeDep ROOT rsvp@3.6.2 OK for: any-promise@1.3.0 want: ^3.0.0
2431 silly placeDep ROOT vow@0.4.20 OK for: any-promise@1.3.0 want: ^0.4.0
2432 silly placeDep ROOT when@3.7.8 OK for: any-promise@1.3.0 want: ^3.0.0
2433 silly placeDep ROOT zuul@3.12.0 OK for: any-promise@1.3.0 want: ^3.0.0
2434 silly fetch manifest ms@^0.7.1
2435 silly packumentCache full:https://registry.npmjs.org/ms cache-hit
2436 silly fetch manifest meow@^3.7.0
2437 silly packumentCache full:https://registry.npmjs.org/meow cache-hit
2438 silly fetch manifest plur@^2.0.0
2439 silly packumentCache full:https://registry.npmjs.org/plur cache-miss
2440 http fetch GET 200 https://registry.npmjs.org/plur 2207ms (cache miss)
2441 silly packumentCache full:https://registry.npmjs.org/plur set size:undefined disposed:false
2442 silly fetch manifest chalk@^1.0.0
2443 silly packumentCache full:https://registry.npmjs.org/chalk cache-hit
2444 silly fetch manifest debug@^2.2.0
2445 silly packumentCache full:https://registry.npmjs.org/debug cache-hit
2446 silly fetch manifest is-ci@^1.0.7
2447 silly packumentCache full:https://registry.npmjs.org/is-ci cache-miss
2448 http fetch GET 200 https://registry.npmjs.org/is-ci 857ms (cache miss)
2449 silly packumentCache full:https://registry.npmjs.org/is-ci set size:undefined disposed:false
2450 silly fetch manifest slash@^1.0.0
2451 silly packumentCache full:https://registry.npmjs.org/slash cache-hit
2452 silly fetch manifest arrify@^1.0.0
2453 silly packumentCache full:https://registry.npmjs.org/arrify cache-miss
2454 http fetch GET 200 https://registry.npmjs.org/arrify 1252ms (cache miss)
2455 silly packumentCache full:https://registry.npmjs.org/arrify set size:undefined disposed:false
2456 silly fetch manifest globby@^4.0.0
2457 silly packumentCache full:https://registry.npmjs.org/globby cache-hit
2458 silly fetch manifest is-obj@^1.0.0
2459 silly packumentCache full:https://registry.npmjs.org/is-obj cache-miss
2460 http fetch GET 200 https://registry.npmjs.org/is-obj 610ms (cache miss)
2461 silly packumentCache full:https://registry.npmjs.org/is-obj set size:undefined disposed:false
2462 silly fetch manifest figures@^1.4.0
2463 silly packumentCache full:https://registry.npmjs.org/figures cache-miss
2464 http fetch GET 200 https://registry.npmjs.org/figures 1734ms (cache miss)
2465 silly packumentCache full:https://registry.npmjs.org/figures set size:undefined disposed:false
2466 silly fetch manifest fn-name@^2.0.0
2467 silly packumentCache full:https://registry.npmjs.org/fn-name cache-miss
2468 http fetch GET 200 https://registry.npmjs.org/fn-name 803ms (cache miss)
2469 silly packumentCache full:https://registry.npmjs.org/fn-name set size:undefined disposed:false
2470 silly fetch manifest matcher@^0.1.1
2471 silly packumentCache full:https://registry.npmjs.org/matcher cache-miss
2472 http fetch GET 200 https://registry.npmjs.org/matcher 996ms (cache miss)
2473 silly packumentCache full:https://registry.npmjs.org/matcher set size:undefined disposed:false
2474 silly fetch manifest md5-hex@^1.2.0
2475 silly packumentCache full:https://registry.npmjs.org/md5-hex cache-miss
2476 http fetch GET 200 https://registry.npmjs.org/md5-hex 948ms (cache miss)
2477 silly packumentCache full:https://registry.npmjs.org/md5-hex set size:undefined disposed:false
2478 silly fetch manifest arr-diff@^2.0.0
2479 silly packumentCache full:https://registry.npmjs.org/arr-diff cache-miss
2480 http fetch GET 200 https://registry.npmjs.org/arr-diff 679ms (cache miss)
2481 silly packumentCache full:https://registry.npmjs.org/arr-diff set size:undefined disposed:false
2482 silly fetch manifest ava-init@^0.1.0
2483 silly packumentCache full:https://registry.npmjs.org/ava-init cache-miss
2484 http fetch GET 200 https://registry.npmjs.org/ava-init 1004ms (cache miss)
2485 silly packumentCache full:https://registry.npmjs.org/ava-init set size:undefined disposed:false
2486 silly fetch manifest pkg-conf@^1.0.1
2487 silly packumentCache full:https://registry.npmjs.org/pkg-conf cache-miss
2488 http fetch GET 200 https://registry.npmjs.org/pkg-conf 2280ms (cache miss)
2489 silly packumentCache full:https://registry.npmjs.org/pkg-conf set size:undefined disposed:false
2490 silly fetch manifest pretty-ms@^2.0.0
2491 silly packumentCache full:https://registry.npmjs.org/pretty-ms cache-miss
2492 http fetch GET 200 https://registry.npmjs.org/pretty-ms 1122ms (cache miss)
2493 silly packumentCache full:https://registry.npmjs.org/pretty-ms set size:undefined disposed:false
2494 silly fetch manifest strip-bom@^2.0.0
2495 silly packumentCache full:https://registry.npmjs.org/strip-bom cache-miss
2496 http fetch GET 200 https://registry.npmjs.org/strip-bom 1264ms (cache miss)
2497 silly packumentCache full:https://registry.npmjs.org/strip-bom set size:undefined disposed:false
2498 silly fetch manifest array-uniq@^1.0.2
2499 silly packumentCache full:https://registry.npmjs.org/array-uniq cache-miss
2500 http fetch GET 200 https://registry.npmjs.org/array-uniq 2666ms (cache miss)
2501 silly packumentCache full:https://registry.npmjs.org/array-uniq set size:undefined disposed:false
2502 silly fetch manifest babel-core@^6.3.21
2503 silly packumentCache full:https://registry.npmjs.org/babel-core cache-miss
2504 http fetch GET 200 https://registry.npmjs.org/babel-core 4566ms (cache miss)
2505 silly packumentCache full:https://registry.npmjs.org/babel-core set size:undefined disposed:false
2506 silly fetch manifest cli-cursor@^1.0.2
2507 silly packumentCache full:https://registry.npmjs.org/cli-cursor cache-miss
2508 http fetch GET 200 https://registry.npmjs.org/cli-cursor 695ms (cache miss)
2509 silly packumentCache full:https://registry.npmjs.org/cli-cursor set size:undefined disposed:false
2510 silly fetch manifest is-promise@^2.1.0
2511 silly packumentCache full:https://registry.npmjs.org/is-promise cache-miss
2512 http cache https://registry.npmjs.org/is-promise 13ms (cache hit)
2513 silly packumentCache full:https://registry.npmjs.org/is-promise set size:18599 disposed:false
2514 silly fetch manifest multimatch@^2.1.0
2515 silly packumentCache full:https://registry.npmjs.org/multimatch cache-miss
2516 http fetch GET 200 https://registry.npmjs.org/multimatch 709ms (cache miss)
2517 silly packumentCache full:https://registry.npmjs.org/multimatch set size:undefined disposed:false
2518 silly fetch manifest arr-flatten@^1.0.1
2519 silly packumentCache full:https://registry.npmjs.org/arr-flatten cache-miss
2520 http fetch GET 200 https://registry.npmjs.org/arr-flatten 511ms (cache miss)
2521 silly packumentCache full:https://registry.npmjs.org/arr-flatten set size:undefined disposed:false
2522 silly fetch manifest array-union@^1.0.1
2523 silly packumentCache full:https://registry.npmjs.org/array-union cache-miss
2524 http fetch GET 200 https://registry.npmjs.org/array-union 2301ms (cache miss)
2525 silly packumentCache full:https://registry.npmjs.org/array-union set size:undefined disposed:false
2526 silly fetch manifest core-assert@^0.1.0
2527 silly packumentCache full:https://registry.npmjs.org/core-assert cache-miss
2528 http fetch GET 200 https://registry.npmjs.org/core-assert 549ms (cache miss)
2529 silly packumentCache full:https://registry.npmjs.org/core-assert set size:undefined disposed:false
2530 silly fetch manifest max-timeout@^1.0.0
2531 silly packumentCache full:https://registry.npmjs.org/max-timeout cache-miss
2532 http fetch GET 200 https://registry.npmjs.org/max-timeout 632ms (cache miss)
2533 silly packumentCache full:https://registry.npmjs.org/max-timeout set size:undefined disposed:false
2534 silly fetch manifest resolve-cwd@^1.0.0
2535 silly packumentCache full:https://registry.npmjs.org/resolve-cwd cache-miss
2536 http fetch GET 200 https://registry.npmjs.org/resolve-cwd 343ms (cache miss)
2537 silly packumentCache full:https://registry.npmjs.org/resolve-cwd set size:undefined disposed:false
2538 silly fetch manifest stack-utils@^0.4.0
2539 silly packumentCache full:https://registry.npmjs.org/stack-utils cache-miss
2540 http fetch GET 200 https://registry.npmjs.org/stack-utils 811ms (cache miss)
2541 silly packumentCache full:https://registry.npmjs.org/stack-utils set size:undefined disposed:false
2542 silly fetch manifest cli-spinners@^0.1.2
2543 silly packumentCache full:https://registry.npmjs.org/cli-spinners cache-miss
2544 http fetch GET 200 https://registry.npmjs.org/cli-spinners 3827ms (cache miss)
2545 silly packumentCache full:https://registry.npmjs.org/cli-spinners set size:undefined disposed:false
2546 silly fetch manifest cli-truncate@^0.2.0
2547 silly packumentCache full:https://registry.npmjs.org/cli-truncate cache-miss
2548 http fetch GET 200 https://registry.npmjs.org/cli-truncate 833ms (cache miss)
2549 silly packumentCache full:https://registry.npmjs.org/cli-truncate set size:undefined disposed:false
2550 silly fetch manifest empower-core@^0.5.0
2551 silly packumentCache full:https://registry.npmjs.org/empower-core cache-miss
2552 http fetch GET 200 https://registry.npmjs.org/empower-core 948ms (cache miss)
2553 silly packumentCache full:https://registry.npmjs.org/empower-core set size:undefined disposed:false
2554 silly fetch manifest only-shallow@^1.2.0
2555 silly packumentCache full:https://registry.npmjs.org/only-shallow cache-miss
2556 http fetch GET 200 https://registry.npmjs.org/only-shallow 564ms (cache miss)
2557 silly packumentCache full:https://registry.npmjs.org/only-shallow set size:undefined disposed:false
2558 silly fetch manifest option-chain@^0.1.0
2559 silly packumentCache full:https://registry.npmjs.org/option-chain cache-miss
2560 http fetch GET 200 https://registry.npmjs.org/option-chain 500ms (cache miss)
2561 silly packumentCache full:https://registry.npmjs.org/option-chain set size:undefined disposed:false
2562 silly fetch manifest time-require@^0.1.2
2563 silly packumentCache full:https://registry.npmjs.org/time-require cache-miss
2564 http fetch GET 200 https://registry.npmjs.org/time-require 775ms (cache miss)
2565 silly packumentCache full:https://registry.npmjs.org/time-require set size:undefined disposed:false
2566 silly fetch manifest babel-runtime@^6.3.19
2567 silly packumentCache full:https://registry.npmjs.org/babel-runtime cache-miss
2568 http fetch GET 200 https://registry.npmjs.org/babel-runtime 2195ms (cache miss)
2569 silly packumentCache full:https://registry.npmjs.org/babel-runtime set size:undefined disposed:false
2570 silly fetch manifest is-observable@^0.1.0
2571 silly packumentCache full:https://registry.npmjs.org/is-observable cache-miss
2572 http fetch GET 200 https://registry.npmjs.org/is-observable 1777ms (cache miss)
2573 silly packumentCache full:https://registry.npmjs.org/is-observable set size:undefined disposed:false
2574 silly fetch manifest object-assign@^4.0.1
2575 silly packumentCache full:https://registry.npmjs.org/object-assign cache-miss
2576 http fetch GET 200 https://registry.npmjs.org/object-assign 2236ms (cache miss)
2577 silly packumentCache full:https://registry.npmjs.org/object-assign set size:undefined disposed:false
2578 silly fetch manifest find-cache-dir@^0.1.1
2579 silly packumentCache full:https://registry.npmjs.org/find-cache-dir cache-miss
2580 http fetch GET 200 https://registry.npmjs.org/find-cache-dir 3205ms (cache miss)
2581 silly packumentCache full:https://registry.npmjs.org/find-cache-dir set size:undefined disposed:false
2582 silly fetch manifest loud-rejection@^1.2.0
2583 silly packumentCache full:https://registry.npmjs.org/loud-rejection cache-miss
2584 http fetch GET 200 https://registry.npmjs.org/loud-rejection 2562ms (cache miss)
2585 silly packumentCache full:https://registry.npmjs.org/loud-rejection set size:undefined disposed:false
2586 silly fetch manifest co-with-promise@^4.6.0
2587 silly packumentCache full:https://registry.npmjs.org/co-with-promise cache-miss
2588 http fetch GET 200 https://registry.npmjs.org/co-with-promise 598ms (cache miss)
2589 silly packumentCache full:https://registry.npmjs.org/co-with-promise set size:undefined disposed:false
2590 silly fetch manifest is-generator-fn@^1.0.0
2591 silly packumentCache full:https://registry.npmjs.org/is-generator-fn cache-miss
2592 http fetch GET 200 https://registry.npmjs.org/is-generator-fn 651ms (cache miss)
2593 silly packumentCache full:https://registry.npmjs.org/is-generator-fn set size:undefined disposed:false
2594 silly fetch manifest lodash.debounce@^4.0.3
2595 silly packumentCache full:https://registry.npmjs.org/lodash.debounce cache-miss
2596 http fetch GET 200 https://registry.npmjs.org/lodash.debounce 1042ms (cache miss)
2597 silly packumentCache full:https://registry.npmjs.org/lodash.debounce set size:undefined disposed:false
2598 silly fetch manifest unique-temp-dir@^1.0.0
2599 silly packumentCache full:https://registry.npmjs.org/unique-temp-dir cache-miss
2600 http fetch GET 200 https://registry.npmjs.org/unique-temp-dir 692ms (cache miss)
2601 silly packumentCache full:https://registry.npmjs.org/unique-temp-dir set size:undefined disposed:false
2602 silly fetch manifest update-notifier@^0.6.0
2603 silly packumentCache full:https://registry.npmjs.org/update-notifier cache-hit
2604 silly fetch manifest last-line-stream@^1.0.0
2605 silly packumentCache full:https://registry.npmjs.org/last-line-stream cache-miss
2606 http fetch GET 200 https://registry.npmjs.org/last-line-stream 605ms (cache miss)
2607 silly packumentCache full:https://registry.npmjs.org/last-line-stream set size:undefined disposed:false
2608 silly fetch manifest caching-transform@^1.0.0
2609 silly packumentCache full:https://registry.npmjs.org/caching-transform cache-miss
2610 http fetch GET 200 https://registry.npmjs.org/caching-transform 928ms (cache miss)
2611 silly packumentCache full:https://registry.npmjs.org/caching-transform set size:undefined disposed:false
2612 silly fetch manifest clean-yaml-object@^0.1.0
2613 silly packumentCache full:https://registry.npmjs.org/clean-yaml-object cache-miss
2614 http fetch GET 200 https://registry.npmjs.org/clean-yaml-object 688ms (cache miss)
2615 silly packumentCache full:https://registry.npmjs.org/clean-yaml-object set size:undefined disposed:false
2616 silly fetch manifest ignore-by-default@^1.0.0
2617 silly packumentCache full:https://registry.npmjs.org/ignore-by-default cache-hit
2618 silly fetch manifest common-path-prefix@^1.0.0
2619 silly packumentCache full:https://registry.npmjs.org/common-path-prefix cache-miss
2620 http fetch GET 200 https://registry.npmjs.org/common-path-prefix 941ms (cache miss)
2621 silly packumentCache full:https://registry.npmjs.org/common-path-prefix set size:undefined disposed:false
2622 silly fetch manifest convert-source-map@^1.2.0
2623 silly packumentCache full:https://registry.npmjs.org/convert-source-map cache-hit
2624 silly fetch manifest set-immediate-shim@^1.0.1
2625 silly packumentCache full:https://registry.npmjs.org/set-immediate-shim cache-miss
2626 http fetch GET 200 https://registry.npmjs.org/set-immediate-shim 528ms (cache miss)
2627 silly packumentCache full:https://registry.npmjs.org/set-immediate-shim set size:undefined disposed:false
2628 silly fetch manifest source-map-support@^0.4.0
2629 silly packumentCache full:https://registry.npmjs.org/source-map-support cache-miss
2630 http fetch GET 200 https://registry.npmjs.org/source-map-support 3865ms (cache miss)
2631 silly packumentCache full:https://registry.npmjs.org/source-map-support set size:undefined disposed:false
2632 silly fetch manifest babel-preset-es2015@^6.3.13
2633 silly packumentCache full:https://registry.npmjs.org/babel-preset-es2015 cache-miss
2634 http fetch GET 200 https://registry.npmjs.org/babel-preset-es2015 1578ms (cache miss)
2635 silly packumentCache full:https://registry.npmjs.org/babel-preset-es2015 set size:undefined disposed:false
2636 silly fetch manifest require-precompiled@^0.1.0
2637 silly packumentCache full:https://registry.npmjs.org/require-precompiled cache-miss
2638 http fetch GET 200 https://registry.npmjs.org/require-precompiled 1402ms (cache miss)
2639 silly packumentCache full:https://registry.npmjs.org/require-precompiled set size:undefined disposed:false
2640 silly fetch manifest babel-plugin-espower@^2.1.0
2641 silly packumentCache full:https://registry.npmjs.org/babel-plugin-espower cache-miss
2642 http fetch GET 200 https://registry.npmjs.org/babel-plugin-espower 1326ms (cache miss)
2643 silly packumentCache full:https://registry.npmjs.org/babel-plugin-espower set size:undefined disposed:false
2644 silly fetch manifest babel-preset-stage-2@^6.3.13
2645 silly packumentCache full:https://registry.npmjs.org/babel-preset-stage-2 cache-miss
2646 http fetch GET 200 https://registry.npmjs.org/babel-preset-stage-2 903ms (cache miss)
2647 silly packumentCache full:https://registry.npmjs.org/babel-preset-stage-2 set size:undefined disposed:false
2648 silly fetch manifest observable-to-promise@^0.3.0
2649 silly packumentCache full:https://registry.npmjs.org/observable-to-promise cache-miss
2650 http fetch GET 200 https://registry.npmjs.org/observable-to-promise 720ms (cache miss)
2651 silly packumentCache full:https://registry.npmjs.org/observable-to-promise set size:undefined disposed:false
2652 silly fetch manifest babel-plugin-detective@^1.0.2
2653 silly packumentCache full:https://registry.npmjs.org/babel-plugin-detective cache-miss
2654 http fetch GET 200 https://registry.npmjs.org/babel-plugin-detective 984ms (cache miss)
2655 silly packumentCache full:https://registry.npmjs.org/babel-plugin-detective set size:undefined disposed:false
2656 silly fetch manifest power-assert-formatter@^1.3.0
2657 silly packumentCache full:https://registry.npmjs.org/power-assert-formatter cache-miss
2658 http fetch GET 200 https://registry.npmjs.org/power-assert-formatter 1086ms (cache miss)
2659 silly packumentCache full:https://registry.npmjs.org/power-assert-formatter set size:undefined disposed:false
2660 silly fetch manifest power-assert-renderers@^0.1.0
2661 silly packumentCache full:https://registry.npmjs.org/power-assert-renderers cache-miss
2662 http fetch GET 200 https://registry.npmjs.org/power-assert-renderers 723ms (cache miss)
2663 silly packumentCache full:https://registry.npmjs.org/power-assert-renderers set size:undefined disposed:false
2664 silly fetch manifest babel-plugin-transform-runtime@^6.3.13
2665 silly packumentCache full:https://registry.npmjs.org/babel-plugin-transform-runtime cache-miss
2666 http fetch GET 200 https://registry.npmjs.org/babel-plugin-transform-runtime 1363ms (cache miss)
2667 silly packumentCache full:https://registry.npmjs.org/babel-plugin-transform-runtime set size:undefined disposed:false
2668 silly fetch manifest chokidar@^1.4.2
2669 silly packumentCache full:https://registry.npmjs.org/chokidar cache-hit
2670 silly fetch manifest immediate@~3.0.5
2671 silly packumentCache full:https://registry.npmjs.org/immediate cache-miss
2672 http fetch GET 200 https://registry.npmjs.org/immediate 1551ms (cache miss)
2673 silly packumentCache full:https://registry.npmjs.org/immediate set size:undefined disposed:false
2674 silly fetch manifest diff@1.4.0
2675 silly packumentCache full:https://registry.npmjs.org/diff cache-hit
2676 silly fetch manifest glob@3.2.11
2677 silly packumentCache full:https://registry.npmjs.org/glob cache-hit
2678 silly fetch manifest jade@0.26.3
2679 silly packumentCache full:https://registry.npmjs.org/jade cache-miss
2680 http fetch GET 200 https://registry.npmjs.org/jade 3547ms (cache miss)
2681 silly packumentCache full:https://registry.npmjs.org/jade set size:undefined disposed:false
2682 silly fetch manifest debug@2.2.0
2683 silly packumentCache full:https://registry.npmjs.org/debug cache-hit
2684 silly fetch manifest growl@1.9.2
2685 silly packumentCache full:https://registry.npmjs.org/growl cache-hit
2686 silly fetch manifest mkdirp@0.5.1
2687 silly packumentCache full:https://registry.npmjs.org/mkdirp cache-hit
2688 silly fetch manifest commander@2.3.0
2689 silly packumentCache full:https://registry.npmjs.org/commander cache-hit
2690 silly fetch manifest to-iso-string@0.0.2
2691 silly packumentCache full:https://registry.npmjs.org/to-iso-string cache-miss
2692 http fetch GET 200 https://registry.npmjs.org/to-iso-string 502ms (cache miss)
2693 silly packumentCache full:https://registry.npmjs.org/to-iso-string set size:undefined disposed:false
2694 silly fetch manifest supports-color@1.2.0
2695 silly packumentCache full:https://registry.npmjs.org/supports-color cache-hit
2696 silly fetch manifest escape-string-regexp@1.0.2
2697 silly packumentCache full:https://registry.npmjs.org/escape-string-regexp cache-hit
2698 silly fetch manifest es6-promise@^4.0.3
2699 silly packumentCache full:https://registry.npmjs.org/es6-promise cache-miss
2700 http cache https://registry.npmjs.org/es6-promise 14ms (cache hit)
2701 silly packumentCache full:https://registry.npmjs.org/es6-promise set size:96828 disposed:false
2702 silly fetch manifest extract-zip@^1.6.5
2703 silly packumentCache full:https://registry.npmjs.org/extract-zip cache-miss
2704 http fetch GET 200 https://registry.npmjs.org/extract-zip 2278ms (cache miss)
2705 silly packumentCache full:https://registry.npmjs.org/extract-zip set size:undefined disposed:false
2706 silly fetch manifest fs-extra@^1.0.0
2707 silly packumentCache full:https://registry.npmjs.org/fs-extra cache-hit
2708 silly fetch manifest hasha@^2.2.0
2709 silly packumentCache full:https://registry.npmjs.org/hasha cache-miss
2710 http fetch GET 200 https://registry.npmjs.org/hasha 2151ms (cache miss)
2711 silly packumentCache full:https://registry.npmjs.org/hasha set size:undefined disposed:false
2712 silly fetch manifest kew@^0.7.0
2713 silly packumentCache full:https://registry.npmjs.org/kew cache-miss
2714 http fetch GET 200 https://registry.npmjs.org/kew 1198ms (cache miss)
2715 silly packumentCache full:https://registry.npmjs.org/kew set size:undefined disposed:false
2716 silly fetch manifest progress@^1.1.8
2717 silly packumentCache full:https://registry.npmjs.org/progress cache-hit
2718 silly fetch manifest request@^2.81.0
2719 silly packumentCache full:https://registry.npmjs.org/request cache-hit
2720 silly fetch manifest request-progress@^2.0.1
2721 silly packumentCache full:https://registry.npmjs.org/request-progress cache-miss
2722 http fetch GET 200 https://registry.npmjs.org/request-progress 803ms (cache miss)
2723 silly packumentCache full:https://registry.npmjs.org/request-progress set size:undefined disposed:false
2724 silly fetch manifest which@^1.2.10
2725 silly packumentCache full:https://registry.npmjs.org/which cache-hit
2726 silly fetch manifest asap@~2.0.3
2727 silly packumentCache full:https://registry.npmjs.org/asap cache-miss
2728 http fetch GET 200 https://registry.npmjs.org/asap 809ms (cache miss)
2729 silly packumentCache full:https://registry.npmjs.org/asap set size:undefined disposed:false
2730 silly fetch manifest JSON2@0.1.0
2731 silly packumentCache full:https://registry.npmjs.org/JSON2 cache-miss
2732 http fetch GET 200 https://registry.npmjs.org/JSON2 553ms (cache miss)
2733 silly packumentCache full:https://registry.npmjs.org/JSON2 set size:undefined disposed:false
2734 silly fetch manifest batch@0.5.0
2735 silly packumentCache full:https://registry.npmjs.org/batch cache-miss
2736 http fetch GET 200 https://registry.npmjs.org/batch 965ms (cache miss)
2737 silly packumentCache full:https://registry.npmjs.org/batch set size:undefined disposed:false
2738 silly fetch manifest browserify@13.0.0
2739 silly packumentCache full:https://registry.npmjs.org/browserify cache-miss
2740 http fetch GET 200 https://registry.npmjs.org/browserify 8513ms (cache miss)
2741 silly packumentCache full:https://registry.npmjs.org/browserify set size:undefined disposed:false
2742 silly fetch manifest browserify-istanbul@0.1.5
2743 silly packumentCache full:https://registry.npmjs.org/browserify-istanbul cache-miss
2744 http fetch GET 200 https://registry.npmjs.org/browserify-istanbul 632ms (cache miss)
2745 silly packumentCache full:https://registry.npmjs.org/browserify-istanbul set size:undefined disposed:false
2746 silly fetch manifest char-split@0.2.0
2747 silly packumentCache full:https://registry.npmjs.org/char-split cache-miss
2748 http fetch GET 200 https://registry.npmjs.org/char-split 448ms (cache miss)
2749 silly packumentCache full:https://registry.npmjs.org/char-split set size:undefined disposed:false
2750 silly fetch manifest colors@0.6.2
2751 silly packumentCache full:https://registry.npmjs.org/colors cache-miss
2752 http fetch GET 200 https://registry.npmjs.org/colors 2253ms (cache miss)
2753 silly packumentCache full:https://registry.npmjs.org/colors set size:undefined disposed:false
2754 silly fetch manifest commander@2.1.0
2755 silly packumentCache full:https://registry.npmjs.org/commander cache-hit
2756 silly fetch manifest compression@1.5.0
2757 silly packumentCache full:https://registry.npmjs.org/compression cache-miss
2758 http fetch GET 200 https://registry.npmjs.org/compression 1021ms (cache miss)
2759 silly packumentCache full:https://registry.npmjs.org/compression set size:undefined disposed:false
2760 silly fetch manifest convert-source-map@1.0.0
2761 silly packumentCache full:https://registry.npmjs.org/convert-source-map cache-hit
2762 silly fetch manifest debug@2.1.0
2763 silly packumentCache full:https://registry.npmjs.org/debug cache-hit
2764 silly fetch manifest express@3.4.8
2765 silly packumentCache full:https://registry.npmjs.org/express cache-miss
2766 http fetch GET 200 https://registry.npmjs.org/express 4487ms (cache miss)
2767 silly packumentCache full:https://registry.npmjs.org/express set size:undefined disposed:false
2768 silly fetch manifest express-state@1.0.3
2769 silly packumentCache full:https://registry.npmjs.org/express-state cache-miss
2770 http fetch GET 200 https://registry.npmjs.org/express-state 1300ms (cache miss)
2771 silly packumentCache full:https://registry.npmjs.org/express-state set size:undefined disposed:false
2772 silly fetch manifest find-nearest-file@1.0.0
2773 silly packumentCache full:https://registry.npmjs.org/find-nearest-file cache-miss
2774 http fetch GET 200 https://registry.npmjs.org/find-nearest-file 449ms (cache miss)
2775 silly packumentCache full:https://registry.npmjs.org/find-nearest-file set size:undefined disposed:false
2776 silly fetch manifest firefox-profile@0.2.7
2777 silly packumentCache full:https://registry.npmjs.org/firefox-profile cache-miss
2778 http fetch GET 200 https://registry.npmjs.org/firefox-profile 1389ms (cache miss)
2779 silly packumentCache full:https://registry.npmjs.org/firefox-profile set size:undefined disposed:false
2780 silly fetch manifest globs-to-files@1.0.0
2781 silly packumentCache full:https://registry.npmjs.org/globs-to-files cache-miss
2782 http fetch GET 200 https://registry.npmjs.org/globs-to-files 1330ms (cache miss)
2783 silly packumentCache full:https://registry.npmjs.org/globs-to-files set size:undefined disposed:false
2784 silly fetch manifest hbs@2.4.0
2785 silly packumentCache full:https://registry.npmjs.org/hbs cache-miss
2786 http fetch GET 200 https://registry.npmjs.org/hbs 1248ms (cache miss)
2787 silly packumentCache full:https://registry.npmjs.org/hbs set size:undefined disposed:false
2788 silly fetch manifest highlight.js@7.5.0
2789 silly packumentCache full:https://registry.npmjs.org/highlight.js cache-miss
2790 http fetch GET 200 https://registry.npmjs.org/highlight.js 3664ms (cache miss)
2791 silly packumentCache full:https://registry.npmjs.org/highlight.js set size:undefined disposed:false
2792 silly fetch manifest http-proxy@1.11.2
2793 silly packumentCache full:https://registry.npmjs.org/http-proxy cache-miss
2794 http fetch GET 200 https://registry.npmjs.org/http-proxy 2264ms (cache miss)
2795 silly packumentCache full:https://registry.npmjs.org/http-proxy set size:undefined disposed:false
2796 silly fetch manifest humanize-duration@2.4.0
2797 silly packumentCache full:https://registry.npmjs.org/humanize-duration cache-miss
2798 http fetch GET 200 https://registry.npmjs.org/humanize-duration 2076ms (cache miss)
2799 silly packumentCache full:https://registry.npmjs.org/humanize-duration set size:undefined disposed:false
2800 silly fetch manifest istanbul-middleware@0.2.2
2801 silly packumentCache full:https://registry.npmjs.org/istanbul-middleware cache-miss
2802 http fetch GET 200 https://registry.npmjs.org/istanbul-middleware 813ms (cache miss)
2803 silly packumentCache full:https://registry.npmjs.org/istanbul-middleware set size:undefined disposed:false
2804 silly fetch manifest load-script@0.0.5
2805 silly packumentCache full:https://registry.npmjs.org/load-script cache-miss
2806 http fetch GET 200 https://registry.npmjs.org/load-script 1632ms (cache miss)
2807 silly packumentCache full:https://registry.npmjs.org/load-script set size:undefined disposed:false
2808 silly fetch manifest lodash@3.10.1
2809 silly packumentCache full:https://registry.npmjs.org/lodash cache-hit
2810 silly fetch manifest opener@1.4.0
2811 silly packumentCache full:https://registry.npmjs.org/opener cache-miss
2812 http fetch GET 200 https://registry.npmjs.org/opener 745ms (cache miss)
2813 silly packumentCache full:https://registry.npmjs.org/opener set size:undefined disposed:false
2814 silly fetch manifest osenv@0.0.3
2815 silly packumentCache full:https://registry.npmjs.org/osenv cache-miss
2816 http fetch GET 200 https://registry.npmjs.org/osenv 437ms (cache miss)
2817 silly packumentCache full:https://registry.npmjs.org/osenv set size:undefined disposed:false
2818 silly fetch manifest shallow-copy@0.0.1
2819 silly packumentCache full:https://registry.npmjs.org/shallow-copy cache-miss
2820 http fetch GET 200 https://registry.npmjs.org/shallow-copy 1287ms (cache miss)
2821 silly packumentCache full:https://registry.npmjs.org/shallow-copy set size:undefined disposed:false
2822 silly fetch manifest shell-quote@1.4.1
2823 silly packumentCache full:https://registry.npmjs.org/shell-quote cache-hit
2824 silly fetch manifest stack-mapper@0.2.2
2825 silly packumentCache full:https://registry.npmjs.org/stack-mapper cache-miss
2826 http fetch GET 200 https://registry.npmjs.org/stack-mapper 705ms (cache miss)
2827 silly packumentCache full:https://registry.npmjs.org/stack-mapper set size:undefined disposed:false
2828 silly fetch manifest stacktrace-js@1.3.1
2829 silly packumentCache full:https://registry.npmjs.org/stacktrace-js cache-miss
2830 http fetch GET 200 https://registry.npmjs.org/stacktrace-js 3117ms (cache miss)
2831 silly packumentCache full:https://registry.npmjs.org/stacktrace-js set size:undefined disposed:false
2832 silly fetch manifest superagent@0.15.7
2833 silly packumentCache full:https://registry.npmjs.org/superagent cache-miss
2834 http fetch GET 200 https://registry.npmjs.org/superagent 5414ms (cache miss)
2835 silly packumentCache full:https://registry.npmjs.org/superagent set size:undefined disposed:false
2836 silly fetch manifest tap-finished@0.0.1
2837 silly packumentCache full:https://registry.npmjs.org/tap-finished cache-miss
2838 http fetch GET 200 https://registry.npmjs.org/tap-finished 1825ms (cache miss)
2839 silly packumentCache full:https://registry.npmjs.org/tap-finished set size:undefined disposed:false
2840 silly fetch manifest tap-parser@0.7.0
2841 silly packumentCache full:https://registry.npmjs.org/tap-parser cache-miss
2842 http fetch GET 200 https://registry.npmjs.org/tap-parser 8165ms (cache miss)
2843 silly packumentCache full:https://registry.npmjs.org/tap-parser set size:undefined disposed:false
2844 silly fetch manifest watchify@3.7.0
2845 silly packumentCache full:https://registry.npmjs.org/watchify cache-miss
2846 http fetch GET 200 https://registry.npmjs.org/watchify 3106ms (cache miss)
2847 silly packumentCache full:https://registry.npmjs.org/watchify set size:undefined disposed:false
2848 silly fetch manifest wd@0.3.11
2849 silly packumentCache full:https://registry.npmjs.org/wd cache-miss
2850 http fetch GET 200 https://registry.npmjs.org/wd 26644ms (cache miss)
2851 silly packumentCache full:https://registry.npmjs.org/wd set size:undefined disposed:false
2852 silly fetch manifest xtend@2.1.2
2853 silly packumentCache full:https://registry.npmjs.org/xtend cache-miss
2854 http fetch GET 200 https://registry.npmjs.org/xtend 681ms (cache miss)
2855 silly packumentCache full:https://registry.npmjs.org/xtend set size:undefined disposed:false
2856 silly fetch manifest yamljs@0.2.8
2857 silly packumentCache full:https://registry.npmjs.org/yamljs cache-miss
2858 http fetch GET 200 https://registry.npmjs.org/yamljs 1025ms (cache miss)
2859 silly packumentCache full:https://registry.npmjs.org/yamljs set size:undefined disposed:false
2860 silly fetch manifest zuul-localtunnel@1.1.0
2861 silly packumentCache full:https://registry.npmjs.org/zuul-localtunnel cache-miss
2862 http fetch GET 200 https://registry.npmjs.org/zuul-localtunnel 829ms (cache miss)
2863 silly packumentCache full:https://registry.npmjs.org/zuul-localtunnel set size:undefined disposed:false
2864 silly fetch manifest ava@^0.25.0
2865 silly packumentCache full:https://registry.npmjs.org/ava cache-miss
2866 http cache https://registry.npmjs.org/ava 32ms (cache hit)
2867 silly packumentCache full:https://registry.npmjs.org/ava set size:556691 disposed:false
2868 silly fetch manifest xo@^0.23.0
2869 silly packumentCache full:https://registry.npmjs.org/xo cache-miss
2870 http fetch GET 200 https://registry.npmjs.org/xo 5381ms (cache miss)
2871 silly packumentCache full:https://registry.npmjs.org/xo set size:undefined disposed:false
2872 silly placeDep node_modules/.pnpm/ansi-regex@4.1.1/node_modules/ansi-regex ava@0.25.0 OK for: ansi-regex@4.1.1 want: ^0.25.0
2873 silly placeDep ROOT xo@0.23.0 OK for: ansi-regex@4.1.1 want: ^0.23.0
2874 silly fetch manifest chalk@^2.0.1
2875 silly packumentCache full:https://registry.npmjs.org/chalk cache-hit
2876 silly fetch manifest debug@^3.0.1
2877 silly packumentCache full:https://registry.npmjs.org/debug cache-hit
2878 silly fetch manifest globby@^6.0.0
2879 silly packumentCache full:https://registry.npmjs.org/globby cache-hit
2880 silly fetch manifest semver@^5.4.1
2881 silly packumentCache full:https://registry.npmjs.org/semver cache-hit
2882 silly fetch manifest figures@^2.0.0
2883 silly packumentCache full:https://registry.npmjs.org/figures cache-miss
2884 http cache https://registry.npmjs.org/figures 80ms (cache hit)
2885 silly packumentCache full:https://registry.npmjs.org/figures set size:64597 disposed:false
2886 silly fetch manifest matcher@^1.0.0
2887 silly packumentCache full:https://registry.npmjs.org/matcher cache-miss
2888 http cache https://registry.npmjs.org/matcher 222ms (cache hit)
2889 silly packumentCache full:https://registry.npmjs.org/matcher set size:31202 disposed:false
2890 silly fetch manifest md5-hex@^2.0.0
2891 silly packumentCache full:https://registry.npmjs.org/md5-hex cache-miss
2892 http cache https://registry.npmjs.org/md5-hex 29ms (cache hit)
2893 silly packumentCache full:https://registry.npmjs.org/md5-hex set size:23173 disposed:false
2894 silly fetch manifest ava-init@^0.2.0
2895 silly packumentCache full:https://registry.npmjs.org/ava-init cache-miss
2896 http cache https://registry.npmjs.org/ava-init 15ms (cache hit)
2897 silly packumentCache full:https://registry.npmjs.org/ava-init set size:20477 disposed:false
2898 silly fetch manifest dot-prop@^4.1.0
2899 silly packumentCache full:https://registry.npmjs.org/dot-prop cache-miss
2900 http fetch GET 200 https://registry.npmjs.org/dot-prop 1950ms (cache miss)
2901 silly packumentCache full:https://registry.npmjs.org/dot-prop set size:undefined disposed:false
2902 silly fetch manifest get-port@^3.0.0
2903 silly packumentCache full:https://registry.npmjs.org/get-port cache-hit
2904 silly fetch manifest has-flag@^2.0.0
2905 silly packumentCache full:https://registry.npmjs.org/has-flag cache-miss
2906 http fetch GET 200 https://registry.npmjs.org/has-flag 769ms (cache miss)
2907 silly packumentCache full:https://registry.npmjs.org/has-flag set size:undefined disposed:false
2908 silly fetch manifest make-dir@^1.0.0
2909 silly packumentCache full:https://registry.npmjs.org/make-dir cache-miss
2910 http fetch GET 200 https://registry.npmjs.org/make-dir 898ms (cache miss)
2911 silly packumentCache full:https://registry.npmjs.org/make-dir set size:undefined disposed:false
2912 silly fetch manifest pkg-conf@^2.0.0
2913 silly packumentCache full:https://registry.npmjs.org/pkg-conf cache-miss
2914 http cache https://registry.npmjs.org/pkg-conf 185ms (cache hit)
2915 silly packumentCache full:https://registry.npmjs.org/pkg-conf set size:26982 disposed:false
2916 silly fetch manifest supertap@^1.0.0
2917 silly packumentCache full:https://registry.npmjs.org/supertap cache-miss
2918 http fetch GET 200 https://registry.npmjs.org/supertap 701ms (cache miss)
2919 silly packumentCache full:https://registry.npmjs.org/supertap set size:undefined disposed:false
2920 silly fetch manifest auto-bind@^1.1.0
2921 silly packumentCache full:https://registry.npmjs.org/auto-bind cache-miss
2922 http fetch GET 200 https://registry.npmjs.org/auto-bind 1060ms (cache miss)
2923 silly packumentCache full:https://registry.npmjs.org/auto-bind set size:undefined disposed:false
2924 silly fetch manifest pretty-ms@^3.0.0
2925 silly packumentCache full:https://registry.npmjs.org/pretty-ms cache-miss
2926 http cache https://registry.npmjs.org/pretty-ms 94ms (cache hit)
2927 silly packumentCache full:https://registry.npmjs.org/pretty-ms set size:61783 disposed:false
2928 silly fetch manifest babel-core@^6.17.0
2929 silly packumentCache full:https://registry.npmjs.org/babel-core cache-miss
2930 http cache https://registry.npmjs.org/babel-core 166ms (cache hit)
2931 silly packumentCache full:https://registry.npmjs.org/babel-core set size:617385 disposed:false
2932 silly fetch manifest cli-cursor@^2.1.0
2933 silly packumentCache full:https://registry.npmjs.org/cli-cursor cache-miss
2934 http cache https://registry.npmjs.org/cli-cursor 301ms (cache hit)
2935 silly packumentCache full:https://registry.npmjs.org/cli-cursor set size:18913 disposed:false
2936 silly fetch manifest strip-ansi@^4.0.0
2937 silly packumentCache full:https://registry.npmjs.org/strip-ansi cache-hit
2938 silly fetch manifest ansi-styles@^3.1.0
2939 silly packumentCache full:https://registry.npmjs.org/ansi-styles cache-hit
2940 silly fetch manifest clean-stack@^1.1.1
2941 silly packumentCache full:https://registry.npmjs.org/clean-stack cache-miss
2942 http fetch GET 200 https://registry.npmjs.org/clean-stack 3790ms (cache miss)
2943 silly packumentCache full:https://registry.npmjs.org/clean-stack set size:undefined disposed:false
2944 silly fetch manifest concordance@^3.0.0
2945 silly packumentCache full:https://registry.npmjs.org/concordance cache-miss
2946 http fetch GET 200 https://registry.npmjs.org/concordance 1007ms (cache miss)
2947 silly packumentCache full:https://registry.npmjs.org/concordance set size:undefined disposed:false
2948 silly fetch manifest core-assert@^0.2.0
2949 silly packumentCache full:https://registry.npmjs.org/core-assert cache-miss
2950 http cache https://registry.npmjs.org/core-assert 16ms (cache hit)
2951 silly packumentCache full:https://registry.npmjs.org/core-assert set size:14821 disposed:false
2952 silly fetch manifest resolve-cwd@^2.0.0
2953 silly packumentCache full:https://registry.npmjs.org/resolve-cwd cache-miss
2954 http cache https://registry.npmjs.org/resolve-cwd 15ms (cache hit)
2955 silly packumentCache full:https://registry.npmjs.org/resolve-cwd set size:8449 disposed:false
2956 silly fetch manifest stack-utils@^1.0.1
2957 silly packumentCache full:https://registry.npmjs.org/stack-utils cache-miss
2958 http cache https://registry.npmjs.org/stack-utils 11ms (cache hit)
2959 silly packumentCache full:https://registry.npmjs.org/stack-utils set size:60586 disposed:false
2960 silly fetch manifest ansi-escapes@^3.0.0
2961 silly packumentCache full:https://registry.npmjs.org/ansi-escapes cache-miss
2962 http fetch GET 200 https://registry.npmjs.org/ansi-escapes 1384ms (cache miss)
2963 silly packumentCache full:https://registry.npmjs.org/ansi-escapes set size:undefined disposed:false
2964 silly fetch manifest cli-spinners@^1.0.0
2965 silly packumentCache full:https://registry.npmjs.org/cli-spinners cache-miss
2966 http cache https://registry.npmjs.org/cli-spinners 14ms (cache hit)
2967 silly packumentCache full:https://registry.npmjs.org/cli-spinners set size:67473 disposed:false
2968 silly fetch manifest cli-truncate@^1.0.0
2969 silly packumentCache full:https://registry.npmjs.org/cli-truncate cache-miss
2970 http cache https://registry.npmjs.org/cli-truncate 14ms (cache hit)
2971 silly packumentCache full:https://registry.npmjs.org/cli-truncate set size:40857 disposed:false
2972 silly fetch manifest code-excerpt@^2.1.1
2973 silly packumentCache full:https://registry.npmjs.org/code-excerpt cache-miss
2974 http fetch GET 200 https://registry.npmjs.org/code-excerpt 690ms (cache miss)
2975 silly packumentCache full:https://registry.npmjs.org/code-excerpt set size:undefined disposed:false
2976 silly fetch manifest empower-core@^0.6.1
2977 silly packumentCache full:https://registry.npmjs.org/empower-core cache-miss
2978 http cache https://registry.npmjs.org/empower-core 11ms (cache hit)
2979 silly packumentCache full:https://registry.npmjs.org/empower-core set size:34890 disposed:false
2980 silly fetch manifest equal-length@^1.0.0
2981 silly packumentCache full:https://registry.npmjs.org/equal-length cache-miss
2982 http fetch GET 200 https://registry.npmjs.org/equal-length 477ms (cache miss)
2983 silly packumentCache full:https://registry.npmjs.org/equal-length set size:undefined disposed:false
2984 silly fetch manifest import-local@^0.1.1
2985 silly packumentCache full:https://registry.npmjs.org/import-local cache-hit
2986 silly fetch manifest option-chain@^1.0.0
2987 silly packumentCache full:https://registry.npmjs.org/option-chain cache-miss
2988 http cache https://registry.npmjs.org/option-chain 15ms (cache hit)
2989 silly packumentCache full:https://registry.npmjs.org/option-chain set size:8749 disposed:false
2990 silly fetch manifest package-hash@^2.0.0
2991 silly packumentCache full:https://registry.npmjs.org/package-hash cache-miss
2992 http fetch GET 200 https://registry.npmjs.org/package-hash 1111ms (cache miss)
2993 silly packumentCache full:https://registry.npmjs.org/package-hash set size:undefined disposed:false
2994 silly fetch manifest indent-string@^3.0.0
2995 silly packumentCache full:https://registry.npmjs.org/indent-string cache-miss
2996 http fetch GET 200 https://registry.npmjs.org/indent-string 811ms (cache miss)
2997 silly packumentCache full:https://registry.npmjs.org/indent-string set size:undefined disposed:false
2998 silly fetch manifest is-observable@^1.0.0
2999 silly packumentCache full:https://registry.npmjs.org/is-observable cache-miss
3000 http cache https://registry.npmjs.org/is-observable 12ms (cache hit)
3001 silly packumentCache full:https://registry.npmjs.org/is-observable set size:16004 disposed:false
3002 silly fetch manifest strip-bom-buf@^1.0.0
3003 silly packumentCache full:https://registry.npmjs.org/strip-bom-buf cache-miss
3004 http fetch GET 200 https://registry.npmjs.org/strip-bom-buf 983ms (cache miss)
3005 silly packumentCache full:https://registry.npmjs.org/strip-bom-buf set size:undefined disposed:false
3006 silly fetch manifest find-cache-dir@^1.0.0
3007 silly packumentCache full:https://registry.npmjs.org/find-cache-dir cache-miss
3008 http cache https://registry.npmjs.org/find-cache-dir 15ms (cache hit)
3009 silly packumentCache full:https://registry.npmjs.org/find-cache-dir set size:35762 disposed:false
3010 silly fetch manifest lodash.flatten@^4.2.0
3011 silly packumentCache full:https://registry.npmjs.org/lodash.flatten cache-miss
3012 http fetch GET 200 https://registry.npmjs.org/lodash.flatten 544ms (cache miss)
3013 silly packumentCache full:https://registry.npmjs.org/lodash.flatten set size:undefined disposed:false
3014 silly fetch manifest supports-color@^5.0.0
3015 silly packumentCache full:https://registry.npmjs.org/supports-color cache-hit
3016 silly fetch manifest babel-generator@^6.26.0
3017 silly packumentCache full:https://registry.npmjs.org/babel-generator cache-miss
3018 http fetch GET 200 https://registry.npmjs.org/babel-generator 2002ms (cache miss)
3019 silly packumentCache full:https://registry.npmjs.org/babel-generator set size:undefined disposed:false
3020 silly fetch manifest update-notifier@^2.3.0
3021 silly packumentCache full:https://registry.npmjs.org/update-notifier cache-hit
3022 silly fetch manifest lodash.difference@^4.3.0
3023 silly packumentCache full:https://registry.npmjs.org/lodash.difference cache-miss
3024 http fetch GET 200 https://registry.npmjs.org/lodash.difference 1957ms (cache miss)
3025 silly packumentCache full:https://registry.npmjs.org/lodash.difference set size:undefined disposed:false
3026 silly fetch manifest trim-off-newlines@^1.0.1
3027 silly packumentCache full:https://registry.npmjs.org/trim-off-newlines cache-miss
3028 http fetch GET 200 https://registry.npmjs.org/trim-off-newlines 724ms (cache miss)
3029 silly packumentCache full:https://registry.npmjs.org/trim-off-newlines set size:undefined disposed:false
3030 silly fetch manifest @concordance/react@^1.0.0
3031 silly packumentCache full:https://registry.npmjs.org/@concordance%2freact cache-miss
3032 http fetch GET 200 https://registry.npmjs.org/@concordance%2freact 753ms (cache miss)
3033 silly packumentCache full:https://registry.npmjs.org/@concordance%2freact set size:undefined disposed:false
3034 silly fetch manifest convert-source-map@^1.5.1
3035 silly packumentCache full:https://registry.npmjs.org/convert-source-map cache-hit
3036 silly fetch manifest @ladjs/time-require@^0.1.4
3037 silly packumentCache full:https://registry.npmjs.org/@ladjs%2ftime-require cache-miss
3038 http fetch GET 200 https://registry.npmjs.org/@ladjs%2ftime-require 3399ms (cache miss)
3039 silly packumentCache full:https://registry.npmjs.org/@ladjs%2ftime-require set size:undefined disposed:false
3040 silly fetch manifest currently-unhandled@^0.4.1
3041 silly packumentCache full:https://registry.npmjs.org/currently-unhandled cache-miss
3042 http fetch GET 200 https://registry.npmjs.org/currently-unhandled 732ms (cache miss)
3043 silly packumentCache full:https://registry.npmjs.org/currently-unhandled set size:undefined disposed:false
3044 silly fetch manifest lodash.clonedeepwith@^4.5.0
3045 silly packumentCache full:https://registry.npmjs.org/lodash.clonedeepwith cache-miss
3046 http fetch GET 200 https://registry.npmjs.org/lodash.clonedeepwith 721ms (cache miss)
3047 silly packumentCache full:https://registry.npmjs.org/lodash.clonedeepwith set size:undefined disposed:false
3048 silly fetch manifest observable-to-promise@^0.5.0
3049 silly packumentCache full:https://registry.npmjs.org/observable-to-promise cache-miss
3050 http cache https://registry.npmjs.org/observable-to-promise 11ms (cache hit)
3051 silly packumentCache full:https://registry.npmjs.org/observable-to-promise set size:15357 disposed:false
3052 silly fetch manifest @ava/write-file-atomic@^2.2.0
3053 silly packumentCache full:https://registry.npmjs.org/@ava%2fwrite-file-atomic cache-miss
3054 http fetch GET 200 https://registry.npmjs.org/@ava%2fwrite-file-atomic 813ms (cache miss)
3055 silly packumentCache full:https://registry.npmjs.org/@ava%2fwrite-file-atomic set size:undefined disposed:false
3056 silly fetch manifest @ava/babel-preset-stage-4@^1.1.0
3057 silly packumentCache full:https://registry.npmjs.org/@ava%2fbabel-preset-stage-4 cache-miss
3058 http fetch GET 200 https://registry.npmjs.org/@ava%2fbabel-preset-stage-4 1428ms (cache miss)
3059 silly packumentCache full:https://registry.npmjs.org/@ava%2fbabel-preset-stage-4 set size:undefined disposed:false
3060 silly fetch manifest hullabaloo-config-manager@^1.1.0
3061 silly packumentCache full:https://registry.npmjs.org/hullabaloo-config-manager cache-miss
3062 http fetch GET 200 https://registry.npmjs.org/hullabaloo-config-manager 955ms (cache miss)
3063 silly packumentCache full:https://registry.npmjs.org/hullabaloo-config-manager set size:undefined disposed:false
3064 silly fetch manifest @ava/babel-preset-transform-test-files@^3.0.0
3065 silly packumentCache full:https://registry.npmjs.org/@ava%2fbabel-preset-transform-test-files cache-miss
3066 http fetch GET 200 https://registry.npmjs.org/@ava%2fbabel-preset-transform-test-files 1787ms (cache miss)
3067 silly packumentCache full:https://registry.npmjs.org/@ava%2fbabel-preset-transform-test-files set size:undefined disposed:false
3068 silly fetch manifest babel-plugin-syntax-object-rest-spread@^6.13.0
3069 silly packumentCache full:https://registry.npmjs.org/babel-plugin-syntax-object-rest-spread cache-miss
3070 http fetch GET 200 https://registry.npmjs.org/babel-plugin-syntax-object-rest-spread 995ms (cache miss)
3071 silly packumentCache full:https://registry.npmjs.org/babel-plugin-syntax-object-rest-spread set size:undefined disposed:false
3072 silly fetch manifest meow@^5.0.0
3073 silly packumentCache full:https://registry.npmjs.org/meow cache-hit
3074 silly fetch manifest debug@^3.1.0
3075 silly packumentCache full:https://registry.npmjs.org/debug cache-hit
3076 silly fetch manifest slash@^2.0.0
3077 silly packumentCache full:https://registry.npmjs.org/slash cache-hit
3078 silly fetch manifest arrify@^1.0.1
3079 silly packumentCache full:https://registry.npmjs.org/arrify cache-miss
3080 http cache https://registry.npmjs.org/arrify 13ms (cache hit)
3081 silly packumentCache full:https://registry.npmjs.org/arrify set size:11862 disposed:false
3082 silly fetch manifest eslint@^5.5.0
3083 silly packumentCache full:https://registry.npmjs.org/eslint cache-miss
3084 http cache https://registry.npmjs.org/eslint 32ms (cache hit)
3085 silly packumentCache full:https://registry.npmjs.org/eslint set size:2040662 disposed:false
3086 silly fetch manifest globby@^8.0.0
3087 silly packumentCache full:https://registry.npmjs.org/globby cache-hit
3088 silly fetch manifest semver@^5.5.0
3089 silly packumentCache full:https://registry.npmjs.org/semver cache-hit
3090 silly fetch manifest xo-init@^0.7.0
3091 silly packumentCache full:https://registry.npmjs.org/xo-init cache-miss
3092 http fetch GET 200 https://registry.npmjs.org/xo-init 2205ms (cache miss)
3093 silly packumentCache full:https://registry.npmjs.org/xo-init set size:undefined disposed:false
3094 silly fetch manifest has-flag@^3.0.0
3095 silly packumentCache full:https://registry.npmjs.org/has-flag cache-miss
3096 http cache https://registry.npmjs.org/has-flag 13ms (cache hit)
3097 silly packumentCache full:https://registry.npmjs.org/has-flag set size:15180 disposed:false
3098 silly fetch manifest pkg-conf@^2.1.0
3099 silly packumentCache full:https://registry.npmjs.org/pkg-conf cache-hit
3100 silly fetch manifest prettier@^1.12.1
3101 silly packumentCache full:https://registry.npmjs.org/prettier cache-hit
3102 silly fetch manifest get-stdin@^6.0.0
3103 silly packumentCache full:https://registry.npmjs.org/get-stdin cache-miss
3104 http fetch GET 200 https://registry.npmjs.org/get-stdin 895ms (cache miss)
3105 silly packumentCache full:https://registry.npmjs.org/get-stdin set size:undefined disposed:false
3106 silly fetch manifest open-editor@^1.2.0
3107 silly packumentCache full:https://registry.npmjs.org/open-editor cache-miss
3108 http fetch GET 200 https://registry.npmjs.org/open-editor 1429ms (cache miss)
3109 silly packumentCache full:https://registry.npmjs.org/open-editor set size:undefined disposed:false
3110 silly fetch manifest path-exists@^3.0.0
3111 silly packumentCache full:https://registry.npmjs.org/path-exists cache-hit
3112 silly fetch manifest resolve-from@^4.0.0
3113 silly packumentCache full:https://registry.npmjs.org/resolve-from cache-hit
3114 silly fetch manifest lodash.isequal@^4.5.0
3115 silly packumentCache full:https://registry.npmjs.org/lodash.isequal cache-miss
3116 http fetch GET 200 https://registry.npmjs.org/lodash.isequal 976ms (cache miss)
3117 silly packumentCache full:https://registry.npmjs.org/lodash.isequal set size:undefined disposed:false
3118 silly fetch manifest eslint-config-xo@^0.25.0
3119 silly packumentCache full:https://registry.npmjs.org/eslint-config-xo cache-miss
3120 http fetch GET 200 https://registry.npmjs.org/eslint-config-xo 5132ms (cache miss)
3121 silly packumentCache full:https://registry.npmjs.org/eslint-config-xo set size:undefined disposed:false
3122 silly fetch manifest lodash.mergewith@^4.6.1
3123 silly packumentCache full:https://registry.npmjs.org/lodash.mergewith cache-miss
3124 http fetch GET 200 https://registry.npmjs.org/lodash.mergewith 1002ms (cache miss)
3125 silly packumentCache full:https://registry.npmjs.org/lodash.mergewith set size:undefined disposed:false
3126 silly fetch manifest eslint-plugin-ava@^5.1.0
3127 silly packumentCache full:https://registry.npmjs.org/eslint-plugin-ava cache-miss
3128 http fetch GET 200 https://registry.npmjs.org/eslint-plugin-ava 4345ms (cache miss)
3129 silly packumentCache full:https://registry.npmjs.org/eslint-plugin-ava set size:undefined disposed:false
3130 silly fetch manifest eslint-plugin-node@^7.0.0
3131 silly packumentCache full:https://registry.npmjs.org/eslint-plugin-node cache-hit
3132 silly fetch manifest eslint-plugin-import@^2.14.0
3133 silly packumentCache full:https://registry.npmjs.org/eslint-plugin-import cache-hit
3134 silly fetch manifest eslint-plugin-promise@^4.0.0
3135 silly packumentCache full:https://registry.npmjs.org/eslint-plugin-promise cache-miss
3136 http fetch GET 200 https://registry.npmjs.org/eslint-plugin-promise 3219ms (cache miss)
3137 silly packumentCache full:https://registry.npmjs.org/eslint-plugin-promise set size:undefined disposed:false
3138 silly fetch manifest eslint-plugin-unicorn@^6.0.1
3139 silly packumentCache full:https://registry.npmjs.org/eslint-plugin-unicorn cache-miss
3140 http fetch GET 200 https://registry.npmjs.org/eslint-plugin-unicorn 13538ms (cache miss)
3141 silly packumentCache full:https://registry.npmjs.org/eslint-plugin-unicorn set size:undefined disposed:false
3142 silly fetch manifest eslint-config-prettier@^3.0.1
3143 silly packumentCache full:https://registry.npmjs.org/eslint-config-prettier cache-hit
3144 silly fetch manifest eslint-plugin-prettier@^2.6.0
3145 silly packumentCache full:https://registry.npmjs.org/eslint-plugin-prettier cache-hit
3146 silly fetch manifest eslint-formatter-pretty@^1.3.0
3147 silly packumentCache full:https://registry.npmjs.org/eslint-formatter-pretty cache-miss
3148 http fetch GET 200 https://registry.npmjs.org/eslint-formatter-pretty 2543ms (cache miss)
3149 silly packumentCache full:https://registry.npmjs.org/eslint-formatter-pretty set size:undefined disposed:false
3150 silly fetch manifest eslint-plugin-no-use-extend-native@^0.3.12
3151 silly packumentCache full:https://registry.npmjs.org/eslint-plugin-no-use-extend-native cache-miss
3152 http fetch GET 200 https://registry.npmjs.org/eslint-plugin-no-use-extend-native 2751ms (cache miss)
3153 silly packumentCache full:https://registry.npmjs.org/eslint-plugin-no-use-extend-native set size:undefined disposed:false
3154 silly fetch manifest ava@^2.4.0
3155 silly packumentCache full:https://registry.npmjs.org/ava cache-hit
3156 silly fetch manifest tsd@^0.9.0
3157 silly packumentCache full:https://registry.npmjs.org/tsd cache-miss
3158 http fetch GET 200 https://registry.npmjs.org/tsd 7798ms (cache miss)
3159 silly packumentCache full:https://registry.npmjs.org/tsd set size:undefined disposed:false
3160 silly fetch manifest xo@^0.25.3
3161 silly packumentCache full:https://registry.npmjs.org/xo cache-miss
3162 http cache https://registry.npmjs.org/xo 15ms (cache hit)
3163 silly packumentCache full:https://registry.npmjs.org/xo set size:520689 disposed:false
3164 silly placeDep node_modules/.pnpm/ansi-regex@5.0.1/node_modules/ansi-regex ava@2.4.0 OK for: ansi-regex@5.0.1 want: ^2.4.0
3165 silly placeDep ROOT tsd@0.9.0 OK for: ansi-regex@5.0.1 want: ^0.9.0
3166 silly placeDep node_modules/.pnpm/ansi-regex@5.0.1/node_modules/ansi-regex xo@0.25.4 OK for: ansi-regex@5.0.1 want: ^0.25.3
3167 silly fetch manifest del@^4.1.1
3168 silly packumentCache full:https://registry.npmjs.org/del cache-hit
3169 silly fetch manifest esm@^3.2.25
3170 silly packumentCache full:https://registry.npmjs.org/esm cache-miss
3171 http fetch GET 200 https://registry.npmjs.org/esm 15726ms (cache miss)
3172 silly packumentCache full:https://registry.npmjs.org/esm set size:undefined disposed:false
3173 silly fetch manifest plur@^3.1.1
3174 silly packumentCache full:https://registry.npmjs.org/plur cache-miss
3175 http cache https://registry.npmjs.org/plur 13ms (cache hit)
3176 silly packumentCache full:https://registry.npmjs.org/plur set size:26870 disposed:false
3177 silly fetch manifest chalk@^2.4.2
3178 silly packumentCache full:https://registry.npmjs.org/chalk cache-hit
3179 silly fetch manifest is-ci@^2.0.0
3180 silly packumentCache full:https://registry.npmjs.org/is-ci cache-miss
3181 http cache https://registry.npmjs.org/is-ci 16ms (cache hit)
3182 silly packumentCache full:https://registry.npmjs.org/is-ci set size:35380 disposed:false
3183 silly fetch manifest arrify@^2.0.1
3184 silly packumentCache full:https://registry.npmjs.org/arrify cache-hit
3185 silly fetch manifest chunkd@^1.0.0
3186 silly packumentCache full:https://registry.npmjs.org/chunkd cache-miss
3187 http fetch GET 200 https://registry.npmjs.org/chunkd 3984ms (cache miss)
3188 silly packumentCache full:https://registry.npmjs.org/chunkd set size:undefined disposed:false
3189 silly fetch manifest globby@^10.0.1
3190 silly packumentCache full:https://registry.npmjs.org/globby cache-hit
3191 silly fetch manifest lodash@^4.17.15
3192 silly packumentCache full:https://registry.npmjs.org/lodash cache-hit
3193 silly fetch manifest figures@^3.0.0
3194 silly packumentCache full:https://registry.npmjs.org/figures cache-hit
3195 silly fetch manifest matcher@^2.0.0
3196 silly packumentCache full:https://registry.npmjs.org/matcher cache-hit
3197 silly fetch manifest md5-hex@^3.0.1
3198 silly packumentCache full:https://registry.npmjs.org/md5-hex cache-hit
3199 silly fetch manifest chokidar@^3.0.2
3200 silly packumentCache full:https://registry.npmjs.org/chokidar cache-hit
3201 silly fetch manifest dot-prop@^5.1.0
3202 silly packumentCache full:https://registry.npmjs.org/dot-prop cache-miss
3203 http cache https://registry.npmjs.org/dot-prop 26ms (cache hit)
3204 silly packumentCache full:https://registry.npmjs.org/dot-prop set size:77505 disposed:false
3205 silly fetch manifest emittery@^0.4.1
3206 silly packumentCache full:https://registry.npmjs.org/emittery cache-miss
3207 http fetch GET 200 https://registry.npmjs.org/emittery 7617ms (cache miss)
3208 silly packumentCache full:https://registry.npmjs.org/emittery set size:undefined disposed:false
3209 silly fetch manifest get-port@^5.0.0
3210 silly packumentCache full:https://registry.npmjs.org/get-port cache-hit
3211 silly fetch manifest is-error@^2.2.2
3212 silly packumentCache full:https://registry.npmjs.org/is-error cache-miss
3213 http fetch GET 200 https://registry.npmjs.org/is-error 2062ms (cache miss)
3214 silly packumentCache full:https://registry.npmjs.org/is-error set size:undefined disposed:false
3215 silly fetch manifest make-dir@^3.0.0
3216 silly packumentCache full:https://registry.npmjs.org/make-dir cache-miss
3217 http cache https://registry.npmjs.org/make-dir 15ms (cache hit)
3218 silly packumentCache full:https://registry.npmjs.org/make-dir set size:34889 disposed:false
3219 silly fetch manifest pkg-conf@^3.1.0
3220 silly packumentCache full:https://registry.npmjs.org/pkg-conf cache-hit
3221 silly fetch manifest pretty-ms@^5.0.0
3222 silly packumentCache full:https://registry.npmjs.org/pretty-ms cache-hit
3223 silly fetch manifest array-uniq@^2.1.0
3224 silly packumentCache full:https://registry.npmjs.org/array-uniq cache-miss
3225 http cache https://registry.npmjs.org/array-uniq 9ms (cache hit)
3226 silly packumentCache full:https://registry.npmjs.org/array-uniq set size:17812 disposed:false
3227 silly fetch manifest cli-cursor@^3.1.0
3228 silly packumentCache full:https://registry.npmjs.org/cli-cursor cache-hit
3229 silly fetch manifest strip-ansi@^5.2.0
3230 silly packumentCache full:https://registry.npmjs.org/strip-ansi cache-hit
3231 silly fetch manifest trim-right@^1.0.1
3232 silly packumentCache full:https://registry.npmjs.org/trim-right cache-miss
3233 http fetch GET 200 https://registry.npmjs.org/trim-right 1390ms (cache miss)
3234 silly packumentCache full:https://registry.npmjs.org/trim-right set size:undefined disposed:false
3235 silly fetch manifest ansi-styles@^4.1.0
3236 silly packumentCache full:https://registry.npmjs.org/ansi-styles cache-hit
3237 silly fetch manifest arr-flatten@^1.1.0
3238 silly packumentCache full:https://registry.npmjs.org/arr-flatten cache-miss
3239 http cache https://registry.npmjs.org/arr-flatten 17ms (cache hit)
3240 silly packumentCache full:https://registry.npmjs.org/arr-flatten set size:19571 disposed:false
3241 silly fetch manifest array-union@^2.1.0
3242 silly packumentCache full:https://registry.npmjs.org/array-union cache-miss
3243 http cache https://registry.npmjs.org/array-union 13ms (cache hit)
3244 silly packumentCache full:https://registry.npmjs.org/array-union set size:18386 disposed:false
3245 silly fetch manifest clean-stack@^2.2.0
3246 silly packumentCache full:https://registry.npmjs.org/clean-stack cache-miss
3247 http cache https://registry.npmjs.org/clean-stack 13ms (cache hit)
3248 silly packumentCache full:https://registry.npmjs.org/clean-stack set size:52858 disposed:false
3249 silly fetch manifest concordance@^4.0.0
3250 silly packumentCache full:https://registry.npmjs.org/concordance cache-miss
3251 http cache https://registry.npmjs.org/concordance 11ms (cache hit)
3252 silly packumentCache full:https://registry.npmjs.org/concordance set size:41867 disposed:false
3253 silly fetch manifest resolve-cwd@^3.0.0
3254 silly packumentCache full:https://registry.npmjs.org/resolve-cwd cache-hit
3255 silly fetch manifest stack-utils@^1.0.2
3256 silly packumentCache full:https://registry.npmjs.org/stack-utils cache-hit
3257 silly fetch manifest ansi-escapes@^4.2.1
3258 silly packumentCache full:https://registry.npmjs.org/ansi-escapes cache-miss
3259 http cache https://registry.npmjs.org/ansi-escapes 19ms (cache hit)
3260 silly packumentCache full:https://registry.npmjs.org/ansi-escapes set size:70915 disposed:false
3261 silly fetch manifest cli-truncate@^2.0.0
3262 silly packumentCache full:https://registry.npmjs.org/cli-truncate cache-hit
3263 silly fetch manifest empower-core@^1.2.0
3264 silly packumentCache full:https://registry.npmjs.org/empower-core cache-hit
3265 silly fetch manifest package-hash@^4.0.0
3266 silly packumentCache full:https://registry.npmjs.org/package-hash cache-miss
3267 http cache https://registry.npmjs.org/package-hash 9ms (cache hit)
3268 silly packumentCache full:https://registry.npmjs.org/package-hash set size:19988 disposed:false
3269 silly fetch manifest indent-string@^4.0.0
3270 silly packumentCache full:https://registry.npmjs.org/indent-string cache-miss
3271 http cache https://registry.npmjs.org/indent-string 9ms (cache hit)
3272 silly packumentCache full:https://registry.npmjs.org/indent-string set size:28547 disposed:false
3273 silly fetch manifest is-observable@^2.0.0
3274 silly packumentCache full:https://registry.npmjs.org/is-observable cache-hit
3275 silly fetch manifest strip-bom-buf@^2.0.0
3276 silly packumentCache full:https://registry.npmjs.org/strip-bom-buf cache-miss
3277 http cache https://registry.npmjs.org/strip-bom-buf 14ms (cache hit)
3278 silly packumentCache full:https://registry.npmjs.org/strip-bom-buf set size:13258 disposed:false
3279 silly fetch manifest loud-rejection@^2.1.0
3280 silly packumentCache full:https://registry.npmjs.org/loud-rejection cache-miss
3281 http cache https://registry.npmjs.org/loud-rejection 17ms (cache hit)
3282 silly packumentCache full:https://registry.npmjs.org/loud-rejection set size:29632 disposed:false
3283 silly fetch manifest supports-color@^7.0.0
3284 silly packumentCache full:https://registry.npmjs.org/supports-color cache-hit
3285 silly fetch manifest is-plain-object@^3.0.0
3286 silly packumentCache full:https://registry.npmjs.org/is-plain-object cache-miss
3287 http fetch GET 200 https://registry.npmjs.org/is-plain-object 2802ms (cache miss)
3288 silly packumentCache full:https://registry.npmjs.org/is-plain-object set size:undefined disposed:false
3289 silly fetch manifest update-notifier@^3.0.1
3290 silly packumentCache full:https://registry.npmjs.org/update-notifier cache-hit
3291 silly fetch manifest ci-parallel-vars@^1.0.0
3292 silly packumentCache full:https://registry.npmjs.org/ci-parallel-vars cache-miss
3293 http fetch GET 200 https://registry.npmjs.org/ci-parallel-vars 2633ms (cache miss)
3294 silly packumentCache full:https://registry.npmjs.org/ci-parallel-vars set size:undefined disposed:false
3295 silly fetch manifest write-file-atomic@^3.0.0
3296 silly packumentCache full:https://registry.npmjs.org/write-file-atomic cache-miss
3297 http fetch GET 200 https://registry.npmjs.org/write-file-atomic 5123ms (cache miss)
3298 silly packumentCache full:https://registry.npmjs.org/write-file-atomic set size:undefined disposed:false
3299 silly fetch manifest @concordance/react@^2.0.0
3300 silly packumentCache full:https://registry.npmjs.org/@concordance%2freact cache-miss
3301 http cache https://registry.npmjs.org/@concordance%2freact 14ms (cache hit)
3302 silly packumentCache full:https://registry.npmjs.org/@concordance%2freact set size:11881 disposed:false
3303 silly fetch manifest convert-source-map@^1.6.0
3304 silly packumentCache full:https://registry.npmjs.org/convert-source-map cache-hit
3305 silly fetch manifest escape-string-regexp@^2.0.0
3306 silly packumentCache full:https://registry.npmjs.org/escape-string-regexp cache-hit
3307 silly fetch manifest observable-to-promise@^1.0.0
3308 silly packumentCache full:https://registry.npmjs.org/observable-to-promise cache-hit
3309 silly fetch manifest @ava/babel-preset-stage-4@^4.0.0
3310 silly packumentCache full:https://registry.npmjs.org/@ava%2fbabel-preset-stage-4 cache-miss
3311 http cache https://registry.npmjs.org/@ava%2fbabel-preset-stage-4 31ms (cache hit)
3312 silly packumentCache full:https://registry.npmjs.org/@ava%2fbabel-preset-stage-4 set size:75618 disposed:false
3313 silly fetch manifest @ava/babel-preset-transform-test-files@^6.0.0
3314 silly packumentCache full:https://registry.npmjs.org/@ava%2fbabel-preset-transform-test-files cache-miss
3315 http cache https://registry.npmjs.org/@ava%2fbabel-preset-transform-test-files 112ms (cache hit)
3316 silly packumentCache full:https://registry.npmjs.org/@ava%2fbabel-preset-transform-test-files set size:52690 disposed:false
3317 silly fetch manifest globby@^9.1.0
3318 silly packumentCache full:https://registry.npmjs.org/globby cache-hit
3319 silly fetch manifest read-pkg-up@^4.0.0
3320 silly packumentCache full:https://registry.npmjs.org/read-pkg-up cache-miss
3321 http fetch GET 200 https://registry.npmjs.org/read-pkg-up 598ms (cache revalidated)
3322 silly packumentCache full:https://registry.npmjs.org/read-pkg-up set size:35986 disposed:false
3323 silly fetch manifest update-notifier@^2.5.0
3324 silly packumentCache full:https://registry.npmjs.org/update-notifier cache-hit
3325 silly fetch manifest eslint@^6.4.0
3326 silly packumentCache full:https://registry.npmjs.org/eslint cache-miss
3327 http fetch GET 200 https://registry.npmjs.org/eslint 240ms (cache revalidated)
3328 silly packumentCache full:https://registry.npmjs.org/eslint set size:2040662 disposed:false
3329 silly fetch manifest globby@^9.0.0
3330 silly packumentCache full:https://registry.npmjs.org/globby cache-hit
3331 silly fetch manifest semver@^6.3.0
3332 silly packumentCache full:https://registry.npmjs.org/semver cache-hit
3333 silly fetch manifest has-flag@^4.0.0
3334 silly packumentCache full:https://registry.npmjs.org/has-flag cache-hit
3335 silly fetch manifest prettier@^1.15.2
3336 silly packumentCache full:https://registry.npmjs.org/prettier cache-hit
3337 silly fetch manifest get-stdin@^7.0.0
3338 silly packumentCache full:https://registry.npmjs.org/get-stdin cache-miss
3339 http cache https://registry.npmjs.org/get-stdin 427ms (cache hit)
3340 silly packumentCache full:https://registry.npmjs.org/get-stdin set size:29409 disposed:false
3341 silly fetch manifest multimatch@^4.0.0
3342 silly packumentCache full:https://registry.npmjs.org/multimatch cache-miss
3343 http cache https://registry.npmjs.org/multimatch 16ms (cache hit)
3344 silly packumentCache full:https://registry.npmjs.org/multimatch set size:28188 disposed:false
3345 silly fetch manifest open-editor@^2.0.1
3346 silly packumentCache full:https://registry.npmjs.org/open-editor cache-miss
3347 http cache https://registry.npmjs.org/open-editor 8ms (cache hit)
3348 silly packumentCache full:https://registry.npmjs.org/open-editor set size:31085 disposed:false
3349 silly fetch manifest path-exists@^4.0.0
3350 silly packumentCache full:https://registry.npmjs.org/path-exists cache-hit
3351 silly fetch manifest find-cache-dir@^3.0.0
3352 silly packumentCache full:https://registry.npmjs.org/find-cache-dir cache-hit
3353 silly fetch manifest eslint-config-xo@^0.27.1
3354 silly packumentCache full:https://registry.npmjs.org/eslint-config-xo cache-miss
3355 http cache https://registry.npmjs.org/eslint-config-xo 11ms (cache hit)
3356 silly packumentCache full:https://registry.npmjs.org/eslint-config-xo set size:221886 disposed:false
3357 silly fetch manifest lodash.mergewith@^4.6.2
3358 silly packumentCache full:https://registry.npmjs.org/lodash.mergewith cache-miss
3359 http cache https://registry.npmjs.org/lodash.mergewith 23ms (cache hit)
3360 silly packumentCache full:https://registry.npmjs.org/lodash.mergewith set size:42135 disposed:false
3361 silly fetch manifest eslint-plugin-ava@^9.0.0
3362 silly packumentCache full:https://registry.npmjs.org/eslint-plugin-ava cache-miss
3363 http cache https://registry.npmjs.org/eslint-plugin-ava 10ms (cache hit)
3364 silly packumentCache full:https://registry.npmjs.org/eslint-plugin-ava set size:182126 disposed:false
3365 silly fetch manifest eslint-plugin-node@^10.0.0
3366 silly packumentCache full:https://registry.npmjs.org/eslint-plugin-node cache-hit
3367 silly fetch manifest eslint-plugin-import@^2.18.2
3368 silly packumentCache full:https://registry.npmjs.org/eslint-plugin-import cache-hit
3369 silly fetch manifest eslint-plugin-unicorn@^12.0.0
3370 silly packumentCache full:https://registry.npmjs.org/eslint-plugin-unicorn cache-miss
3371 http cache https://registry.npmjs.org/eslint-plugin-unicorn 15ms (cache hit)
3372 silly packumentCache full:https://registry.npmjs.org/eslint-plugin-unicorn set size:605915 disposed:false
3373 silly fetch manifest eslint-config-prettier@^6.3.0
3374 silly packumentCache full:https://registry.npmjs.org/eslint-config-prettier cache-hit
3375 silly fetch manifest eslint-plugin-prettier@^3.1.1
3376 silly packumentCache full:https://registry.npmjs.org/eslint-plugin-prettier cache-hit
3377 silly fetch manifest eslint-formatter-pretty@^2.0.0
3378 silly packumentCache full:https://registry.npmjs.org/eslint-formatter-pretty cache-miss
3379 http cache https://registry.npmjs.org/eslint-formatter-pretty 11ms (cache hit)
3380 silly packumentCache full:https://registry.npmjs.org/eslint-formatter-pretty set size:56007 disposed:false
3381 silly fetch manifest eslint-plugin-eslint-comments@^3.0.1
3382 silly packumentCache full:https://registry.npmjs.org/eslint-plugin-eslint-comments cache-miss
3383 http fetch GET 200 https://registry.npmjs.org/eslint-plugin-eslint-comments 3749ms (cache miss)
3384 silly packumentCache full:https://registry.npmjs.org/eslint-plugin-eslint-comments set size:undefined disposed:false
3385 silly fetch manifest eslint-plugin-no-use-extend-native@^0.4.0
3386 silly packumentCache full:https://registry.npmjs.org/eslint-plugin-no-use-extend-native cache-miss
3387 http cache https://registry.npmjs.org/eslint-plugin-no-use-extend-native 20ms (cache hit)
3388 silly packumentCache full:https://registry.npmjs.org/eslint-plugin-no-use-extend-native set size:75284 disposed:false
3389 silly fetch manifest svg-term-cli@^2.1.1
3390 silly packumentCache full:https://registry.npmjs.org/svg-term-cli cache-miss
3391 http fetch GET 200 https://registry.npmjs.org/svg-term-cli 1933ms (cache miss)
3392 silly packumentCache full:https://registry.npmjs.org/svg-term-cli set size:undefined disposed:false
3393 silly fetch manifest tsd@^0.14.0
3394 silly packumentCache full:https://registry.npmjs.org/tsd cache-miss
3395 http cache https://registry.npmjs.org/tsd 15ms (cache hit)
3396 silly packumentCache full:https://registry.npmjs.org/tsd set size:228147 disposed:false
3397 silly fetch manifest xo@^0.37.1
3398 silly packumentCache full:https://registry.npmjs.org/xo cache-hit
3399 silly placeDep node_modules/.pnpm/ansi-styles@5.2.0/node_modules/ansi-styles ava@2.4.0 OK for: ansi-styles@5.2.0 want: ^2.4.0
3400 silly placeDep ROOT svg-term-cli@2.1.1 OK for: ansi-styles@5.2.0 want: ^2.1.1
3401 silly placeDep node_modules/.pnpm/ansi-styles@5.2.0/node_modules/ansi-styles tsd@0.14.0 OK for: ansi-styles@5.2.0 want: ^0.14.0
3402 silly placeDep node_modules/.pnpm/ansi-styles@5.2.0/node_modules/ansi-styles xo@0.37.1 OK for: ansi-styles@5.2.0 want: ^0.37.1
3403 silly fetch manifest @marionebl/sander@^0.6.1
3404 silly packumentCache full:https://registry.npmjs.org/@marionebl%2fsander cache-miss
3405 http fetch GET 200 https://registry.npmjs.org/@marionebl%2fsander 1544ms (cache miss)
3406 silly packumentCache full:https://registry.npmjs.org/@marionebl%2fsander set size:undefined disposed:false
3407 silly fetch manifest chalk@^2.3.0
3408 silly packumentCache full:https://registry.npmjs.org/chalk cache-hit
3409 silly fetch manifest command-exists@^1.2.2
3410 silly packumentCache full:https://registry.npmjs.org/command-exists cache-miss
3411 http fetch GET 200 https://registry.npmjs.org/command-exists 2182ms (cache miss)
3412 silly packumentCache full:https://registry.npmjs.org/command-exists set size:undefined disposed:false
3413 silly fetch manifest execa@^0.8.0
3414 silly packumentCache full:https://registry.npmjs.org/execa cache-hit
3415 silly fetch manifest get-stdin@^5.0.1
3416 silly packumentCache full:https://registry.npmjs.org/get-stdin cache-hit
3417 silly fetch manifest guess-terminal@^1.0.0
3418 silly packumentCache full:https://registry.npmjs.org/guess-terminal cache-miss
3419 http fetch GET 200 https://registry.npmjs.org/guess-terminal 1616ms (cache miss)
3420 silly packumentCache full:https://registry.npmjs.org/guess-terminal set size:undefined disposed:false
3421 silly fetch manifest macos-app-config@^1.0.1
3422 silly packumentCache full:https://registry.npmjs.org/macos-app-config cache-miss
3423 http fetch GET 200 https://registry.npmjs.org/macos-app-config 773ms (cache miss)
3424 silly packumentCache full:https://registry.npmjs.org/macos-app-config set size:undefined disposed:false
3425 silly fetch manifest node-fetch@^1.7.3
3426 silly packumentCache full:https://registry.npmjs.org/node-fetch cache-hit
3427 silly fetch manifest plist@^2.1.0
3428 silly packumentCache full:https://registry.npmjs.org/plist cache-miss
3429 http fetch GET 200 https://registry.npmjs.org/plist 2913ms (cache miss)
3430 silly packumentCache full:https://registry.npmjs.org/plist set size:undefined disposed:false
3431 silly fetch manifest svg-term@^1.1.3
3432 silly packumentCache full:https://registry.npmjs.org/svg-term cache-miss
3433 http fetch GET 200 https://registry.npmjs.org/svg-term 2650ms (cache miss)
3434 silly packumentCache full:https://registry.npmjs.org/svg-term set size:undefined disposed:false
3435 silly fetch manifest svgo@^1.0.3
3436 silly packumentCache full:https://registry.npmjs.org/svgo cache-miss
3437 http fetch GET 200 https://registry.npmjs.org/svgo 8481ms (cache miss)
3438 silly packumentCache full:https://registry.npmjs.org/svgo set size:undefined disposed:false
3439 silly fetch manifest tempfile@^2.0.0
3440 silly packumentCache full:https://registry.npmjs.org/tempfile cache-miss
3441 http fetch GET 200 https://registry.npmjs.org/tempfile 1312ms (cache miss)
3442 silly packumentCache full:https://registry.npmjs.org/tempfile set size:undefined disposed:false
3443 silly fetch manifest tempy@^0.2.1
3444 silly packumentCache full:https://registry.npmjs.org/tempy cache-miss
3445 http fetch GET 200 https://registry.npmjs.org/tempy 1846ms (cache miss)
3446 silly packumentCache full:https://registry.npmjs.org/tempy set size:undefined disposed:false
3447 silly fetch manifest term-schemes@^1.2.0
3448 silly packumentCache full:https://registry.npmjs.org/term-schemes cache-miss
3449 http fetch GET 200 https://registry.npmjs.org/term-schemes 1798ms (cache miss)
3450 silly packumentCache full:https://registry.npmjs.org/term-schemes set size:undefined disposed:false
3451 silly fetch manifest meow@^7.0.1
3452 silly packumentCache full:https://registry.npmjs.org/meow cache-hit
3453 silly fetch manifest globby@^11.0.1
3454 silly packumentCache full:https://registry.npmjs.org/globby cache-hit
3455 silly fetch manifest read-pkg-up@^7.0.0
3456 silly packumentCache full:https://registry.npmjs.org/read-pkg-up cache-hit
3457 silly fetch manifest update-notifier@^4.1.0
3458 silly packumentCache full:https://registry.npmjs.org/update-notifier cache-hit
3459 silly fetch manifest eslint-formatter-pretty@^4.0.0
3460 silly packumentCache full:https://registry.npmjs.org/eslint-formatter-pretty cache-hit
3461 silly fetch manifest meow@^8.1.0
3462 silly packumentCache full:https://registry.npmjs.org/meow cache-hit
3463 silly fetch manifest eslint@^7.17.0
3464 silly packumentCache full:https://registry.npmjs.org/eslint cache-miss
3465 http cache https://registry.npmjs.org/eslint 73ms (cache hit)
3466 silly packumentCache full:https://registry.npmjs.org/eslint set size:2040662 disposed:false
3467 silly fetch manifest globby@^9.2.0
3468 silly packumentCache full:https://registry.npmjs.org/globby cache-hit
3469 silly fetch manifest lodash@^4.17.20
3470 silly packumentCache full:https://registry.npmjs.org/lodash cache-hit
3471 silly fetch manifest fs-extra@^9.0.1
3472 silly packumentCache full:https://registry.npmjs.org/fs-extra cache-hit
3473 silly fetch manifest p-reduce@^2.1.0
3474 silly packumentCache full:https://registry.npmjs.org/p-reduce cache-miss
3475 http fetch GET 200 https://registry.npmjs.org/p-reduce 2077ms (cache miss)
3476 silly packumentCache full:https://registry.npmjs.org/p-reduce set size:undefined disposed:false
3477 silly fetch manifest get-stdin@^8.0.0
3478 silly packumentCache full:https://registry.npmjs.org/get-stdin cache-hit
3479 silly fetch manifest typescript@^4.1.3
3480 silly packumentCache full:https://registry.npmjs.org/typescript cache-miss
3481 http fetch GET 200 https://registry.npmjs.org/typescript 587ms (cache revalidated)
3482 silly packumentCache full:https://registry.npmjs.org/typescript set size:15513951 disposed:false
3483 silly fetch manifest open-editor@^3.0.0
3484 silly packumentCache full:https://registry.npmjs.org/open-editor cache-hit
3485 silly fetch manifest find-cache-dir@^3.3.1
3486 silly packumentCache full:https://registry.npmjs.org/find-cache-dir cache-hit
3487 silly fetch manifest is-path-inside@^3.0.2
3488 silly packumentCache full:https://registry.npmjs.org/is-path-inside cache-hit
3489 silly fetch manifest update-notifier@^5.0.1
3490 silly packumentCache full:https://registry.npmjs.org/update-notifier cache-hit
3491 silly fetch manifest eslint-config-xo@^0.34.0
3492 silly packumentCache full:https://registry.npmjs.org/eslint-config-xo cache-hit
3493 silly fetch manifest to-absolute-glob@^2.0.2
3494 silly packumentCache full:https://registry.npmjs.org/to-absolute-glob cache-miss
3495 http fetch GET 200 https://registry.npmjs.org/to-absolute-glob 1070ms (cache miss)
3496 silly packumentCache full:https://registry.npmjs.org/to-absolute-glob set size:undefined disposed:false
3497 silly fetch manifest eslint-plugin-ava@^11.0.0
3498 silly packumentCache full:https://registry.npmjs.org/eslint-plugin-ava cache-hit
3499 silly fetch manifest eslint-plugin-import@^2.22.1
3500 silly packumentCache full:https://registry.npmjs.org/eslint-plugin-import cache-hit
3501 silly fetch manifest eslint-plugin-promise@^4.2.1
3502 silly packumentCache full:https://registry.npmjs.org/eslint-plugin-promise cache-miss
3503 http cache https://registry.npmjs.org/eslint-plugin-promise 18ms (cache hit)
3504 silly packumentCache full:https://registry.npmjs.org/eslint-plugin-promise set size:137575 disposed:false
3505 silly fetch manifest eslint-plugin-unicorn@^25.0.1
3506 silly packumentCache full:https://registry.npmjs.org/eslint-plugin-unicorn cache-hit
3507 silly fetch manifest eslint-config-prettier@^7.1.0
3508 silly packumentCache full:https://registry.npmjs.org/eslint-config-prettier cache-hit
3509 silly fetch manifest eslint-plugin-prettier@^3.3.0
3510 silly packumentCache full:https://registry.npmjs.org/eslint-plugin-prettier cache-hit
3511 silly fetch manifest @typescript-eslint/parser@^4.11.1
3512 silly packumentCache full:https://registry.npmjs.org/@typescript-eslint%2fparser cache-miss
3513 http fetch GET 200 https://registry.npmjs.org/@typescript-eslint%2fparser 436ms (cache revalidated)
3514 silly packumentCache full:https://registry.npmjs.org/@typescript-eslint%2fparser set size:15612235 disposed:false
3515 silly fetch manifest eslint-config-xo-typescript@^0.37.0
3516 silly packumentCache full:https://registry.npmjs.org/eslint-config-xo-typescript cache-miss
3517 http fetch GET 200 https://registry.npmjs.org/eslint-config-xo-typescript 9899ms (cache miss)
3518 silly packumentCache full:https://registry.npmjs.org/eslint-config-xo-typescript set size:undefined disposed:false
3519 silly fetch manifest eslint-plugin-eslint-comments@^3.2.0
3520 silly packumentCache full:https://registry.npmjs.org/eslint-plugin-eslint-comments cache-miss
3521 http cache https://registry.npmjs.org/eslint-plugin-eslint-comments 12ms (cache hit)
3522 silly packumentCache full:https://registry.npmjs.org/eslint-plugin-eslint-comments set size:75924 disposed:false
3523 silly fetch manifest eslint-import-resolver-webpack@^0.13.0
3524 silly packumentCache full:https://registry.npmjs.org/eslint-import-resolver-webpack cache-miss
3525 http fetch GET 200 https://registry.npmjs.org/eslint-import-resolver-webpack 2871ms (cache miss)
3526 silly packumentCache full:https://registry.npmjs.org/eslint-import-resolver-webpack set size:undefined disposed:false
3527 silly fetch manifest @typescript-eslint/eslint-plugin@^4.11.1
3528 silly packumentCache full:https://registry.npmjs.org/@typescript-eslint%2feslint-plugin cache-miss
3529 http fetch GET 200 https://registry.npmjs.org/@typescript-eslint%2feslint-plugin 985ms (cache revalidated)
3530 silly packumentCache full:https://registry.npmjs.org/@typescript-eslint%2feslint-plugin set size:18508154 disposed:false
3531 silly fetch manifest eslint-plugin-no-use-extend-native@^0.5.0
3532 silly packumentCache full:https://registry.npmjs.org/eslint-plugin-no-use-extend-native cache-hit
3533 silly fetch manifest @babel/eslint-parser@^7.11.0
3534 silly packumentCache full:https://registry.npmjs.org/@babel%2feslint-parser cache-miss
3535 http fetch GET 200 https://registry.npmjs.org/@babel%2feslint-parser 6125ms (cache miss)
3536 silly packumentCache full:https://registry.npmjs.org/@babel%2feslint-parser set size:undefined disposed:false
3537 silly fetch manifest @babel/core@^7.11.0
3538 silly packumentCache full:https://registry.npmjs.org/@babel%2fcore cache-hit
3539 silly fetch manifest eslint@^7.5.0
3540 silly packumentCache full:https://registry.npmjs.org/eslint cache-miss
3541 http cache https://registry.npmjs.org/eslint 59ms (cache hit)
3542 silly packumentCache full:https://registry.npmjs.org/eslint set size:2040662 disposed:false
3543 silly fetch manifest mocha@^8.0.1
3544 silly packumentCache full:https://registry.npmjs.org/mocha cache-miss
3545 http fetch GET 200 https://registry.npmjs.org/mocha 386ms (cache revalidated)
3546 silly packumentCache full:https://registry.npmjs.org/mocha set size:4136144 disposed:false
3547 silly fetch manifest nyc@^15.1.0
3548 silly packumentCache full:https://registry.npmjs.org/nyc cache-miss
3549 http fetch GET 200 https://registry.npmjs.org/nyc 6061ms (cache miss)
3550 silly packumentCache full:https://registry.npmjs.org/nyc set size:undefined disposed:false
3551 silly placeDep node_modules/.pnpm/argparse@2.0.1/node_modules/argparse @babel/eslint-parser@7.29.7 OK for: argparse@2.0.1 want: ^7.11.0
3552 silly placeDep node_modules/.pnpm/argparse@2.0.1/node_modules/argparse eslint@7.32.0 OK for: argparse@2.0.1 want: ^7.5.0
3553 silly placeDep node_modules/.pnpm/argparse@2.0.1/node_modules/argparse mocha@8.4.0 OK for: argparse@2.0.1 want: ^8.0.1
3554 silly placeDep ROOT nyc@15.1.0 OK for: argparse@2.0.1 want: ^15.1.0
3555 silly fetch manifest semver@^6.3.1
3556 silly packumentCache full:https://registry.npmjs.org/semver cache-hit
3557 silly fetch manifest eslint-visitor-keys@^2.1.0
3558 silly packumentCache full:https://registry.npmjs.org/eslint-visitor-keys cache-hit
3559 silly fetch manifest @nicolo-ribaudo/eslint-scope-5-internals@5.1.1-v1
3560 silly packumentCache full:https://registry.npmjs.org/@nicolo-ribaudo%2feslint-scope-5-internals cache-miss
3561 http fetch GET 200 https://registry.npmjs.org/@nicolo-ribaudo%2feslint-scope-5-internals 1106ms (cache miss)
3562 silly packumentCache full:https://registry.npmjs.org/@nicolo-ribaudo%2feslint-scope-5-internals set size:undefined disposed:false
3563 silly fetch manifest table@^6.0.9
3564 silly packumentCache full:https://registry.npmjs.org/table cache-miss
3565 http fetch GET 200 https://registry.npmjs.org/table 5008ms (cache miss)
3566 silly packumentCache full:https://registry.npmjs.org/table set size:undefined disposed:false
3567 silly fetch manifest espree@^7.3.1
3568 silly packumentCache full:https://registry.npmjs.org/espree cache-hit
3569 silly fetch manifest ignore@^4.0.6
3570 silly packumentCache full:https://registry.npmjs.org/ignore cache-hit
3571 silly fetch manifest regexpp@^3.1.0
3572 silly packumentCache full:https://registry.npmjs.org/regexpp cache-hit
3573 silly fetch manifest enquirer@^2.3.5
3574 silly packumentCache full:https://registry.npmjs.org/enquirer cache-hit
3575 silly fetch manifest progress@^2.0.0
3576 silly packumentCache full:https://registry.npmjs.org/progress cache-hit
3577 silly fetch manifest glob-parent@^5.1.2
3578 silly packumentCache full:https://registry.npmjs.org/glob-parent cache-hit
3579 silly fetch manifest eslint-scope@^5.1.1
3580 silly packumentCache full:https://registry.npmjs.org/eslint-scope cache-hit
3581 silly fetch manifest eslint-utils@^2.1.0
3582 silly packumentCache full:https://registry.npmjs.org/eslint-utils cache-hit
3583 silly fetch manifest @eslint/eslintrc@^0.4.3
3584 silly packumentCache full:https://registry.npmjs.org/@eslint%2feslintrc cache-hit
3585 silly fetch manifest @babel/code-frame@7.12.11
3586 silly packumentCache full:https://registry.npmjs.org/@babel%2fcode-frame cache-hit
3587 silly fetch manifest eslint-visitor-keys@^2.0.0
3588 silly packumentCache full:https://registry.npmjs.org/eslint-visitor-keys cache-hit
3589 silly fetch manifest @humanwhocodes/config-array@^0.5.0
3590 silly packumentCache full:https://registry.npmjs.org/@humanwhocodes%2fconfig-array cache-hit
3591 silly fetch manifest glob@7.1.6
3592 silly packumentCache full:https://registry.npmjs.org/glob cache-hit
3593 silly fetch manifest debug@4.3.1
3594 silly packumentCache full:https://registry.npmjs.org/debug cache-hit
3595 silly fetch manifest nanoid@3.1.20
3596 silly packumentCache full:https://registry.npmjs.org/nanoid cache-hit
3597 silly fetch manifest js-yaml@4.0.0
3598 silly packumentCache full:https://registry.npmjs.org/js-yaml cache-hit
3599 silly fetch manifest chokidar@3.5.1
3600 silly packumentCache full:https://registry.npmjs.org/chokidar cache-hit
3601 silly fetch manifest wide-align@1.1.3
3602 silly packumentCache full:https://registry.npmjs.org/wide-align cache-miss
3603 http fetch GET 200 https://registry.npmjs.org/wide-align 710ms (cache miss)
3604 silly packumentCache full:https://registry.npmjs.org/wide-align set size:undefined disposed:false
3605 silly fetch manifest workerpool@6.1.0
3606 silly packumentCache full:https://registry.npmjs.org/workerpool cache-hit
3607 silly fetch manifest log-symbols@4.0.0
3608 silly packumentCache full:https://registry.npmjs.org/log-symbols cache-hit
3609 silly fetch manifest serialize-javascript@5.0.1
3610 silly packumentCache full:https://registry.npmjs.org/serialize-javascript cache-hit
3611 silly fetch manifest glob@^7.1.6
3612 silly packumentCache full:https://registry.npmjs.org/glob cache-hit
3613 silly fetch manifest p-map@^3.0.0
3614 silly packumentCache full:https://registry.npmjs.org/p-map cache-miss
3615 http fetch GET 200 https://registry.npmjs.org/p-map 1022ms (cache miss)
3616 silly packumentCache full:https://registry.npmjs.org/p-map set size:undefined disposed:false
3617 silly fetch manifest yargs@^15.0.2
3618 silly packumentCache full:https://registry.npmjs.org/yargs cache-hit
3619 silly fetch manifest find-up@^4.1.0
3620 silly packumentCache full:https://registry.npmjs.org/find-up cache-hit
3621 silly fetch manifest decamelize@^1.2.0
3622 silly packumentCache full:https://registry.npmjs.org/decamelize cache-miss
3623 http fetch GET 200 https://registry.npmjs.org/decamelize 841ms (cache miss)
3624 silly packumentCache full:https://registry.npmjs.org/decamelize set size:undefined disposed:false
3625 silly fetch manifest spawn-wrap@^2.0.0
3626 silly packumentCache full:https://registry.npmjs.org/spawn-wrap cache-miss
3627 http fetch GET 200 https://registry.npmjs.org/spawn-wrap 1162ms (cache miss)
3628 silly packumentCache full:https://registry.npmjs.org/spawn-wrap set size:undefined disposed:false
3629 silly fetch manifest signal-exit@^3.0.2
3630 silly packumentCache full:https://registry.npmjs.org/signal-exit cache-miss
3631 http fetch GET 200 https://registry.npmjs.org/signal-exit 1135ms (cache miss)
3632 silly packumentCache full:https://registry.npmjs.org/signal-exit set size:undefined disposed:false
3633 silly fetch manifest node-preload@^0.2.1
3634 silly packumentCache full:https://registry.npmjs.org/node-preload cache-miss
3635 http fetch GET 200 https://registry.npmjs.org/node-preload 927ms (cache miss)
3636 silly packumentCache full:https://registry.npmjs.org/node-preload set size:undefined disposed:false
3637 silly fetch manifest find-cache-dir@^3.2.0
3638 silly packumentCache full:https://registry.npmjs.org/find-cache-dir cache-hit
3639 silly fetch manifest get-package-type@^0.1.0
3640 silly packumentCache full:https://registry.npmjs.org/get-package-type cache-miss
3641 http fetch GET 200 https://registry.npmjs.org/get-package-type 1232ms (cache miss)
3642 silly packumentCache full:https://registry.npmjs.org/get-package-type set size:undefined disposed:false
3643 silly fetch manifest process-on-spawn@^1.0.0
3644 silly packumentCache full:https://registry.npmjs.org/process-on-spawn cache-miss
3645 http fetch GET 200 https://registry.npmjs.org/process-on-spawn 515ms (cache miss)
3646 silly packumentCache full:https://registry.npmjs.org/process-on-spawn set size:undefined disposed:false
3647 silly fetch manifest caching-transform@^4.0.0
3648 silly packumentCache full:https://registry.npmjs.org/caching-transform cache-miss
3649 http fetch GET 200 https://registry.npmjs.org/caching-transform 404ms (cache revalidated)
3650 silly packumentCache full:https://registry.npmjs.org/caching-transform set size:28261 disposed:false
3651 silly fetch manifest istanbul-lib-hook@^3.0.0
3652 silly packumentCache full:https://registry.npmjs.org/istanbul-lib-hook cache-miss
3653 http fetch GET 200 https://registry.npmjs.org/istanbul-lib-hook 1420ms (cache miss)
3654 silly packumentCache full:https://registry.npmjs.org/istanbul-lib-hook set size:undefined disposed:false
3655 silly fetch manifest convert-source-map@^1.7.0
3656 silly packumentCache full:https://registry.npmjs.org/convert-source-map cache-hit
3657 silly fetch manifest istanbul-lib-coverage@^3.0.0
3658 silly packumentCache full:https://registry.npmjs.org/istanbul-lib-coverage cache-hit
3659 silly fetch manifest istanbul-lib-instrument@^4.0.0
3660 silly packumentCache full:https://registry.npmjs.org/istanbul-lib-instrument cache-miss
3661 http fetch GET 200 https://registry.npmjs.org/istanbul-lib-instrument 2357ms (cache miss)
3662 silly packumentCache full:https://registry.npmjs.org/istanbul-lib-instrument set size:undefined disposed:false
3663 silly fetch manifest istanbul-lib-processinfo@^2.0.2
3664 silly packumentCache full:https://registry.npmjs.org/istanbul-lib-processinfo cache-miss
3665 http fetch GET 200 https://registry.npmjs.org/istanbul-lib-processinfo 1017ms (cache miss)
3666 silly packumentCache full:https://registry.npmjs.org/istanbul-lib-processinfo set size:undefined disposed:false
3667 silly fetch manifest istanbul-lib-source-maps@^4.0.0
3668 silly packumentCache full:https://registry.npmjs.org/istanbul-lib-source-maps cache-hit
3669 silly fetch manifest @istanbuljs/load-nyc-config@^1.0.0
3670 silly packumentCache full:https://registry.npmjs.org/@istanbuljs%2fload-nyc-config cache-miss
3671 http fetch GET 200 https://registry.npmjs.org/@istanbuljs%2fload-nyc-config 642ms (cache miss)
3672 silly packumentCache full:https://registry.npmjs.org/@istanbuljs%2fload-nyc-config set size:undefined disposed:false
3673 silly fetch manifest nyc@^18.0.0
3674 silly packumentCache full:https://registry.npmjs.org/nyc cache-miss
3675 http cache https://registry.npmjs.org/nyc 47ms (cache hit)
3676 silly packumentCache full:https://registry.npmjs.org/nyc set size:589789 disposed:false
3677 silly placeDep node_modules/.pnpm/@istanbuljs+schema@0.1.6/node_modules/@istanbuljs/schema nyc@18.0.0 OK for: @istanbuljs/schema@0.1.6 want: ^18.0.0
3678 silly fetch manifest glob@^13.0.6
3679 silly packumentCache full:https://registry.npmjs.org/glob cache-hit
3680 silly fetch manifest rimraf@^6.1.3
3681 silly packumentCache full:https://registry.npmjs.org/rimraf cache-hit
3682 silly fetch manifest spawn-wrap@^3.0.0
3683 silly packumentCache full:https://registry.npmjs.org/spawn-wrap cache-miss
3684 http cache https://registry.npmjs.org/spawn-wrap 34ms (cache hit)
3685 silly packumentCache full:https://registry.npmjs.org/spawn-wrap set size:68572 disposed:false
3686 silly fetch manifest foreground-child@^3.3.0
3687 silly packumentCache full:https://registry.npmjs.org/foreground-child cache-hit
3688 silly fetch manifest istanbul-lib-instrument@^6.0.2
3689 silly packumentCache full:https://registry.npmjs.org/istanbul-lib-instrument cache-miss
3690 http cache https://registry.npmjs.org/istanbul-lib-instrument 35ms (cache hit)
3691 silly packumentCache full:https://registry.npmjs.org/istanbul-lib-instrument set size:219175 disposed:false
3692 silly fetch manifest istanbul-lib-processinfo@^3.0.0
3693 silly packumentCache full:https://registry.npmjs.org/istanbul-lib-processinfo cache-miss
3694 http cache https://registry.npmjs.org/istanbul-lib-processinfo 38ms (cache hit)
3695 silly packumentCache full:https://registry.npmjs.org/istanbul-lib-processinfo set size:24225 disposed:false
3696 silly fetch manifest events@^1.0.1
3697 silly packumentCache full:https://registry.npmjs.org/events cache-miss
3698 http fetch GET 200 https://registry.npmjs.org/events 2802ms (cache miss)
3699 silly packumentCache full:https://registry.npmjs.org/events set size:undefined disposed:false
3700 silly fetch manifest jshint@^2.5.1
3701 silly packumentCache full:https://registry.npmjs.org/jshint cache-miss
3702 http fetch GET 200 https://registry.npmjs.org/jshint 4025ms (cache miss)
3703 silly packumentCache full:https://registry.npmjs.org/jshint set size:undefined disposed:false
3704 silly fetch manifest knox@^0.8.10
3705 silly packumentCache full:https://registry.npmjs.org/knox cache-miss
3706 http fetch GET 200 https://registry.npmjs.org/knox 1641ms (cache miss)
3707 silly packumentCache full:https://registry.npmjs.org/knox set size:undefined disposed:false
3708 silly fetch manifest mr@^2.0.5
3709 silly packumentCache full:https://registry.npmjs.org/mr cache-miss
3710 http fetch GET 200 https://registry.npmjs.org/mr 2136ms (cache miss)
3711 silly packumentCache full:https://registry.npmjs.org/mr set size:undefined disposed:false
3712 silly fetch manifest opener@^1.3.0
3713 silly packumentCache full:https://registry.npmjs.org/opener cache-miss
3714 http cache https://registry.npmjs.org/opener 356ms (cache hit)
3715 silly packumentCache full:https://registry.npmjs.org/opener set size:21206 disposed:false
3716 silly fetch manifest q@^2.0.3
3717 silly packumentCache full:https://registry.npmjs.org/q cache-miss
3718 http fetch GET 200 https://registry.npmjs.org/q 1181ms (cache revalidated)
3719 silly packumentCache full:https://registry.npmjs.org/q set size:203226 disposed:false
3720 silly fetch manifest q-io@^2.0.3
3721 silly packumentCache full:https://registry.npmjs.org/q-io cache-miss
3722 http fetch GET 200 https://registry.npmjs.org/q-io 2066ms (cache miss)
3723 silly packumentCache full:https://registry.npmjs.org/q-io set size:undefined disposed:false
3724 silly fetch manifest saucelabs@^0.1.1
3725 silly packumentCache full:https://registry.npmjs.org/saucelabs cache-miss
3726 http fetch GET 200 https://registry.npmjs.org/saucelabs 4215ms (cache miss)
3727 silly packumentCache full:https://registry.npmjs.org/saucelabs set size:undefined disposed:false
3728 silly fetch manifest wd@^0.2.21
3729 silly packumentCache full:https://registry.npmjs.org/wd cache-miss
3730 http cache https://registry.npmjs.org/wd 167ms (cache hit)
3731 silly packumentCache full:https://registry.npmjs.org/wd set size:299230 disposed:false
3732 silly fetch manifest weak-map@^1.0.5
3733 silly packumentCache full:https://registry.npmjs.org/weak-map cache-miss
3734 http fetch GET 200 https://registry.npmjs.org/weak-map 5064ms (cache miss)
3735 silly packumentCache full:https://registry.npmjs.org/weak-map set size:undefined disposed:false
3736 silly fetch manifest benchmark@^1.0.0
3737 silly packumentCache full:https://registry.npmjs.org/benchmark cache-miss
3738 http fetch GET 200 https://registry.npmjs.org/benchmark 1730ms (cache miss)
3739 silly packumentCache full:https://registry.npmjs.org/benchmark set size:undefined disposed:false
3740 silly placeDep ROOT benchmark@1.0.0 OK for: asap@2.0.6 want: ^1.0.0
3741 silly placeDep ROOT events@1.1.1 OK for: asap@2.0.6 want: ^1.0.1
3742 silly placeDep ROOT jshint@2.13.6 OK for: asap@2.0.6 want: ^2.5.1
3743 silly placeDep ROOT knox@0.8.10 OK for: asap@2.0.6 want: ^0.8.10
3744 silly placeDep ROOT mr@2.0.7 OK for: asap@2.0.6 want: ^2.0.5
3745 silly placeDep ROOT opener@1.5.2 OK for: asap@2.0.6 want: ^1.3.0
3746 silly placeDep node_modules/.pnpm/asap@2.0.6/node_modules/asap q@2.0.3 OK for: asap@2.0.6 want: ^2.0.3
3747 silly placeDep ROOT q-io@2.0.6 OK for: asap@2.0.6 want: ^2.0.3
3748 silly placeDep ROOT saucelabs@0.1.1 OK for: asap@2.0.6 want: ^0.1.1
3749 silly placeDep ROOT wd@0.2.27 OK for: asap@2.0.6 want: ^0.2.21
3750 silly placeDep ROOT weak-map@1.0.8 OK for: asap@2.0.6 want: ^1.0.5
3751 silly fetch manifest cli@~1.0.0
3752 silly packumentCache full:https://registry.npmjs.org/cli cache-miss
3753 http fetch GET 200 https://registry.npmjs.org/cli 1252ms (cache miss)
3754 silly packumentCache full:https://registry.npmjs.org/cli set size:undefined disposed:false
3755 silly fetch manifest exit@0.1.x
3756 silly packumentCache full:https://registry.npmjs.org/exit cache-miss
3757 http fetch GET 200 https://registry.npmjs.org/exit 2269ms (cache miss)
3758 silly packumentCache full:https://registry.npmjs.org/exit set size:undefined disposed:false
3759 silly fetch manifest lodash@~4.17.21
3760 silly packumentCache full:https://registry.npmjs.org/lodash cache-hit
3761 silly fetch manifest minimatch@~3.0.2
3762 silly packumentCache full:https://registry.npmjs.org/minimatch cache-hit
3763 silly fetch manifest htmlparser2@3.8.x
3764 silly packumentCache full:https://registry.npmjs.org/htmlparser2 cache-miss
3765 http fetch GET 200 https://registry.npmjs.org/htmlparser2 1773ms (cache miss)
3766 silly packumentCache full:https://registry.npmjs.org/htmlparser2 set size:undefined disposed:false
3767 silly fetch manifest console-browserify@1.1.x
3768 silly packumentCache full:https://registry.npmjs.org/console-browserify cache-miss
3769 http fetch GET 200 https://registry.npmjs.org/console-browserify 1227ms (cache miss)
3770 silly packumentCache full:https://registry.npmjs.org/console-browserify set size:undefined disposed:false
3771 silly fetch manifest strip-json-comments@1.0.x
3772 silly packumentCache full:https://registry.npmjs.org/strip-json-comments cache-hit
3773 silly fetch manifest mime@*
3774 silly packumentCache full:https://registry.npmjs.org/mime cache-miss
3775 http fetch GET 200 https://registry.npmjs.org/mime 1315ms (cache miss)
3776 silly packumentCache full:https://registry.npmjs.org/mime set size:undefined disposed:false
3777 silly fetch manifest xml2js@0.2.x
3778 silly packumentCache full:https://registry.npmjs.org/xml2js cache-miss
3779 http fetch GET 200 https://registry.npmjs.org/xml2js 1253ms (cache miss)
3780 silly packumentCache full:https://registry.npmjs.org/xml2js set size:undefined disposed:false
3781 silly fetch manifest debug@~0.7.0
3782 silly packumentCache full:https://registry.npmjs.org/debug cache-hit
3783 silly fetch manifest stream-counter@~0.1.0
3784 silly packumentCache full:https://registry.npmjs.org/stream-counter cache-miss
3785 http fetch GET 200 https://registry.npmjs.org/stream-counter 472ms (cache miss)
3786 silly packumentCache full:https://registry.npmjs.org/stream-counter set size:undefined disposed:false
3787 silly fetch manifest colors@^0.6.2
3788 silly packumentCache full:https://registry.npmjs.org/colors cache-miss
3789 http fetch GET 200 https://registry.npmjs.org/colors 387ms (cache revalidated)
3790 silly packumentCache full:https://registry.npmjs.org/colors set size:55711 disposed:false
3791 silly fetch manifest istanbul@^0.1.46
3792 silly packumentCache full:https://registry.npmjs.org/istanbul cache-miss
3793 http fetch GET 200 https://registry.npmjs.org/istanbul 2197ms (cache miss)
3794 silly packumentCache full:https://registry.npmjs.org/istanbul set size:undefined disposed:false
3795 silly fetch manifest optimist@^0.6.1
3796 silly packumentCache full:https://registry.npmjs.org/optimist cache-miss
3797 http fetch GET 200 https://registry.npmjs.org/optimist 1222ms (cache miss)
3798 silly packumentCache full:https://registry.npmjs.org/optimist set size:undefined disposed:false
3799 silly fetch manifest util@^0.10.3
3800 silly packumentCache full:https://registry.npmjs.org/util cache-miss
3801 http fetch GET 200 https://registry.npmjs.org/util 1024ms (cache miss)
3802 silly packumentCache full:https://registry.npmjs.org/util set size:undefined disposed:false
3803 silly fetch manifest asap@^2.0.0
3804 silly packumentCache full:https://registry.npmjs.org/asap cache-miss
3805 http fetch GET 200 https://registry.npmjs.org/asap 1618ms (cache revalidated)
3806 silly packumentCache full:https://registry.npmjs.org/asap set size:30968 disposed:false
3807 silly fetch manifest pop-iterate@^1.0.1
3808 silly packumentCache full:https://registry.npmjs.org/pop-iterate cache-miss
3809 http fetch GET 200 https://registry.npmjs.org/pop-iterate 504ms (cache miss)
3810 silly packumentCache full:https://registry.npmjs.org/pop-iterate set size:undefined disposed:false
3811 silly fetch manifest q@>=2.0.1 <3.0.0
3812 silly packumentCache full:https://registry.npmjs.org/q cache-hit
3813 silly fetch manifest qs@>=0.6.6 <0.7.0
3814 silly packumentCache full:https://registry.npmjs.org/qs cache-miss
3815 http fetch GET 200 https://registry.npmjs.org/qs 3989ms (cache miss)
3816 silly packumentCache full:https://registry.npmjs.org/qs set size:undefined disposed:false
3817 silly fetch manifest url2@>=2.0.0 <3.0.0
3818 silly packumentCache full:https://registry.npmjs.org/url2 cache-miss
3819 http fetch GET 200 https://registry.npmjs.org/url2 776ms (cache miss)
3820 silly packumentCache full:https://registry.npmjs.org/url2 set size:undefined disposed:false
3821 silly fetch manifest mime@>=1.2.11 <2.0.0
3822 silly packumentCache full:https://registry.npmjs.org/mime cache-miss
3823 http cache https://registry.npmjs.org/mime 12ms (cache hit)
3824 silly packumentCache full:https://registry.npmjs.org/mime set size:119236 disposed:false
3825 silly fetch manifest mimeparse@>=0.1.4 <0.2.0
3826 silly packumentCache full:https://registry.npmjs.org/mimeparse cache-miss
3827 http fetch GET 200 https://registry.npmjs.org/mimeparse 446ms (cache miss)
3828 silly packumentCache full:https://registry.npmjs.org/mimeparse set size:undefined disposed:false
3829 silly fetch manifest collections@>=2.0.1 <3.0.0
3830 silly packumentCache full:https://registry.npmjs.org/collections cache-miss
3831 http fetch GET 200 https://registry.npmjs.org/collections 5693ms (cache miss)
3832 silly packumentCache full:https://registry.npmjs.org/collections set size:undefined disposed:false
3833 silly fetch manifest archiver@~0.10.0
3834 silly packumentCache full:https://registry.npmjs.org/archiver cache-miss
3835 http fetch GET 200 https://registry.npmjs.org/archiver 2121ms (cache miss)
3836 silly packumentCache full:https://registry.npmjs.org/archiver set size:undefined disposed:false
3837 silly fetch manifest async@~0.9.0
3838 silly packumentCache full:https://registry.npmjs.org/async cache-miss
3839 http fetch GET 200 https://registry.npmjs.org/async 2875ms (cache miss)
3840 silly packumentCache full:https://registry.npmjs.org/async set size:undefined disposed:false
3841 silly fetch manifest lodash@~2.4.1
3842 silly packumentCache full:https://registry.npmjs.org/lodash cache-hit
3843 silly fetch manifest q@~1.0.1
3844 silly packumentCache full:https://registry.npmjs.org/q cache-hit
3845 silly fetch manifest request@~2.36.0
3846 silly packumentCache full:https://registry.npmjs.org/request cache-hit
3847 silly fetch manifest underscore.string@~2.3.3
3848 silly packumentCache full:https://registry.npmjs.org/underscore.string cache-miss
3849 http fetch GET 200 https://registry.npmjs.org/underscore.string 3610ms (cache miss)
3850 silly packumentCache full:https://registry.npmjs.org/underscore.string set size:undefined disposed:false
3851 silly fetch manifest vargs@~0.1.0
3852 silly packumentCache full:https://registry.npmjs.org/vargs cache-miss
3853 http fetch GET 200 https://registry.npmjs.org/vargs 360ms (cache miss)
3854 silly packumentCache full:https://registry.npmjs.org/vargs set size:undefined disposed:false
3855 silly fetch manifest eslint@^5.16.0
3856 silly packumentCache full:https://registry.npmjs.org/eslint cache-miss
3857 http cache https://registry.npmjs.org/eslint 46ms (cache hit)
3858 silly packumentCache full:https://registry.npmjs.org/eslint set size:2040662 disposed:false
3859 silly fetch manifest eslint-plugin-mocha@^5.3.0
3860 silly packumentCache full:https://registry.npmjs.org/eslint-plugin-mocha cache-miss
3861 http fetch GET 200 https://registry.npmjs.org/eslint-plugin-mocha 2278ms (cache miss)
3862 silly packumentCache full:https://registry.npmjs.org/eslint-plugin-mocha set size:undefined disposed:false
3863 silly fetch manifest intelli-espower-loader@^1.0.1
3864 silly packumentCache full:https://registry.npmjs.org/intelli-espower-loader cache-miss
3865 http fetch GET 200 https://registry.npmjs.org/intelli-espower-loader 790ms (cache miss)
3866 silly packumentCache full:https://registry.npmjs.org/intelli-espower-loader set size:undefined disposed:false
3867 silly fetch manifest mocha@^6.1.4
3868 silly packumentCache full:https://registry.npmjs.org/mocha cache-miss
3869 http cache https://registry.npmjs.org/mocha 81ms (cache hit)
3870 silly packumentCache full:https://registry.npmjs.org/mocha set size:4136144 disposed:false
3871 silly fetch manifest nyc@^14.1.1
3872 silly packumentCache full:https://registry.npmjs.org/nyc cache-hit
3873 silly fetch manifest power-assert@^1.6.1
3874 silly packumentCache full:https://registry.npmjs.org/power-assert cache-miss
3875 http fetch GET 200 https://registry.npmjs.org/power-assert 1523ms (cache miss)
3876 silly packumentCache full:https://registry.npmjs.org/power-assert set size:undefined disposed:false
3877 silly placeDep node_modules/.pnpm/async-limiter@1.0.1/node_modules/async-limiter eslint@5.16.0 OK for: async-limiter@1.0.1 want: ^5.16.0
3878 silly placeDep node_modules/.pnpm/async-limiter@1.0.1/node_modules/async-limiter eslint-plugin-mocha@5.3.0 OK for: async-limiter@1.0.1 want: ^5.3.0
3879 silly placeDep ROOT intelli-espower-loader@1.1.0 OK for: async-limiter@1.0.1 want: ^1.0.1
3880 silly placeDep node_modules/.pnpm/async-limiter@1.0.1/node_modules/async-limiter mocha@6.2.3 OK for: async-limiter@1.0.1 want: ^6.1.4
3881 silly placeDep node_modules/.pnpm/async-limiter@1.0.1/node_modules/async-limiter nyc@14.1.1 OK for: async-limiter@1.0.1 want: ^14.1.1
3882 silly placeDep ROOT power-assert@1.6.1 OK for: async-limiter@1.0.1 want: ^1.6.1
3883 silly fetch manifest ajv@^6.9.1
3884 silly packumentCache full:https://registry.npmjs.org/ajv cache-miss
3885 http fetch GET 200 https://registry.npmjs.org/ajv 394ms (cache revalidated)
3886 silly packumentCache full:https://registry.npmjs.org/ajv set size:1142658 disposed:false
3887 silly fetch manifest levn@^0.3.0
3888 silly packumentCache full:https://registry.npmjs.org/levn cache-hit
3889 silly fetch manifest chalk@^2.1.0
3890 silly packumentCache full:https://registry.npmjs.org/chalk cache-hit
3891 silly fetch manifest table@^5.2.3
3892 silly packumentCache full:https://registry.npmjs.org/table cache-miss
3893 http cache https://registry.npmjs.org/table 44ms (cache hit)
3894 silly packumentCache full:https://registry.npmjs.org/table set size:296407 disposed:false
3895 silly fetch manifest espree@^5.0.1
3896 silly packumentCache full:https://registry.npmjs.org/espree cache-hit
3897 silly fetch manifest lodash@^4.17.11
3898 silly packumentCache full:https://registry.npmjs.org/lodash cache-hit
3899 silly fetch manifest mkdirp@^0.5.1
3900 silly packumentCache full:https://registry.npmjs.org/mkdirp cache-hit
3901 silly fetch manifest semver@^5.5.1
3902 silly packumentCache full:https://registry.npmjs.org/semver cache-hit
3903 silly fetch manifest esquery@^1.0.1
3904 silly packumentCache full:https://registry.npmjs.org/esquery cache-hit
3905 silly fetch manifest globals@^11.7.0
3906 silly packumentCache full:https://registry.npmjs.org/globals cache-hit
3907 silly fetch manifest js-yaml@^3.13.0
3908 silly packumentCache full:https://registry.npmjs.org/js-yaml cache-hit
3909 silly fetch manifest regexpp@^2.0.1
3910 silly packumentCache full:https://registry.npmjs.org/regexpp cache-hit
3911 silly fetch manifest inquirer@^6.2.2
3912 silly packumentCache full:https://registry.npmjs.org/inquirer cache-hit
3913 silly fetch manifest optionator@^0.8.2
3914 silly packumentCache full:https://registry.npmjs.org/optionator cache-hit
3915 silly fetch manifest eslint-scope@^4.0.3
3916 silly packumentCache full:https://registry.npmjs.org/eslint-scope cache-hit
3917 silly fetch manifest eslint-utils@^1.3.1
3918 silly packumentCache full:https://registry.npmjs.org/eslint-utils cache-hit
3919 silly fetch manifest path-is-inside@^1.0.2
3920 silly packumentCache full:https://registry.npmjs.org/path-is-inside cache-miss
3921 http fetch GET 200 https://registry.npmjs.org/path-is-inside 279ms (cache miss)
3922 silly packumentCache full:https://registry.npmjs.org/path-is-inside set size:undefined disposed:false
3923 silly fetch manifest file-entry-cache@^5.0.1
3924 silly packumentCache full:https://registry.npmjs.org/file-entry-cache cache-hit
3925 silly fetch manifest eslint-visitor-keys@^1.0.0
3926 silly packumentCache full:https://registry.npmjs.org/eslint-visitor-keys cache-hit
3927 silly fetch manifest strip-json-comments@^2.0.1
3928 silly packumentCache full:https://registry.npmjs.org/strip-json-comments cache-hit
3929 silly fetch manifest ramda@^0.26.1
3930 silly packumentCache full:https://registry.npmjs.org/ramda cache-miss
3931 http fetch GET 200 https://registry.npmjs.org/ramda 433ms (cache revalidated)
3932 silly packumentCache full:https://registry.npmjs.org/ramda set size:202208 disposed:false
3933 silly fetch manifest espower-loader@^1.0.0
3934 silly packumentCache full:https://registry.npmjs.org/espower-loader cache-miss
3935 http fetch GET 200 https://registry.npmjs.org/espower-loader 1643ms (cache miss)
3936 silly packumentCache full:https://registry.npmjs.org/espower-loader set size:undefined disposed:false
3937 silly fetch manifest ms@2.1.1
3938 silly packumentCache full:https://registry.npmjs.org/ms cache-hit
3939 silly fetch manifest diff@3.5.0
3940 silly packumentCache full:https://registry.npmjs.org/diff cache-hit
3941 silly fetch manifest glob@7.1.3
3942 silly packumentCache full:https://registry.npmjs.org/glob cache-hit
3943 silly fetch manifest debug@3.2.6
3944 silly packumentCache full:https://registry.npmjs.org/debug cache-hit
3945 silly fetch manifest which@1.3.1
3946 silly packumentCache full:https://registry.npmjs.org/which cache-hit
3947 silly fetch manifest yargs@13.3.2
3948 silly packumentCache full:https://registry.npmjs.org/yargs cache-hit
3949 silly fetch manifest mkdirp@0.5.4
3950 silly packumentCache full:https://registry.npmjs.org/mkdirp cache-hit
3951 silly fetch manifest find-up@3.0.0
3952 silly packumentCache full:https://registry.npmjs.org/find-up cache-hit
3953 silly fetch manifest js-yaml@3.13.1
3954 silly packumentCache full:https://registry.npmjs.org/js-yaml cache-hit
3955 silly fetch manifest ansi-colors@3.2.3
3956 silly packumentCache full:https://registry.npmjs.org/ansi-colors cache-hit
3957 silly fetch manifest log-symbols@2.2.0
3958 silly packumentCache full:https://registry.npmjs.org/log-symbols cache-hit
3959 silly fetch manifest yargs-parser@13.1.2
3960 silly packumentCache full:https://registry.npmjs.org/yargs-parser cache-hit
3961 silly fetch manifest object.assign@4.1.0
3962 silly packumentCache full:https://registry.npmjs.org/object.assign cache-miss
3963 http fetch GET 200 https://registry.npmjs.org/object.assign 2468ms (cache miss)
3964 silly packumentCache full:https://registry.npmjs.org/object.assign set size:undefined disposed:false
3965 silly fetch manifest supports-color@6.0.0
3966 silly packumentCache full:https://registry.npmjs.org/supports-color cache-hit
3967 silly fetch manifest yargs-unparser@1.6.0
3968 silly packumentCache full:https://registry.npmjs.org/yargs-unparser cache-hit
3969 silly fetch manifest strip-json-comments@2.0.1
3970 silly packumentCache full:https://registry.npmjs.org/strip-json-comments cache-hit
3971 silly fetch manifest escape-string-regexp@1.0.5
3972 silly packumentCache full:https://registry.npmjs.org/escape-string-regexp cache-hit
3973 silly fetch manifest node-environment-flags@1.0.5
3974 silly packumentCache full:https://registry.npmjs.org/node-environment-flags cache-miss
3975 http fetch GET 200 https://registry.npmjs.org/node-environment-flags 718ms (cache miss)
3976 silly packumentCache full:https://registry.npmjs.org/node-environment-flags set size:undefined disposed:false
3977 silly fetch manifest uuid@^3.3.2
3978 silly packumentCache full:https://registry.npmjs.org/uuid cache-miss
3979 http fetch GET 200 https://registry.npmjs.org/uuid 2915ms (cache miss)
3980 silly packumentCache full:https://registry.npmjs.org/uuid set size:undefined disposed:false
3981 silly fetch manifest archy@^1.0.0
3982 silly packumentCache full:https://registry.npmjs.org/archy cache-miss
3983 http fetch GET 200 https://registry.npmjs.org/archy 1344ms (cache miss)
3984 silly packumentCache full:https://registry.npmjs.org/archy set size:undefined disposed:false
3985 silly fetch manifest yargs@^13.2.2
3986 silly packumentCache full:https://registry.npmjs.org/yargs cache-hit
3987 silly fetch manifest rimraf@^2.6.3
3988 silly packumentCache full:https://registry.npmjs.org/rimraf cache-hit
3989 silly fetch manifest cp-file@^6.2.0
3990 silly packumentCache full:https://registry.npmjs.org/cp-file cache-miss
3991 http fetch GET 200 https://registry.npmjs.org/cp-file 1673ms (cache miss)
3992 silly packumentCache full:https://registry.npmjs.org/cp-file set size:undefined disposed:false
3993 silly fetch manifest find-up@^3.0.0
3994 silly packumentCache full:https://registry.npmjs.org/find-up cache-hit
3995 silly fetch manifest make-dir@^2.1.0
3996 silly packumentCache full:https://registry.npmjs.org/make-dir cache-hit
3997 silly fetch manifest spawn-wrap@^1.4.2
3998 silly packumentCache full:https://registry.npmjs.org/spawn-wrap cache-hit
3999 silly fetch manifest test-exclude@^5.2.3
4000 silly packumentCache full:https://registry.npmjs.org/test-exclude cache-hit
4001 silly fetch manifest yargs-parser@^13.0.0
4002 silly packumentCache full:https://registry.npmjs.org/yargs-parser cache-hit
4003 silly fetch manifest find-cache-dir@^2.1.0
4004 silly packumentCache full:https://registry.npmjs.org/find-cache-dir cache-hit
4005 silly fetch manifest foreground-child@^1.5.6
4006 silly packumentCache full:https://registry.npmjs.org/foreground-child cache-hit
4007 silly fetch manifest istanbul-reports@^2.2.4
4008 silly packumentCache full:https://registry.npmjs.org/istanbul-reports cache-hit
4009 silly fetch manifest merge-source-map@^1.1.0
4010 silly packumentCache full:https://registry.npmjs.org/merge-source-map cache-miss
4011 http fetch GET 200 https://registry.npmjs.org/merge-source-map 780ms (cache miss)
4012 silly packumentCache full:https://registry.npmjs.org/merge-source-map set size:undefined disposed:false
4013 silly fetch manifest caching-transform@^3.0.2
4014 silly packumentCache full:https://registry.npmjs.org/caching-transform cache-hit
4015 silly fetch manifest istanbul-lib-hook@^2.0.7
4016 silly packumentCache full:https://registry.npmjs.org/istanbul-lib-hook cache-miss
4017 http cache https://registry.npmjs.org/istanbul-lib-hook 36ms (cache hit)
4018 silly packumentCache full:https://registry.npmjs.org/istanbul-lib-hook set size:65003 disposed:false
4019 silly fetch manifest istanbul-lib-report@^2.0.8
4020 silly packumentCache full:https://registry.npmjs.org/istanbul-lib-report cache-hit
4021 silly fetch manifest istanbul-lib-coverage@^2.0.5
4022 silly packumentCache full:https://registry.npmjs.org/istanbul-lib-coverage cache-hit
4023 silly fetch manifest istanbul-lib-instrument@^3.3.0
4024 silly packumentCache full:https://registry.npmjs.org/istanbul-lib-instrument cache-hit
4025 silly fetch manifest istanbul-lib-source-maps@^3.0.6
4026 silly packumentCache full:https://registry.npmjs.org/istanbul-lib-source-maps cache-hit
4027 silly fetch manifest define-properties@^1.1.2
4028 silly packumentCache full:https://registry.npmjs.org/define-properties cache-miss
4029 http fetch GET 200 https://registry.npmjs.org/define-properties 562ms (cache miss)
4030 silly packumentCache full:https://registry.npmjs.org/define-properties set size:undefined disposed:false
4031 silly fetch manifest empower@^1.3.1
4032 silly packumentCache full:https://registry.npmjs.org/empower cache-miss
4033 http fetch GET 200 https://registry.npmjs.org/empower 1692ms (cache miss)
4034 silly packumentCache full:https://registry.npmjs.org/empower set size:undefined disposed:false
4035 silly fetch manifest power-assert-formatter@^1.4.1
4036 silly packumentCache full:https://registry.npmjs.org/power-assert-formatter cache-miss
4037 http fetch GET 200 https://registry.npmjs.org/power-assert-formatter 260ms (cache revalidated)
4038 silly packumentCache full:https://registry.npmjs.org/power-assert-formatter set size:69934 disposed:false
4039 silly fetch manifest universal-deep-strict-equal@^1.2.1
4040 silly packumentCache full:https://registry.npmjs.org/universal-deep-strict-equal cache-miss
4041 http fetch GET 200 https://registry.npmjs.org/universal-deep-strict-equal 498ms (cache miss)
4042 silly packumentCache full:https://registry.npmjs.org/universal-deep-strict-equal set size:undefined disposed:false
4043 silly fetch manifest xtend@^4.0.0
4044 silly packumentCache full:https://registry.npmjs.org/xtend cache-miss
4045 http fetch GET 200 https://registry.npmjs.org/xtend 831ms (cache revalidated)
4046 silly packumentCache full:https://registry.npmjs.org/xtend set size:28314 disposed:false
4047 silly fetch manifest babel-minify@^0.5.1
4048 silly packumentCache full:https://registry.npmjs.org/babel-minify cache-miss
4049 http fetch GET 200 https://registry.npmjs.org/babel-minify 8899ms (cache miss)
4050 silly packumentCache full:https://registry.npmjs.org/babel-minify set size:undefined disposed:false
4051 silly fetch manifest benchmark@^2.1.4
4052 silly packumentCache full:https://registry.npmjs.org/benchmark cache-miss
4053 http cache https://registry.npmjs.org/benchmark 20ms (cache hit)
4054 silly packumentCache full:https://registry.npmjs.org/benchmark set size:45478 disposed:false
4055 silly fetch manifest browserify@^16.3.0
4056 silly packumentCache full:https://registry.npmjs.org/browserify cache-miss
4057 http fetch GET 200 https://registry.npmjs.org/browserify 616ms (cache revalidated)
4058 silly packumentCache full:https://registry.npmjs.org/browserify set size:1132590 disposed:false
4059 silly fetch manifest standard@*
4060 silly packumentCache full:https://registry.npmjs.org/standard cache-miss
4061 http fetch GET 200 https://registry.npmjs.org/standard 5006ms (cache miss)
4062 silly packumentCache full:https://registry.npmjs.org/standard set size:undefined disposed:false
4063 silly fetch manifest tape@4.x
4064 silly packumentCache full:https://registry.npmjs.org/tape cache-miss
4065 http fetch GET 200 https://registry.npmjs.org/tape 3033ms (cache miss)
4066 silly packumentCache full:https://registry.npmjs.org/tape set size:undefined disposed:false
4067 silly placeDep ROOT babel-minify@0.5.2 OK for: base64-js@1.5.1 want: ^0.5.1
4068 silly placeDep node_modules/.pnpm/base64-js@1.5.1/node_modules/base64-js benchmark@2.1.4 OK for: base64-js@1.5.1 want: ^2.1.4
4069 silly placeDep ROOT browserify@16.5.2 OK for: base64-js@1.5.1 want: ^16.3.0
4070 silly placeDep ROOT standard@17.1.2 OK for: base64-js@1.5.1 want: *
4071 silly placeDep ROOT tape@4.17.0 OK for: base64-js@1.5.1 want: 4.x
4072 silly fetch manifest @babel/core@^7.1.0
4073 silly packumentCache full:https://registry.npmjs.org/@babel%2fcore cache-hit
4074 silly fetch manifest yargs-parser@^10.0.0
4075 silly packumentCache full:https://registry.npmjs.org/yargs-parser cache-hit
4076 silly fetch manifest util.promisify@^1.0.0
4077 silly packumentCache full:https://registry.npmjs.org/util.promisify cache-miss
4078 http fetch GET 200 https://registry.npmjs.org/util.promisify 1334ms (cache miss)
4079 silly packumentCache full:https://registry.npmjs.org/util.promisify set size:undefined disposed:false
4080 silly fetch manifest babel-preset-minify@^0.5.2
4081 silly packumentCache full:https://registry.npmjs.org/babel-preset-minify cache-miss
4082 http fetch GET 200 https://registry.npmjs.org/babel-preset-minify 2157ms (cache miss)
4083 silly packumentCache full:https://registry.npmjs.org/babel-preset-minify set size:undefined disposed:false
4084 silly fetch manifest fs-readdir-recursive@^1.1.0
4085 silly packumentCache full:https://registry.npmjs.org/fs-readdir-recursive cache-miss
4086 http fetch GET 200 https://registry.npmjs.org/fs-readdir-recursive 291ms (cache miss)
4087 silly packumentCache full:https://registry.npmjs.org/fs-readdir-recursive set size:undefined disposed:false
4088 silly fetch manifest lodash@^4.17.4
4089 silly packumentCache full:https://registry.npmjs.org/lodash cache-hit
4090 silly fetch manifest platform@^1.3.3
4091 silly packumentCache full:https://registry.npmjs.org/platform cache-miss
4092 http fetch GET 200 https://registry.npmjs.org/platform 1007ms (cache miss)
4093 silly packumentCache full:https://registry.npmjs.org/platform set size:undefined disposed:false
4094 silly fetch manifest has@^1.0.0
4095 silly packumentCache full:https://registry.npmjs.org/has cache-miss
4096 http fetch GET 200 https://registry.npmjs.org/has 387ms (cache miss)
4097 silly packumentCache full:https://registry.npmjs.org/has set size:undefined disposed:false
4098 silly fetch manifest url@~0.11.0
4099 silly packumentCache full:https://registry.npmjs.org/url cache-miss
4100 http fetch GET 200 https://registry.npmjs.org/url 1294ms (cache miss)
4101 silly packumentCache full:https://registry.npmjs.org/url set size:undefined disposed:false
4102 silly fetch manifest glob@^7.1.0
4103 silly packumentCache full:https://registry.npmjs.org/glob cache-hit
4104 silly fetch manifest util@~0.10.1
4105 silly packumentCache full:https://registry.npmjs.org/util cache-miss
4106 http cache https://registry.npmjs.org/util 13ms (cache hit)
4107 silly packumentCache full:https://registry.npmjs.org/util set size:40411 disposed:false
4108 silly fetch manifest assert@^1.4.0
4109 silly packumentCache full:https://registry.npmjs.org/assert cache-miss
4110 http fetch GET 200 https://registry.npmjs.org/assert 1084ms (cache miss)
4111 silly packumentCache full:https://registry.npmjs.org/assert set size:undefined disposed:false
4112 silly fetch manifest buffer@~5.2.1
4113 silly packumentCache full:https://registry.npmjs.org/buffer cache-miss
4114 http fetch GET 200 https://registry.npmjs.org/buffer 1721ms (cache miss)
4115 silly packumentCache full:https://registry.npmjs.org/buffer set size:undefined disposed:false
4116 silly fetch manifest events@^2.0.0
4117 silly packumentCache full:https://registry.npmjs.org/events cache-miss
4118 http cache https://registry.npmjs.org/events 81ms (cache hit)
4119 silly packumentCache full:https://registry.npmjs.org/events set size:35240 disposed:false
4120 silly fetch manifest shasum@^1.0.0
4121 silly packumentCache full:https://registry.npmjs.org/shasum cache-miss
4122 http fetch GET 200 https://registry.npmjs.org/shasum 438ms (cache miss)
4123 silly packumentCache full:https://registry.npmjs.org/shasum set size:undefined disposed:false
4124 silly fetch manifest subarg@^1.0.0
4125 silly packumentCache full:https://registry.npmjs.org/subarg cache-miss
4126 http fetch GET 200 https://registry.npmjs.org/subarg 242ms (cache miss)
4127 silly packumentCache full:https://registry.npmjs.org/subarg set size:undefined disposed:false
4128 silly fetch manifest defined@^1.0.0
4129 silly packumentCache full:https://registry.npmjs.org/defined cache-miss
4130 http fetch GET 200 https://registry.npmjs.org/defined 572ms (cache miss)
4131 silly packumentCache full:https://registry.npmjs.org/defined set size:undefined disposed:false
4132 silly fetch manifest parents@^1.0.1
4133 silly packumentCache full:https://registry.npmjs.org/parents cache-miss
4134 http fetch GET 200 https://registry.npmjs.org/parents 886ms (cache miss)
4135 silly packumentCache full:https://registry.npmjs.org/parents set size:undefined disposed:false
4136 silly fetch manifest process@~0.11.0
4137 silly packumentCache full:https://registry.npmjs.org/process cache-miss
4138 http fetch GET 200 https://registry.npmjs.org/process 1684ms (cache miss)
4139 silly packumentCache full:https://registry.npmjs.org/process set size:undefined disposed:false
4140 silly fetch manifest resolve@^1.1.4
4141 silly packumentCache full:https://registry.npmjs.org/resolve cache-hit
4142 silly fetch manifest inherits@~2.0.1
4143 silly packumentCache full:https://registry.npmjs.org/inherits cache-miss
4144 http fetch GET 200 https://registry.npmjs.org/inherits 293ms (cache miss)
4145 silly packumentCache full:https://registry.npmjs.org/inherits set size:undefined disposed:false
4146 silly fetch manifest punycode@^1.3.2
4147 silly packumentCache full:https://registry.npmjs.org/punycode cache-miss
4148 http fetch GET 200 https://registry.npmjs.org/punycode 1499ms (cache miss)
4149 silly packumentCache full:https://registry.npmjs.org/punycode set size:undefined disposed:false
4150 silly fetch manifest through2@^2.0.0
4151 silly packumentCache full:https://registry.npmjs.org/through2 cache-miss
4152 http fetch GET 200 https://registry.npmjs.org/through2 1221ms (cache miss)
4153 silly packumentCache full:https://registry.npmjs.org/through2 set size:undefined disposed:false
4154 silly fetch manifest deps-sort@^2.0.0
4155 silly packumentCache full:https://registry.npmjs.org/deps-sort cache-miss
4156 http fetch GET 200 https://registry.npmjs.org/deps-sort 1442ms (cache miss)
4157 silly packumentCache full:https://registry.npmjs.org/deps-sort set size:undefined disposed:false
4158 silly fetch manifest duplexer2@~0.1.2
4159 silly packumentCache full:https://registry.npmjs.org/duplexer2 cache-miss
4160 http fetch GET 200 https://registry.npmjs.org/duplexer2 898ms (cache miss)
4161 silly packumentCache full:https://registry.npmjs.org/duplexer2 set size:undefined disposed:false
4162 silly fetch manifest JSONStream@^1.0.3
4163 silly packumentCache full:https://registry.npmjs.org/JSONStream cache-miss
4164 http fetch GET 200 https://registry.npmjs.org/JSONStream 865ms (cache miss)
4165 silly packumentCache full:https://registry.npmjs.org/JSONStream set size:undefined disposed:false
4166 silly fetch manifest htmlescape@^1.1.0
4167 silly packumentCache full:https://registry.npmjs.org/htmlescape cache-miss
4168 http fetch GET 200 https://registry.npmjs.org/htmlescape 348ms (cache miss)
4169 silly packumentCache full:https://registry.npmjs.org/htmlescape set size:undefined disposed:false
4170 silly fetch manifest module-deps@^6.2.3
4171 silly packumentCache full:https://registry.npmjs.org/module-deps cache-miss
4172 http fetch GET 200 https://registry.npmjs.org/module-deps 1992ms (cache miss)
4173 silly packumentCache full:https://registry.npmjs.org/module-deps set size:undefined disposed:false
4174 silly fetch manifest stream-http@^3.0.0
4175 silly packumentCache full:https://registry.npmjs.org/stream-http cache-miss
4176 http fetch GET 200 https://registry.npmjs.org/stream-http 1529ms (cache miss)
4177 silly packumentCache full:https://registry.npmjs.org/stream-http set size:undefined disposed:false
4178 silly fetch manifest browser-pack@^6.0.1
4179 silly packumentCache full:https://registry.npmjs.org/browser-pack cache-miss
4180 http fetch GET 200 https://registry.npmjs.org/browser-pack 592ms (cache miss)
4181 silly packumentCache full:https://registry.npmjs.org/browser-pack set size:undefined disposed:false
4182 silly fetch manifest syntax-error@^1.1.1
4183 silly packumentCache full:https://registry.npmjs.org/syntax-error cache-miss
4184 http fetch GET 200 https://registry.npmjs.org/syntax-error 1274ms (cache miss)
4185 silly packumentCache full:https://registry.npmjs.org/syntax-error set size:undefined disposed:false
4186 silly fetch manifest concat-stream@^1.6.0
4187 silly packumentCache full:https://registry.npmjs.org/concat-stream cache-miss
4188 http fetch GET 200 https://registry.npmjs.org/concat-stream 708ms (cache miss)
4189 silly packumentCache full:https://registry.npmjs.org/concat-stream set size:undefined disposed:false
4190 silly fetch manifest os-browserify@~0.3.0
4191 silly packumentCache full:https://registry.npmjs.org/os-browserify cache-miss
4192 http fetch GET 200 https://registry.npmjs.org/os-browserify 838ms (cache miss)
4193 silly packumentCache full:https://registry.npmjs.org/os-browserify set size:undefined disposed:false
4194 silly fetch manifest vm-browserify@^1.0.0
4195 silly packumentCache full:https://registry.npmjs.org/vm-browserify cache-miss
4196 http fetch GET 200 https://registry.npmjs.org/vm-browserify 2157ms (cache miss)
4197 silly packumentCache full:https://registry.npmjs.org/vm-browserify set size:undefined disposed:false
4198 silly fetch manifest domain-browser@^1.2.0
4199 silly packumentCache full:https://registry.npmjs.org/domain-browser cache-miss
4200 http fetch GET 200 https://registry.npmjs.org/domain-browser 3552ms (cache miss)
4201 silly packumentCache full:https://registry.npmjs.org/domain-browser set size:undefined disposed:false
4202 silly fetch manifest mkdirp-classic@^0.5.2
4203 silly packumentCache full:https://registry.npmjs.org/mkdirp-classic cache-miss
4204 http fetch GET 200 https://registry.npmjs.org/mkdirp-classic 1269ms (cache miss)
4205 silly packumentCache full:https://registry.npmjs.org/mkdirp-classic set size:undefined disposed:false
4206 silly fetch manifest string_decoder@^1.1.1
4207 silly packumentCache full:https://registry.npmjs.org/string_decoder cache-miss
4208 http fetch GET 200 https://registry.npmjs.org/string_decoder 1681ms (cache miss)
4209 silly packumentCache full:https://registry.npmjs.org/string_decoder set size:undefined disposed:false
4210 silly fetch manifest tty-browserify@0.0.1
4211 silly packumentCache full:https://registry.npmjs.org/tty-browserify cache-miss
4212 http fetch GET 200 https://registry.npmjs.org/tty-browserify 1145ms (cache miss)
4213 silly packumentCache full:https://registry.npmjs.org/tty-browserify set size:undefined disposed:false
4214 silly fetch manifest browser-resolve@^2.0.0
4215 silly packumentCache full:https://registry.npmjs.org/browser-resolve cache-miss
4216 http fetch GET 200 https://registry.npmjs.org/browser-resolve 1597ms (cache miss)
4217 silly packumentCache full:https://registry.npmjs.org/browser-resolve set size:undefined disposed:false
4218 silly fetch manifest browserify-zlib@~0.2.0
4219 silly packumentCache full:https://registry.npmjs.org/browserify-zlib cache-miss
4220 http fetch GET 200 https://registry.npmjs.org/browserify-zlib 410ms (cache miss)
4221 silly packumentCache full:https://registry.npmjs.org/browserify-zlib set size:undefined disposed:false
4222 silly fetch manifest path-browserify@~0.0.0
4223 silly packumentCache full:https://registry.npmjs.org/path-browserify cache-miss
4224 http fetch GET 200 https://registry.npmjs.org/path-browserify 743ms (cache miss)
4225 silly packumentCache full:https://registry.npmjs.org/path-browserify set size:undefined disposed:false
4226 silly fetch manifest querystring-es3@~0.2.0
4227 silly packumentCache full:https://registry.npmjs.org/querystring-es3 cache-miss
4228 http fetch GET 200 https://registry.npmjs.org/querystring-es3 714ms (cache miss)
4229 silly packumentCache full:https://registry.npmjs.org/querystring-es3 set size:undefined disposed:false
4230 silly fetch manifest readable-stream@^2.0.2
4231 silly packumentCache full:https://registry.npmjs.org/readable-stream cache-miss
4232 http fetch GET 200 https://registry.npmjs.org/readable-stream 3425ms (cache miss)
4233 silly packumentCache full:https://registry.npmjs.org/readable-stream set size:undefined disposed:false
4234 silly fetch manifest https-browserify@^1.0.0
4235 silly packumentCache full:https://registry.npmjs.org/https-browserify cache-miss
4236 http fetch GET 200 https://registry.npmjs.org/https-browserify 1398ms (cache miss)
4237 silly packumentCache full:https://registry.npmjs.org/https-browserify set size:undefined disposed:false
4238 silly fetch manifest read-only-stream@^2.0.0
4239 silly packumentCache full:https://registry.npmjs.org/read-only-stream cache-miss
4240 http fetch GET 200 https://registry.npmjs.org/read-only-stream 646ms (cache miss)
4241 silly packumentCache full:https://registry.npmjs.org/read-only-stream set size:undefined disposed:false
4242 silly fetch manifest crypto-browserify@^3.0.0
4243 silly packumentCache full:https://registry.npmjs.org/crypto-browserify cache-miss
4244 http fetch GET 200 https://registry.npmjs.org/crypto-browserify 1633ms (cache miss)
4245 silly packumentCache full:https://registry.npmjs.org/crypto-browserify set size:undefined disposed:false
4246 silly fetch manifest stream-browserify@^2.0.0
4247 silly packumentCache full:https://registry.npmjs.org/stream-browserify cache-miss
4248 http fetch GET 200 https://registry.npmjs.org/stream-browserify 789ms (cache miss)
4249 silly packumentCache full:https://registry.npmjs.org/stream-browserify set size:undefined disposed:false
4250 silly fetch manifest timers-browserify@^1.0.1
4251 silly packumentCache full:https://registry.npmjs.org/timers-browserify cache-miss
4252 http fetch GET 200 https://registry.npmjs.org/timers-browserify 986ms (cache miss)
4253 silly packumentCache full:https://registry.npmjs.org/timers-browserify set size:undefined disposed:false
4254 silly fetch manifest console-browserify@^1.1.0
4255 silly packumentCache full:https://registry.npmjs.org/console-browserify cache-miss
4256 http cache https://registry.npmjs.org/console-browserify 79ms (cache hit)
4257 silly packumentCache full:https://registry.npmjs.org/console-browserify set size:29208 disposed:false
4258 silly fetch manifest cached-path-relative@^1.0.0
4259 silly packumentCache full:https://registry.npmjs.org/cached-path-relative cache-miss
4260 http fetch GET 200 https://registry.npmjs.org/cached-path-relative 477ms (cache miss)
4261 silly packumentCache full:https://registry.npmjs.org/cached-path-relative set size:undefined disposed:false
4262 silly fetch manifest constants-browserify@~1.0.0
4263 silly packumentCache full:https://registry.npmjs.org/constants-browserify cache-miss
4264 http fetch GET 200 https://registry.npmjs.org/constants-browserify 378ms (cache miss)
4265 silly packumentCache full:https://registry.npmjs.org/constants-browserify set size:undefined disposed:false
4266 silly fetch manifest insert-module-globals@^7.0.0
4267 silly packumentCache full:https://registry.npmjs.org/insert-module-globals cache-miss
4268 http fetch GET 200 https://registry.npmjs.org/insert-module-globals 1578ms (cache miss)
4269 silly packumentCache full:https://registry.npmjs.org/insert-module-globals set size:undefined disposed:false
4270 silly fetch manifest labeled-stream-splicer@^2.0.0
4271 silly packumentCache full:https://registry.npmjs.org/labeled-stream-splicer cache-miss
4272 http fetch GET 200 https://registry.npmjs.org/labeled-stream-splicer 1382ms (cache miss)
4273 silly packumentCache full:https://registry.npmjs.org/labeled-stream-splicer set size:undefined disposed:false
4274 silly fetch manifest eslint-config-standard@17.1.0
4275 silly packumentCache full:https://registry.npmjs.org/eslint-config-standard cache-miss
4276 http fetch GET 200 https://registry.npmjs.org/eslint-config-standard 3863ms (cache miss)
4277 silly packumentCache full:https://registry.npmjs.org/eslint-config-standard set size:undefined disposed:false
4278 silly fetch manifest eslint-config-standard-jsx@^11.0.0
4279 silly packumentCache full:https://registry.npmjs.org/eslint-config-standard-jsx cache-miss
4280 http fetch GET 200 https://registry.npmjs.org/eslint-config-standard-jsx 1300ms (cache miss)
4281 silly packumentCache full:https://registry.npmjs.org/eslint-config-standard-jsx set size:undefined disposed:false
4282 silly fetch manifest eslint-plugin-n@^15.7.0
4283 silly packumentCache full:https://registry.npmjs.org/eslint-plugin-n cache-hit
4284 silly fetch manifest eslint-plugin-promise@^6.1.1
4285 silly packumentCache full:https://registry.npmjs.org/eslint-plugin-promise cache-hit
4286 silly fetch manifest eslint-plugin-react@^7.36.1
4287 silly packumentCache full:https://registry.npmjs.org/eslint-plugin-react cache-hit
4288 silly fetch manifest standard-engine@^15.1.0
4289 silly packumentCache full:https://registry.npmjs.org/standard-engine cache-miss
4290 http fetch GET 200 https://registry.npmjs.org/standard-engine 3643ms (cache miss)
4291 silly packumentCache full:https://registry.npmjs.org/standard-engine set size:undefined disposed:false
4292 silly fetch manifest version-guard@^1.1.1
4293 silly packumentCache full:https://registry.npmjs.org/version-guard cache-miss
4294 http fetch GET 200 https://registry.npmjs.org/version-guard 1927ms (cache miss)
4295 silly packumentCache full:https://registry.npmjs.org/version-guard set size:undefined disposed:false
4296 silly fetch manifest has@~1.0.3
4297 silly packumentCache full:https://registry.npmjs.org/has cache-miss
4298 http cache https://registry.npmjs.org/has 15ms (cache hit)
4299 silly packumentCache full:https://registry.npmjs.org/has set size:12027 disposed:false
4300 silly fetch manifest glob@~7.2.3
4301 silly packumentCache full:https://registry.npmjs.org/glob cache-hit
4302 silly fetch manifest defined@~1.0.1
4303 silly packumentCache full:https://registry.npmjs.org/defined cache-miss
4304 http cache https://registry.npmjs.org/defined 11ms (cache hit)
4305 silly packumentCache full:https://registry.npmjs.org/defined set size:9350 disposed:false
4306 silly fetch manifest resolve@~1.22.6
4307 silly packumentCache full:https://registry.npmjs.org/resolve cache-hit
4308 silly fetch manifest for-each@~0.3.3
4309 silly packumentCache full:https://registry.npmjs.org/for-each cache-miss
4310 http fetch GET 200 https://registry.npmjs.org/for-each 5519ms (cache miss)
4311 silly packumentCache full:https://registry.npmjs.org/for-each set size:undefined disposed:false
4312 silly fetch manifest inherits@~2.0.4
4313 silly packumentCache full:https://registry.npmjs.org/inherits cache-miss
4314 http cache https://registry.npmjs.org/inherits 42ms (cache hit)
4315 silly packumentCache full:https://registry.npmjs.org/inherits set size:12925 disposed:false
4316 silly fetch manifest is-regex@~1.1.4
4317 silly packumentCache full:https://registry.npmjs.org/is-regex cache-miss
4318 http fetch GET 200 https://registry.npmjs.org/is-regex 788ms (cache miss)
4319 silly packumentCache full:https://registry.npmjs.org/is-regex set size:undefined disposed:false
4320 silly fetch manifest minimist@~1.2.8
4321 silly packumentCache full:https://registry.npmjs.org/minimist cache-hit
4322 silly fetch manifest call-bind@~1.0.2
4323 silly packumentCache full:https://registry.npmjs.org/call-bind cache-miss
4324 http fetch GET 200 https://registry.npmjs.org/call-bind 3819ms (cache miss)
4325 silly packumentCache full:https://registry.npmjs.org/call-bind set size:undefined disposed:false
4326 silly fetch manifest dotignore@~0.1.2
4327 silly packumentCache full:https://registry.npmjs.org/dotignore cache-miss
4328 http fetch GET 200 https://registry.npmjs.org/dotignore 1412ms (cache miss)
4329 silly packumentCache full:https://registry.npmjs.org/dotignore set size:undefined disposed:false
4330 silly fetch manifest deep-equal@~1.1.1
4331 silly packumentCache full:https://registry.npmjs.org/deep-equal cache-miss
4332 http fetch GET 200 https://registry.npmjs.org/deep-equal 3718ms (cache miss)
4333 silly packumentCache full:https://registry.npmjs.org/deep-equal set size:undefined disposed:false
4334 silly fetch manifest mock-property@~1.0.0
4335 silly packumentCache full:https://registry.npmjs.org/mock-property cache-miss
4336 http fetch GET 200 https://registry.npmjs.org/mock-property 1222ms (cache miss)
4337 silly packumentCache full:https://registry.npmjs.org/mock-property set size:undefined disposed:false
4338 silly fetch manifest object-inspect@~1.12.3
4339 silly packumentCache full:https://registry.npmjs.org/object-inspect cache-miss
4340 http fetch GET 200 https://registry.npmjs.org/object-inspect 2516ms (cache miss)
4341 silly packumentCache full:https://registry.npmjs.org/object-inspect set size:undefined disposed:false
4342 silly fetch manifest @ljharb/resumer@~0.0.1
4343 silly packumentCache full:https://registry.npmjs.org/@ljharb%2fresumer cache-miss
4344 http fetch GET 200 https://registry.npmjs.org/@ljharb%2fresumer 1149ms (cache miss)
4345 silly packumentCache full:https://registry.npmjs.org/@ljharb%2fresumer set size:undefined disposed:false
4346 silly fetch manifest @ljharb/through@~2.3.9
4347 silly packumentCache full:https://registry.npmjs.org/@ljharb%2fthrough cache-miss
4348 http fetch GET 200 https://registry.npmjs.org/@ljharb%2fthrough 1291ms (cache miss)
4349 silly packumentCache full:https://registry.npmjs.org/@ljharb%2fthrough set size:undefined disposed:false
4350 silly fetch manifest string.prototype.trim@~1.2.8
4351 silly packumentCache full:https://registry.npmjs.org/string.prototype.trim cache-miss
4352 http fetch GET 200 https://registry.npmjs.org/string.prototype.trim 3319ms (cache miss)
4353 silly packumentCache full:https://registry.npmjs.org/string.prototype.trim set size:undefined disposed:false
4354 silly fetch manifest @mdn/browser-compat-data@^8.0.2
4355 silly packumentCache full:https://registry.npmjs.org/@mdn%2fbrowser-compat-data cache-miss
4356 http fetch GET 200 https://registry.npmjs.org/@mdn%2fbrowser-compat-data 35391ms (cache miss)
4357 silly packumentCache full:https://registry.npmjs.org/@mdn%2fbrowser-compat-data set size:undefined disposed:false
4358 silly fetch manifest rollup@^4.44.0
4359 silly packumentCache full:https://registry.npmjs.org/rollup cache-miss
4360 http fetch GET 200 https://registry.npmjs.org/rollup 5668ms (cache revalidated)
4361 silly packumentCache full:https://registry.npmjs.org/rollup set size:6278661 disposed:false
4362 silly fetch manifest @rollup/plugin-typescript@^12.1.3
4363 silly packumentCache full:https://registry.npmjs.org/@rollup%2fplugin-typescript cache-hit
4364 silly fetch manifest tslib@^2.8.1
4365 silly packumentCache full:https://registry.npmjs.org/tslib cache-hit
4366 silly fetch manifest typescript@^5.7.2
4367 silly packumentCache full:https://registry.npmjs.org/typescript cache-miss
4368 http cache https://registry.npmjs.org/typescript 212ms (cache hit)
4369 silly packumentCache full:https://registry.npmjs.org/typescript set size:15513951 disposed:false
4370 silly fetch manifest @types/node@^22.15.17
4371 silly packumentCache full:https://registry.npmjs.org/@types%2fnode cache-miss
4372 http fetch GET 200 https://registry.npmjs.org/@types%2fnode 362ms (cache revalidated)
4373 silly packumentCache full:https://registry.npmjs.org/@types%2fnode set size:11084776 disposed:false
4374 silly fetch manifest eslint-plugin-new-with-error@^5.0.0
4375 silly packumentCache full:https://registry.npmjs.org/eslint-plugin-new-with-error cache-miss
4376 http fetch GET 200 https://registry.npmjs.org/eslint-plugin-new-with-error 857ms (cache miss)
4377 silly packumentCache full:https://registry.npmjs.org/eslint-plugin-new-with-error set size:undefined disposed:false
4378 silly fetch manifest eslint@>=2.13.1
4379 silly packumentCache full:https://registry.npmjs.org/eslint cache-miss
4380 http fetch GET 200 https://registry.npmjs.org/eslint 263ms (cache revalidated)
4381 silly packumentCache full:https://registry.npmjs.org/eslint set size:2040662 disposed:false
4382 silly fetch manifest jasmine@^5.8.0
4383 silly packumentCache full:https://registry.npmjs.org/jasmine cache-miss
4384 http fetch GET 200 https://registry.npmjs.org/jasmine 4375ms (cache miss)
4385 silly packumentCache full:https://registry.npmjs.org/jasmine set size:undefined disposed:false
4386 silly fetch manifest jasmine-browser-runner@^3.0.0
4387 silly packumentCache full:https://registry.npmjs.org/jasmine-browser-runner cache-miss
4388 http fetch GET 200 https://registry.npmjs.org/jasmine-browser-runner 1904ms (cache miss)
4389 silly packumentCache full:https://registry.npmjs.org/jasmine-browser-runner set size:undefined disposed:false
4390 silly fetch manifest jasmine-core@^5.5.0
4391 silly packumentCache full:https://registry.npmjs.org/jasmine-core cache-miss
4392 http fetch GET 200 https://registry.npmjs.org/jasmine-core 3094ms (cache miss)
4393 silly packumentCache full:https://registry.npmjs.org/jasmine-core set size:undefined disposed:false
4394 silly fetch manifest jasmine-spec-reporter@^7.0.0
4395 silly packumentCache full:https://registry.npmjs.org/jasmine-spec-reporter cache-miss
4396 http fetch GET 200 https://registry.npmjs.org/jasmine-spec-reporter 1200ms (cache miss)
4397 silly packumentCache full:https://registry.npmjs.org/jasmine-spec-reporter set size:undefined disposed:false
4398 silly fetch manifest typescript-eslint@^8.35.0
4399 silly packumentCache full:https://registry.npmjs.org/typescript-eslint cache-miss
4400 http fetch GET 200 https://registry.npmjs.org/typescript-eslint 19114ms (cache miss)
4401 silly packumentCache full:https://registry.npmjs.org/typescript-eslint set size:undefined disposed:false
4402 silly fetch manifest eslint@^8.57.0 || ^9.0.0 || ^10.0.0
4403 silly packumentCache full:https://registry.npmjs.org/eslint cache-miss
4404 http cache https://registry.npmjs.org/eslint 148ms (cache hit)
4405 silly packumentCache full:https://registry.npmjs.org/eslint set size:2040662 disposed:false
4406 silly fetch manifest web-features@^3.30.0
4407 silly packumentCache full:https://registry.npmjs.org/web-features cache-miss
4408 http fetch GET 200 https://registry.npmjs.org/web-features 30364ms (cache miss)
4409 silly packumentCache full:https://registry.npmjs.org/web-features set size:undefined disposed:false
4410 silly placeDep ROOT @mdn/browser-compat-data@8.0.9 OK for: baseline-browser-mapping@2.10.34 want: ^8.0.2
4411 silly placeDep node_modules/.pnpm/baseline-browser-mapping@2.10.34/node_modules/baseline-browser-mapping @rollup/plugin-terser@1.0.0 OK for: baseline-browser-mapping@2.10.34 want: ^1.0.0
4412 silly placeDep node_modules/.pnpm/baseline-browser-mapping@2.10.34/node_modules/baseline-browser-mapping @rollup/plugin-typescript@12.3.0 OK for: baseline-browser-mapping@2.10.34 want: ^12.1.3
4413 silly placeDep node_modules/.pnpm/baseline-browser-mapping@2.10.34/node_modules/baseline-browser-mapping @types/node@22.20.1 OK for: baseline-browser-mapping@2.10.34 want: ^22.15.17
4414 silly placeDep node_modules/.pnpm/baseline-browser-mapping@2.10.34/node_modules/baseline-browser-mapping eslint-plugin-new-with-error@5.0.0 OK for: baseline-browser-mapping@2.10.34 want: ^5.0.0
4415 silly placeDep ROOT jasmine@5.13.0 OK for: baseline-browser-mapping@2.10.34 want: ^5.8.0
4416 silly placeDep ROOT jasmine-browser-runner@3.0.0 OK for: baseline-browser-mapping@2.10.34 want: ^3.0.0
4417 silly placeDep ROOT jasmine-core@5.13.0 OK for: jasmine-browser-runner@3.0.0 want: ^5.5.0
4418 silly placeDep ROOT jasmine-spec-reporter@7.0.0 OK for: baseline-browser-mapping@2.10.34 want: ^7.0.0
4419 silly placeDep node_modules/.pnpm/baseline-browser-mapping@2.10.34/node_modules/baseline-browser-mapping rollup@4.62.4 OK for: baseline-browser-mapping@2.10.34 want: ^4.44.0
4420 silly placeDep node_modules/.pnpm/baseline-browser-mapping@2.10.34/node_modules/baseline-browser-mapping typescript-eslint@8.66.0 OK for: baseline-browser-mapping@2.10.34 want: ^8.35.0
4421 silly placeDep ROOT web-features@3.34.3 OK for: baseline-browser-mapping@2.10.34 want: ^3.30.0
4422 silly fetch manifest glob@^10.2.2
4423 silly packumentCache full:https://registry.npmjs.org/glob cache-hit
4424 silly fetch manifest jasmine-core@~5.13.0
4425 silly packumentCache full:https://registry.npmjs.org/jasmine-core cache-miss
4426 http cache https://registry.npmjs.org/jasmine-core 65ms (cache hit)
4427 silly packumentCache full:https://registry.npmjs.org/jasmine-core set size:237333 disposed:false
4428 silly fetch manifest ejs@^3.1.6
4429 silly packumentCache full:https://registry.npmjs.org/ejs cache-miss
4430 http fetch GET 200 https://registry.npmjs.org/ejs 1213ms (cache miss)
4431 silly packumentCache full:https://registry.npmjs.org/ejs set size:undefined disposed:false
4432 silly fetch manifest glob@^10.0.0
4433 silly packumentCache full:https://registry.npmjs.org/glob cache-hit
4434 silly fetch manifest express@^5.0.0
4435 silly packumentCache full:https://registry.npmjs.org/express cache-miss
4436 http fetch GET 200 https://registry.npmjs.org/express 396ms (cache revalidated)
4437 silly packumentCache full:https://registry.npmjs.org/express set size:804956 disposed:false
4438 silly fetch manifest selenium-webdriver@^4.12.0
4439 silly packumentCache full:https://registry.npmjs.org/selenium-webdriver cache-miss
4440 http fetch GET 200 https://registry.npmjs.org/selenium-webdriver 2326ms (cache miss)
4441 silly packumentCache full:https://registry.npmjs.org/selenium-webdriver set size:undefined disposed:false
4442 silly fetch manifest colors@1.4.0
4443 silly packumentCache full:https://registry.npmjs.org/colors cache-hit
4444 silly fetch manifest @typescript-eslint/utils@8.66.0
4445 silly packumentCache full:https://registry.npmjs.org/@typescript-eslint%2futils cache-miss
4446 http fetch GET 200 https://registry.npmjs.org/@typescript-eslint%2futils 392ms (cache revalidated)
4447 silly packumentCache full:https://registry.npmjs.org/@typescript-eslint%2futils set size:10630491 disposed:false
4448 silly fetch manifest @typescript-eslint/parser@8.66.0
4449 silly packumentCache full:https://registry.npmjs.org/@typescript-eslint%2fparser cache-miss
4450 http fetch GET 200 https://registry.npmjs.org/@typescript-eslint%2fparser 617ms (cache revalidated)
4451 silly packumentCache full:https://registry.npmjs.org/@typescript-eslint%2fparser set size:15612235 disposed:false
4452 silly fetch manifest @typescript-eslint/eslint-plugin@8.66.0
4453 silly packumentCache full:https://registry.npmjs.org/@typescript-eslint%2feslint-plugin cache-miss
4454 http fetch GET 200 https://registry.npmjs.org/@typescript-eslint%2feslint-plugin 1300ms (cache revalidated)
4455 silly packumentCache full:https://registry.npmjs.org/@typescript-eslint%2feslint-plugin set size:18508154 disposed:false
4456 silly fetch manifest @typescript-eslint/typescript-estree@8.66.0
4457 silly packumentCache full:https://registry.npmjs.org/@typescript-eslint%2ftypescript-estree cache-miss
4458 http fetch GET 200 https://registry.npmjs.org/@typescript-eslint%2ftypescript-estree 926ms (cache revalidated)
4459 silly packumentCache full:https://registry.npmjs.org/@typescript-eslint%2ftypescript-estree set size:16857921 disposed:false
4460 silly fetch manifest @mdn/browser-compat-data@^6.0.8
4461 silly packumentCache full:https://registry.npmjs.org/@mdn%2fbrowser-compat-data cache-miss
4462 http cache https://registry.npmjs.org/@mdn%2fbrowser-compat-data 46ms (cache hit)
4463 silly packumentCache full:https://registry.npmjs.org/@mdn%2fbrowser-compat-data set size:916787 disposed:false
4464 silly placeDep node_modules/.pnpm/@babel+compat-data@7.29.7/node_modules/@babel/compat-data @mdn/browser-compat-data@6.1.5 OK for: @babel/compat-data@7.29.7 want: ^6.0.8
4465 silly fetch manifest @types/lodash@^4.14.175
4466 silly packumentCache full:https://registry.npmjs.org/@types%2flodash cache-hit
4467 silly fetch manifest @types/node@^7.10.2
4468 silly packumentCache full:https://registry.npmjs.org/@types%2fnode cache-miss
4469 http cache https://registry.npmjs.org/@types%2fnode 164ms (cache hit)
4470 silly packumentCache full:https://registry.npmjs.org/@types%2fnode set size:11084776 disposed:false
4471 silly fetch manifest jasmine@3.5.0
4472 silly packumentCache full:https://registry.npmjs.org/jasmine cache-miss
4473 http cache https://registry.npmjs.org/jasmine 250ms (cache hit)
4474 silly packumentCache full:https://registry.npmjs.org/jasmine set size:171538 disposed:false
4475 silly fetch manifest jasmine-core@^3.5.0
4476 silly packumentCache full:https://registry.npmjs.org/jasmine-core cache-hit
4477 silly fetch manifest karma@^6.3.4
4478 silly packumentCache full:https://registry.npmjs.org/karma cache-miss
4479 http fetch GET 200 https://registry.npmjs.org/karma 3825ms (cache miss)
4480 silly packumentCache full:https://registry.npmjs.org/karma set size:undefined disposed:false
4481 silly fetch manifest karma-cli@^2.0.0
4482 silly packumentCache full:https://registry.npmjs.org/karma-cli cache-miss
4483 http fetch GET 200 https://registry.npmjs.org/karma-cli 887ms (cache miss)
4484 silly packumentCache full:https://registry.npmjs.org/karma-cli set size:undefined disposed:false
4485 silly fetch manifest karma-coverage@^2.0.3
4486 silly packumentCache full:https://registry.npmjs.org/karma-coverage cache-miss
4487 http fetch GET 200 https://registry.npmjs.org/karma-coverage 1531ms (cache miss)
4488 silly packumentCache full:https://registry.npmjs.org/karma-coverage set size:undefined disposed:false
4489 silly fetch manifest karma-jasmine@^4.0.1
4490 silly packumentCache full:https://registry.npmjs.org/karma-jasmine cache-miss
4491 http fetch GET 200 https://registry.npmjs.org/karma-jasmine 969ms (cache miss)
4492 silly packumentCache full:https://registry.npmjs.org/karma-jasmine set size:undefined disposed:false
4493 silly fetch manifest karma-phantomjs-launcher@^1.0.4
4494 silly packumentCache full:https://registry.npmjs.org/karma-phantomjs-launcher cache-miss
4495 http fetch GET 200 https://registry.npmjs.org/karma-phantomjs-launcher 771ms (cache miss)
4496 silly packumentCache full:https://registry.npmjs.org/karma-phantomjs-launcher set size:undefined disposed:false
4497 silly fetch manifest uglify-js@^3.17.4
4498 silly packumentCache full:https://registry.npmjs.org/uglify-js cache-miss
4499 http fetch GET 200 https://registry.npmjs.org/uglify-js 5206ms (cache miss)
4500 silly packumentCache full:https://registry.npmjs.org/uglify-js set size:undefined disposed:false
4501 silly placeDep ROOT @types/lodash@4.17.25 OK for: big-integer@1.6.52 want: ^4.14.175
4502 silly placeDep node_modules/.pnpm/big-integer@1.6.52/node_modules/big-integer @types/node@7.10.14 OK for: big-integer@1.6.52 want: ^7.10.2
4503 silly placeDep node_modules/.pnpm/big-integer@1.6.52/node_modules/big-integer jasmine@3.5.0 OK for: big-integer@1.6.52 want: 3.5.0
4504 silly placeDep node_modules/.pnpm jasmine-core@3.99.1 OK for: big-integer@1.6.52 want: ^3.5.0
4505 silly placeDep ROOT karma@6.4.4 OK for: big-integer@1.6.52 want: ^6.3.4
4506 silly placeDep ROOT karma-cli@2.0.0 OK for: big-integer@1.6.52 want: ^2.0.0
4507 silly placeDep ROOT karma-coverage@2.2.1 OK for: big-integer@1.6.52 want: ^2.0.3
4508 silly placeDep ROOT karma-jasmine@4.0.2 OK for: big-integer@1.6.52 want: ^4.0.1
4509 silly placeDep ROOT karma-phantomjs-launcher@1.0.4 OK for: big-integer@1.6.52 want: ^1.0.4
4510 silly placeDep ROOT lodash@4.18.1 OK for: big-integer@1.6.52 want: ^4.17.21
4511 silly placeDep ROOT uglify-js@3.19.3 OK for: big-integer@1.6.52 want: ^3.17.4
4512 silly fetch manifest jasmine-core@~3.5.0
4513 silly packumentCache full:https://registry.npmjs.org/jasmine-core cache-hit
4514 silly fetch manifest di@^0.0.1
4515 silly packumentCache full:https://registry.npmjs.org/di cache-miss
4516 http fetch GET 200 https://registry.npmjs.org/di 1449ms (cache miss)
4517 silly packumentCache full:https://registry.npmjs.org/di set size:undefined disposed:false
4518 silly fetch manifest tmp@^0.2.1
4519 silly packumentCache full:https://registry.npmjs.org/tmp cache-miss
4520 http fetch GET 200 https://registry.npmjs.org/tmp 1057ms (cache miss)
4521 silly packumentCache full:https://registry.npmjs.org/tmp set size:undefined disposed:false
4522 silly fetch manifest mime@^2.5.2
4523 silly packumentCache full:https://registry.npmjs.org/mime cache-hit
4524 silly fetch manifest qjobs@^1.2.0
4525 silly packumentCache full:https://registry.npmjs.org/qjobs cache-miss
4526 http fetch GET 200 https://registry.npmjs.org/qjobs 869ms (cache miss)
4527 silly packumentCache full:https://registry.npmjs.org/qjobs set size:undefined disposed:false
4528 silly fetch manifest yargs@^16.1.1
4529 silly packumentCache full:https://registry.npmjs.org/yargs cache-hit
4530 silly fetch manifest braces@^3.0.2
4531 silly packumentCache full:https://registry.npmjs.org/braces cache-miss
4532 http fetch GET 200 https://registry.npmjs.org/braces 1041ms (cache miss)
4533 silly packumentCache full:https://registry.npmjs.org/braces set size:undefined disposed:false
4534 silly fetch manifest log4js@^6.4.1
4535 silly packumentCache full:https://registry.npmjs.org/log4js cache-hit
4536 silly fetch manifest mkdirp@^0.5.5
4537 silly packumentCache full:https://registry.npmjs.org/mkdirp cache-hit
4538 silly fetch manifest rimraf@^3.0.2
4539 silly packumentCache full:https://registry.npmjs.org/rimraf cache-hit
4540 silly fetch manifest connect@^3.7.0
4541 silly packumentCache full:https://registry.npmjs.org/connect cache-miss
4542 http fetch GET 200 https://registry.npmjs.org/connect 2044ms (cache miss)
4543 silly packumentCache full:https://registry.npmjs.org/connect set size:undefined disposed:false
4544 silly fetch manifest chokidar@^3.5.1
4545 silly packumentCache full:https://registry.npmjs.org/chokidar cache-hit
4546 silly fetch manifest socket.io@^4.7.2
4547 silly packumentCache full:https://registry.npmjs.org/socket.io cache-miss
4548 http fetch GET 200 https://registry.npmjs.org/socket.io 3231ms (cache miss)
4549 silly packumentCache full:https://registry.npmjs.org/socket.io set size:undefined disposed:false
4550 silly fetch manifest http-proxy@^1.18.1
4551 silly packumentCache full:https://registry.npmjs.org/http-proxy cache-miss
4552 http fetch GET 200 https://registry.npmjs.org/http-proxy 1596ms (cache revalidated)
4553 silly packumentCache full:https://registry.npmjs.org/http-proxy set size:183156 disposed:false
4554 silly fetch manifest source-map@^0.6.1
4555 silly packumentCache full:https://registry.npmjs.org/source-map cache-hit
4556 silly fetch manifest body-parser@^1.19.0
4557 silly packumentCache full:https://registry.npmjs.org/body-parser cache-miss
4558 http fetch GET 200 https://registry.npmjs.org/body-parser 2162ms (cache miss)
4559 silly packumentCache full:https://registry.npmjs.org/body-parser set size:undefined disposed:false
4560 silly fetch manifest graceful-fs@^4.2.6
4561 silly packumentCache full:https://registry.npmjs.org/graceful-fs cache-miss
4562 http fetch GET 200 https://registry.npmjs.org/graceful-fs 1408ms (cache miss)
4563 silly packumentCache full:https://registry.npmjs.org/graceful-fs set size:undefined disposed:false
4564 silly fetch manifest isbinaryfile@^4.0.8
4565 silly packumentCache full:https://registry.npmjs.org/isbinaryfile cache-miss
4566 http fetch GET 200 https://registry.npmjs.org/isbinaryfile 2816ms (cache miss)
4567 silly packumentCache full:https://registry.npmjs.org/isbinaryfile set size:undefined disposed:false
4568 silly fetch manifest range-parser@^1.2.1
4569 silly packumentCache full:https://registry.npmjs.org/range-parser cache-miss
4570 http fetch GET 200 https://registry.npmjs.org/range-parser 631ms (cache miss)
4571 silly packumentCache full:https://registry.npmjs.org/range-parser set size:undefined disposed:false
4572 silly fetch manifest ua-parser-js@^0.7.30
4573 silly packumentCache full:https://registry.npmjs.org/ua-parser-js cache-miss
4574 http fetch GET 200 https://registry.npmjs.org/ua-parser-js 2315ms (cache miss)
4575 silly packumentCache full:https://registry.npmjs.org/ua-parser-js set size:undefined disposed:false
4576 silly fetch manifest dom-serialize@^2.2.1
4577 silly packumentCache full:https://registry.npmjs.org/dom-serialize cache-miss
4578 http fetch GET 200 https://registry.npmjs.org/dom-serialize 461ms (cache miss)
4579 silly packumentCache full:https://registry.npmjs.org/dom-serialize set size:undefined disposed:false
4580 silly fetch manifest @colors/colors@1.5.0
4581 silly packumentCache full:https://registry.npmjs.org/@colors%2fcolors cache-miss
4582 http fetch GET 200 https://registry.npmjs.org/@colors%2fcolors 385ms (cache miss)
4583 silly packumentCache full:https://registry.npmjs.org/@colors%2fcolors set size:undefined disposed:false
4584 silly fetch manifest resolve@^1.3.3
4585 silly packumentCache full:https://registry.npmjs.org/resolve cache-hit
4586 silly fetch manifest istanbul-lib-instrument@^5.1.0
4587 silly packumentCache full:https://registry.npmjs.org/istanbul-lib-instrument cache-hit
4588 silly fetch manifest istanbul-lib-source-maps@^4.0.1
4589 silly packumentCache full:https://registry.npmjs.org/istanbul-lib-source-maps cache-hit
4590 silly fetch manifest istanbul-reports@^3.0.5
4591 silly packumentCache full:https://registry.npmjs.org/istanbul-reports cache-hit
4592 silly fetch manifest jasmine-core@^3.6.0
4593 silly packumentCache full:https://registry.npmjs.org/jasmine-core cache-hit
4594 silly fetch manifest lodash@^4.0.1
4595 silly packumentCache full:https://registry.npmjs.org/lodash cache-hit
4596 silly fetch manifest standard@^12.0.1
4597 silly packumentCache full:https://registry.npmjs.org/standard cache-miss
4598 http cache https://registry.npmjs.org/standard 26ms (cache hit)
4599 silly packumentCache full:https://registry.npmjs.org/standard set size:515150 disposed:false
4600 silly placeDep node_modules/.pnpm/buffer-from@1.1.2/node_modules/buffer-from standard@12.0.1 OK for: buffer-from@1.1.2 want: ^12.0.1
4601 silly fetch manifest eslint@~5.4.0
4602 silly packumentCache full:https://registry.npmjs.org/eslint cache-miss
4603 http cache https://registry.npmjs.org/eslint 39ms (cache hit)
4604 silly packumentCache full:https://registry.npmjs.org/eslint set size:2040662 disposed:false
4605 silly fetch manifest standard-engine@~9.0.0
4606 silly packumentCache full:https://registry.npmjs.org/standard-engine cache-miss
4607 http cache https://registry.npmjs.org/standard-engine 34ms (cache hit)
4608 silly packumentCache full:https://registry.npmjs.org/standard-engine set size:270780 disposed:false
4609 silly fetch manifest eslint-plugin-node@~7.0.1
4610 silly packumentCache full:https://registry.npmjs.org/eslint-plugin-node cache-hit
4611 silly fetch manifest eslint-plugin-react@~7.11.1
4612 silly packumentCache full:https://registry.npmjs.org/eslint-plugin-react cache-hit
4613 silly fetch manifest eslint-plugin-import@~2.14.0
4614 silly packumentCache full:https://registry.npmjs.org/eslint-plugin-import cache-hit
4615 silly fetch manifest eslint-plugin-promise@~4.0.0
4616 silly packumentCache full:https://registry.npmjs.org/eslint-plugin-promise cache-hit
4617 silly fetch manifest eslint-config-standard@12.0.0
4618 silly packumentCache full:https://registry.npmjs.org/eslint-config-standard cache-miss
4619 http cache https://registry.npmjs.org/eslint-config-standard 24ms (cache hit)
4620 silly packumentCache full:https://registry.npmjs.org/eslint-config-standard set size:200005 disposed:false
4621 silly fetch manifest eslint-plugin-standard@~4.0.0
4622 silly packumentCache full:https://registry.npmjs.org/eslint-plugin-standard cache-miss
4623 http fetch GET 200 https://registry.npmjs.org/eslint-plugin-standard 1162ms (cache miss)
4624 silly packumentCache full:https://registry.npmjs.org/eslint-plugin-standard set size:undefined disposed:false
4625 silly fetch manifest eslint-config-standard-jsx@6.0.2
4626 silly packumentCache full:https://registry.npmjs.org/eslint-config-standard-jsx cache-miss
4627 http cache https://registry.npmjs.org/eslint-config-standard-jsx 16ms (cache hit)
4628 silly packumentCache full:https://registry.npmjs.org/eslint-config-standard-jsx set size:87585 disposed:false
4629 silly fetch manifest eslint@7.32.0
4630 silly packumentCache full:https://registry.npmjs.org/eslint cache-miss
4631 http cache https://registry.npmjs.org/eslint 27ms (cache hit)
4632 silly packumentCache full:https://registry.npmjs.org/eslint set size:2040662 disposed:false
4633 silly fetch manifest eslint-plugin-markdown@2.2.1
4634 silly packumentCache full:https://registry.npmjs.org/eslint-plugin-markdown cache-miss
4635 http fetch GET 200 https://registry.npmjs.org/eslint-plugin-markdown 1028ms (cache miss)
4636 silly packumentCache full:https://registry.npmjs.org/eslint-plugin-markdown set size:undefined disposed:false
4637 silly placeDep node_modules/.pnpm/bytes@3.1.2/node_modules/bytes eslint@7.32.0 OK for: bytes@3.1.2 want: 7.32.0
4638 silly placeDep node_modules/.pnpm/bytes@3.1.2/node_modules/bytes eslint-plugin-markdown@2.2.1 OK for: bytes@3.1.2 want: 2.2.1
4639 silly fetch manifest mdast-util-from-markdown@^0.8.5
4640 silly packumentCache full:https://registry.npmjs.org/mdast-util-from-markdown cache-miss
4641 http fetch GET 200 https://registry.npmjs.org/mdast-util-from-markdown 1865ms (cache miss)
4642 silly packumentCache full:https://registry.npmjs.org/mdast-util-from-markdown set size:undefined disposed:false
4643 silly fetch manifest ava@^1.4.1
4644 silly packumentCache full:https://registry.npmjs.org/ava cache-hit
4645 silly fetch manifest tsd@^0.7.1
4646 silly packumentCache full:https://registry.npmjs.org/tsd cache-hit
4647 silly fetch manifest xo@^0.24.0
4648 silly packumentCache full:https://registry.npmjs.org/xo cache-hit
4649 silly placeDep node_modules/.pnpm/camelcase@5.3.1/node_modules/camelcase ava@1.4.1 OK for: camelcase@5.3.1 want: ^1.4.1
4650 silly placeDep node_modules/.pnpm/camelcase@5.3.1/node_modules/camelcase tsd@0.7.4 OK for: camelcase@5.3.1 want: ^0.7.1
4651 silly placeDep node_modules/.pnpm/camelcase@5.3.1/node_modules/camelcase xo@0.24.0 OK for: camelcase@5.3.1 want: ^0.24.0
4652 silly fetch manifest del@^4.0.0
4653 silly packumentCache full:https://registry.npmjs.org/del cache-hit
4654 silly fetch manifest esm@^3.2.20
4655 silly packumentCache full:https://registry.npmjs.org/esm cache-miss
4656 http fetch GET 200 https://registry.npmjs.org/esm 255ms (cache revalidated)
4657 silly packumentCache full:https://registry.npmjs.org/esm set size:316948 disposed:false
4658 silly fetch manifest plur@^3.0.1
4659 silly packumentCache full:https://registry.npmjs.org/plur cache-hit
4660 silly fetch manifest globby@^7.1.1
4661 silly packumentCache full:https://registry.npmjs.org/globby cache-hit
4662 silly fetch manifest matcher@^1.1.1
4663 silly packumentCache full:https://registry.npmjs.org/matcher cache-hit
4664 silly fetch manifest chokidar@^2.1.5
4665 silly packumentCache full:https://registry.npmjs.org/chokidar cache-hit
4666 silly fetch manifest dot-prop@^4.2.0
4667 silly packumentCache full:https://registry.npmjs.org/dot-prop cache-hit
4668 silly fetch manifest get-port@^4.2.0
4669 silly packumentCache full:https://registry.npmjs.org/get-port cache-hit
4670 silly fetch manifest is-error@^2.2.1
4671 silly packumentCache full:https://registry.npmjs.org/is-error cache-miss
4672 http fetch GET 200 https://registry.npmjs.org/is-error 360ms (cache revalidated)
4673 silly packumentCache full:https://registry.npmjs.org/is-error set size:13820 disposed:false
4674 silly fetch manifest pkg-conf@^3.0.0
4675 silly packumentCache full:https://registry.npmjs.org/pkg-conf cache-hit
4676 silly fetch manifest pretty-ms@^4.0.0
4677 silly packumentCache full:https://registry.npmjs.org/pretty-ms cache-hit
4678 silly fetch manifest array-uniq@^2.0.0
4679 silly packumentCache full:https://registry.npmjs.org/array-uniq cache-hit
4680 silly fetch manifest multimatch@^3.0.0
4681 silly packumentCache full:https://registry.npmjs.org/multimatch cache-hit
4682 silly fetch manifest clean-stack@^2.0.0
4683 silly packumentCache full:https://registry.npmjs.org/clean-stack cache-hit
4684 silly fetch manifest ansi-escapes@^3.2.0
4685 silly packumentCache full:https://registry.npmjs.org/ansi-escapes cache-hit
4686 silly fetch manifest cli-truncate@^1.1.0
4687 silly packumentCache full:https://registry.npmjs.org/cli-truncate cache-hit
4688 silly fetch manifest import-local@^2.0.0
4689 silly packumentCache full:https://registry.npmjs.org/import-local cache-hit
4690 silly fetch manifest lodash.clone@^4.5.0
4691 silly packumentCache full:https://registry.npmjs.org/lodash.clone cache-miss
4692 http fetch GET 200 https://registry.npmjs.org/lodash.clone 1034ms (cache miss)
4693 silly packumentCache full:https://registry.npmjs.org/lodash.clone set size:undefined disposed:false
4694 silly fetch manifest package-hash@^3.0.0
4695 silly packumentCache full:https://registry.npmjs.org/package-hash cache-hit
4696 silly fetch manifest indent-string@^3.2.0
4697 silly packumentCache full:https://registry.npmjs.org/indent-string cache-hit
4698 silly fetch manifest is-observable@^1.1.0
4699 silly packumentCache full:https://registry.npmjs.org/is-observable cache-hit
4700 silly fetch manifest supports-color@^6.1.0
4701 silly packumentCache full:https://registry.npmjs.org/supports-color cache-hit
4702 silly fetch manifest is-plain-object@^2.0.4
4703 silly packumentCache full:https://registry.npmjs.org/is-plain-object cache-miss
4704 http fetch GET 200 https://registry.npmjs.org/is-plain-object 183ms (cache revalidated)
4705 silly packumentCache full:https://registry.npmjs.org/is-plain-object set size:47016 disposed:false
4706 silly fetch manifest lodash.clonedeep@^4.5.0
4707 silly packumentCache full:https://registry.npmjs.org/lodash.clonedeep cache-miss
4708 http fetch GET 200 https://registry.npmjs.org/lodash.clonedeep 577ms (cache miss)
4709 silly packumentCache full:https://registry.npmjs.org/lodash.clonedeep set size:undefined disposed:false
4710 silly fetch manifest escape-string-regexp@^1.0.5
4711 silly packumentCache full:https://registry.npmjs.org/escape-string-regexp cache-hit
4712 silly fetch manifest @ava/babel-preset-stage-4@^2.0.0
4713 silly packumentCache full:https://registry.npmjs.org/@ava%2fbabel-preset-stage-4 cache-hit
4714 silly fetch manifest @babel/plugin-syntax-async-generators@^7.2.0
4715 silly packumentCache full:https://registry.npmjs.org/@babel%2fplugin-syntax-async-generators cache-miss
4716 http fetch GET 200 https://registry.npmjs.org/@babel%2fplugin-syntax-async-generators 1003ms (cache miss)
4717 silly packumentCache full:https://registry.npmjs.org/@babel%2fplugin-syntax-async-generators set size:undefined disposed:false
4718 silly fetch manifest @ava/babel-preset-transform-test-files@^5.0.0
4719 silly packumentCache full:https://registry.npmjs.org/@ava%2fbabel-preset-transform-test-files cache-hit
4720 silly fetch manifest @babel/plugin-syntax-object-rest-spread@^7.2.0
4721 silly packumentCache full:https://registry.npmjs.org/@babel%2fplugin-syntax-object-rest-spread cache-miss
4722 http fetch GET 200 https://registry.npmjs.org/@babel%2fplugin-syntax-object-rest-spread 1141ms (cache miss)
4723 silly packumentCache full:https://registry.npmjs.org/@babel%2fplugin-syntax-object-rest-spread set size:undefined disposed:false
4724 silly fetch manifest @babel/plugin-syntax-optional-catch-binding@^7.2.0
4725 silly packumentCache full:https://registry.npmjs.org/@babel%2fplugin-syntax-optional-catch-binding cache-miss
4726 http fetch GET 200 https://registry.npmjs.org/@babel%2fplugin-syntax-optional-catch-binding 1490ms (cache miss)
4727 silly packumentCache full:https://registry.npmjs.org/@babel%2fplugin-syntax-optional-catch-binding set size:undefined disposed:false
4728 silly fetch manifest typescript@^3.0.1
4729 silly packumentCache full:https://registry.npmjs.org/typescript cache-miss
4730 http fetch GET 200 https://registry.npmjs.org/typescript 494ms (cache revalidated)
4731 silly packumentCache full:https://registry.npmjs.org/typescript set size:15513951 disposed:false
4732 silly fetch manifest eslint@^5.12.0
4733 silly packumentCache full:https://registry.npmjs.org/eslint cache-miss
4734 http cache https://registry.npmjs.org/eslint 268ms (cache hit)
4735 silly packumentCache full:https://registry.npmjs.org/eslint set size:2040662 disposed:false
4736 silly fetch manifest find-cache-dir@^2.0.0
4737 silly packumentCache full:https://registry.npmjs.org/find-cache-dir cache-hit
4738 silly fetch manifest eslint-config-xo@^0.26.0
4739 silly packumentCache full:https://registry.npmjs.org/eslint-config-xo cache-hit
4740 silly fetch manifest eslint-plugin-node@^8.0.0
4741 silly packumentCache full:https://registry.npmjs.org/eslint-plugin-node cache-hit
4742 silly fetch manifest eslint-plugin-unicorn@^7.0.0
4743 silly packumentCache full:https://registry.npmjs.org/eslint-plugin-unicorn cache-hit
4744 silly fetch manifest eslint-config-prettier@^3.3.0
4745 silly packumentCache full:https://registry.npmjs.org/eslint-config-prettier cache-hit
4746 silly fetch manifest eslint-plugin-prettier@^3.0.0
4747 silly packumentCache full:https://registry.npmjs.org/eslint-plugin-prettier cache-hit
4748 silly fetch manifest tsd@^0.11.0
4749 silly packumentCache full:https://registry.npmjs.org/tsd cache-hit
4750 silly fetch manifest xo@^0.28.3
4751 silly packumentCache full:https://registry.npmjs.org/xo cache-hit
4752 silly placeDep node_modules/.pnpm/camelcase@6.3.0/node_modules/camelcase ava@1.4.1 OK for: camelcase@6.3.0 want: ^1.4.1
4753 silly placeDep node_modules/.pnpm/camelcase@6.3.0/node_modules/camelcase tsd@0.11.0 OK for: camelcase@6.3.0 want: ^0.11.0
4754 silly placeDep node_modules/.pnpm/camelcase@6.3.0/node_modules/camelcase xo@0.28.3 OK for: camelcase@6.3.0 want: ^0.28.3
4755 silly fetch manifest eslint@^6.8.0
4756 silly packumentCache full:https://registry.npmjs.org/eslint cache-miss
4757 http cache https://registry.npmjs.org/eslint 40ms (cache hit)
4758 silly packumentCache full:https://registry.npmjs.org/eslint set size:2040662 disposed:false
4759 silly fetch manifest fs-extra@^8.1.0
4760 silly packumentCache full:https://registry.npmjs.org/fs-extra cache-hit
4761 silly fetch manifest typescript@^3.0.0
4762 silly packumentCache full:https://registry.npmjs.org/typescript cache-miss
4763 http cache https://registry.npmjs.org/typescript 127ms (cache hit)
4764 silly packumentCache full:https://registry.npmjs.org/typescript set size:15513951 disposed:false
4765 silly fetch manifest cosmiconfig@^6.0.0
4766 silly packumentCache full:https://registry.npmjs.org/cosmiconfig cache-hit
4767 silly fetch manifest update-notifier@^4.0.0
4768 silly packumentCache full:https://registry.npmjs.org/update-notifier cache-hit
4769 silly fetch manifest eslint-config-xo@^0.29.0
4770 silly packumentCache full:https://registry.npmjs.org/eslint-config-xo cache-hit
4771 silly fetch manifest eslint-plugin-ava@^10.0.1
4772 silly packumentCache full:https://registry.npmjs.org/eslint-plugin-ava cache-hit
4773 silly fetch manifest eslint-plugin-node@^11.0.0
4774 silly packumentCache full:https://registry.npmjs.org/eslint-plugin-node cache-hit
4775 silly fetch manifest eslint-plugin-import@^2.20.1
4776 silly packumentCache full:https://registry.npmjs.org/eslint-plugin-import cache-hit
4777 silly fetch manifest eslint-plugin-unicorn@^17.2.0
4778 silly packumentCache full:https://registry.npmjs.org/eslint-plugin-unicorn cache-hit
4779 silly fetch manifest eslint-config-prettier@^6.10.0
4780 silly packumentCache full:https://registry.npmjs.org/eslint-config-prettier cache-hit
4781 silly fetch manifest eslint-plugin-prettier@^3.1.2
4782 silly packumentCache full:https://registry.npmjs.org/eslint-plugin-prettier cache-hit
4783 silly fetch manifest eslint-formatter-pretty@^3.0.1
4784 silly packumentCache full:https://registry.npmjs.org/eslint-formatter-pretty cache-hit
4785 silly fetch manifest @typescript-eslint/parser@^2.23.0
4786 silly packumentCache full:https://registry.npmjs.org/@typescript-eslint%2fparser cache-miss
4787 http cache https://registry.npmjs.org/@typescript-eslint%2fparser 674ms (cache hit)
4788 silly packumentCache full:https://registry.npmjs.org/@typescript-eslint%2fparser set size:15612235 disposed:false
4789 silly fetch manifest eslint-config-xo-typescript@^0.26.0
4790 silly packumentCache full:https://registry.npmjs.org/eslint-config-xo-typescript cache-miss
4791 http fetch GET 200 https://registry.npmjs.org/eslint-config-xo-typescript 348ms (cache revalidated)
4792 silly packumentCache full:https://registry.npmjs.org/eslint-config-xo-typescript set size:244892 disposed:false
4793 silly fetch manifest eslint-plugin-eslint-comments@^3.1.2
4794 silly packumentCache full:https://registry.npmjs.org/eslint-plugin-eslint-comments cache-hit
4795 silly fetch manifest eslint-import-resolver-webpack@^0.12.1
4796 silly packumentCache full:https://registry.npmjs.org/eslint-import-resolver-webpack cache-miss
4797 http fetch GET 200 https://registry.npmjs.org/eslint-import-resolver-webpack 404ms (cache revalidated)
4798 silly packumentCache full:https://registry.npmjs.org/eslint-import-resolver-webpack set size:110404 disposed:false
4799 silly fetch manifest @typescript-eslint/eslint-plugin@^2.23.0
4800 silly packumentCache full:https://registry.npmjs.org/@typescript-eslint%2feslint-plugin cache-miss
4801 http cache https://registry.npmjs.org/@typescript-eslint%2feslint-plugin 395ms (cache hit)
4802 silly packumentCache full:https://registry.npmjs.org/@typescript-eslint%2feslint-plugin set size:18508154 disposed:false
4803 silly fetch manifest eslint-plugin-no-use-extend-native@^0.4.1
4804 silly packumentCache full:https://registry.npmjs.org/eslint-plugin-no-use-extend-native cache-hit
4805 silly fetch manifest clear-require@^1.0.1
4806 silly packumentCache full:https://registry.npmjs.org/clear-require cache-miss
4807 http fetch GET 200 https://registry.npmjs.org/clear-require 1276ms (cache miss)
4808 silly packumentCache full:https://registry.npmjs.org/clear-require set size:undefined disposed:false
4809 silly placeDep ROOT clear-require@1.0.1 OK for: ci-info@2.0.0 want: ^1.0.1
4810 silly placeDep node_modules/.pnpm/ci-info@2.0.0/node_modules/ci-info standard@12.0.1 OK for: ci-info@2.0.0 want: ^12.0.1
4811 silly fetch manifest caller-path@^0.1.0
4812 silly packumentCache full:https://registry.npmjs.org/caller-path cache-miss
4813 http fetch GET 200 https://registry.npmjs.org/caller-path 760ms (cache miss)
4814 silly packumentCache full:https://registry.npmjs.org/caller-path set size:undefined disposed:false
4815 silly fetch manifest resolve-from@^1.0.0
4816 silly packumentCache full:https://registry.npmjs.org/resolve-from cache-hit
4817 silly fetch manifest clear-module@^4.1.2
4818 silly packumentCache full:https://registry.npmjs.org/clear-module cache-miss
4819 http fetch GET 200 https://registry.npmjs.org/clear-module 883ms (cache miss)
4820 silly packumentCache full:https://registry.npmjs.org/clear-module set size:undefined disposed:false
4821 silly fetch manifest husky@^8.0.3
4822 silly packumentCache full:https://registry.npmjs.org/husky cache-miss
4823 http fetch GET 200 https://registry.npmjs.org/husky 6684ms (cache miss)
4824 silly packumentCache full:https://registry.npmjs.org/husky set size:undefined disposed:false
4825 silly fetch manifest tape@^5.7.0
4826 silly packumentCache full:https://registry.npmjs.org/tape cache-miss
4827 http cache https://registry.npmjs.org/tape 16ms (cache hit)
4828 silly packumentCache full:https://registry.npmjs.org/tape set size:428751 disposed:false
4829 silly placeDep ROOT clear-module@4.1.3 OK for: ci-info@3.9.0 want: ^4.1.2
4830 silly placeDep ROOT husky@8.0.3 OK for: ci-info@3.9.0 want: ^8.0.3
4831 silly placeDep node_modules/.pnpm/ci-info@3.9.0/node_modules/ci-info tape@5.10.2 OK for: ci-info@3.9.0 want: ^5.7.0
4832 silly fetch manifest parent-module@^2.0.0
4833 silly packumentCache full:https://registry.npmjs.org/parent-module cache-miss
4834 http fetch GET 200 https://registry.npmjs.org/parent-module 1480ms (cache miss)
4835 silly packumentCache full:https://registry.npmjs.org/parent-module set size:undefined disposed:false
4836 silly fetch manifest hasown@^2.0.4
4837 silly packumentCache full:https://registry.npmjs.org/hasown cache-miss
4838 http fetch GET 200 https://registry.npmjs.org/hasown 509ms (cache miss)
4839 silly packumentCache full:https://registry.npmjs.org/hasown set size:undefined disposed:false
4840 silly fetch manifest defined@^1.0.1
4841 silly packumentCache full:https://registry.npmjs.org/defined cache-hit
4842 silly fetch manifest resolve@^2.0.0-next.7
4843 silly packumentCache full:https://registry.npmjs.org/resolve cache-hit
4844 silly fetch manifest for-each@^0.3.5
4845 silly packumentCache full:https://registry.npmjs.org/for-each cache-miss
4846 http cache https://registry.npmjs.org/for-each 16ms (cache hit)
4847 silly packumentCache full:https://registry.npmjs.org/for-each set size:14327 disposed:false
4848 silly fetch manifest inherits@^2.0.4
4849 silly packumentCache full:https://registry.npmjs.org/inherits cache-hit
4850 silly fetch manifest is-regex@^1.2.1
4851 silly packumentCache full:https://registry.npmjs.org/is-regex cache-miss
4852 http cache https://registry.npmjs.org/is-regex 13ms (cache hit)
4853 silly packumentCache full:https://registry.npmjs.org/is-regex set size:42924 disposed:false
4854 silly fetch manifest call-bind@^1.0.9
4855 silly packumentCache full:https://registry.npmjs.org/call-bind cache-miss
4856 http cache https://registry.npmjs.org/call-bind 11ms (cache hit)
4857 silly packumentCache full:https://registry.npmjs.org/call-bind set size:32985 disposed:false
4858 silly fetch manifest dotignore@^0.1.2
4859 silly packumentCache full:https://registry.npmjs.org/dotignore cache-miss
4860 http cache https://registry.npmjs.org/dotignore 19ms (cache hit)
4861 silly packumentCache full:https://registry.npmjs.org/dotignore set size:9124 disposed:false
4862 silly fetch manifest object-is@^1.1.6
4863 silly packumentCache full:https://registry.npmjs.org/object-is cache-miss
4864 http fetch GET 200 https://registry.npmjs.org/object-is 953ms (cache miss)
4865 silly packumentCache full:https://registry.npmjs.org/object-is set size:undefined disposed:false
4866 silly fetch manifest call-bound@^1.0.4
4867 silly packumentCache full:https://registry.npmjs.org/call-bound cache-miss
4868 http fetch GET 200 https://registry.npmjs.org/call-bound 595ms (cache miss)
4869 silly packumentCache full:https://registry.npmjs.org/call-bound set size:undefined disposed:false
4870 silly fetch manifest deep-equal@^2.2.3
4871 silly packumentCache full:https://registry.npmjs.org/deep-equal cache-miss
4872 http cache https://registry.npmjs.org/deep-equal 12ms (cache hit)
4873 silly packumentCache full:https://registry.npmjs.org/deep-equal set size:70554 disposed:false
4874 silly fetch manifest @ljharb/now@^1.0.1
4875 silly packumentCache full:https://registry.npmjs.org/@ljharb%2fnow cache-miss
4876 http fetch GET 200 https://registry.npmjs.org/@ljharb%2fnow 716ms (cache miss)
4877 silly packumentCache full:https://registry.npmjs.org/@ljharb%2fnow set size:undefined disposed:false
4878 silly fetch manifest object-keys@^1.1.1
4879 silly packumentCache full:https://registry.npmjs.org/object-keys cache-miss
4880 http fetch GET 200 https://registry.npmjs.org/object-keys 1282ms (cache miss)
4881 silly packumentCache full:https://registry.npmjs.org/object-keys set size:undefined disposed:false
4882 silly fetch manifest mock-property@^1.1.0
4883 silly packumentCache full:https://registry.npmjs.org/mock-property cache-miss
4884 http cache https://registry.npmjs.org/mock-property 10ms (cache hit)
4885 silly packumentCache full:https://registry.npmjs.org/mock-property set size:26300 disposed:false
4886 silly fetch manifest object.assign@^4.1.7
4887 silly packumentCache full:https://registry.npmjs.org/object.assign cache-miss
4888 http fetch GET 200 https://registry.npmjs.org/object.assign 190ms (cache revalidated)
4889 silly packumentCache full:https://registry.npmjs.org/object.assign set size:85907 disposed:false
4890 silly fetch manifest object-inspect@^1.13.4
4891 silly packumentCache full:https://registry.npmjs.org/object-inspect cache-miss
4892 http cache https://registry.npmjs.org/object-inspect 26ms (cache hit)
4893 silly packumentCache full:https://registry.npmjs.org/object-inspect set size:101927 disposed:false
4894 silly fetch manifest @ljharb/resumer@^0.1.3
4895 silly packumentCache full:https://registry.npmjs.org/@ljharb%2fresumer cache-miss
4896 http cache https://registry.npmjs.org/@ljharb%2fresumer 11ms (cache hit)
4897 silly packumentCache full:https://registry.npmjs.org/@ljharb%2fresumer set size:16183 disposed:false
4898 silly fetch manifest @ljharb/through@^2.3.14
4899 silly packumentCache full:https://registry.npmjs.org/@ljharb%2fthrough cache-miss
4900 http cache https://registry.npmjs.org/@ljharb%2fthrough 14ms (cache hit)
4901 silly packumentCache full:https://registry.npmjs.org/@ljharb%2fthrough set size:19218 disposed:false
4902 silly fetch manifest es-object-atoms@^1.1.2
4903 silly packumentCache full:https://registry.npmjs.org/es-object-atoms cache-miss
4904 http fetch GET 200 https://registry.npmjs.org/es-object-atoms 1898ms (cache miss)
4905 silly packumentCache full:https://registry.npmjs.org/es-object-atoms set size:undefined disposed:false
4906 silly fetch manifest has-dynamic-import@^2.1.1
4907 silly packumentCache full:https://registry.npmjs.org/has-dynamic-import cache-miss
4908 http fetch GET 200 https://registry.npmjs.org/has-dynamic-import 9208ms (cache miss)
4909 silly packumentCache full:https://registry.npmjs.org/has-dynamic-import set size:undefined disposed:false
4910 silly fetch manifest array.prototype.every@^1.1.7
4911 silly packumentCache full:https://registry.npmjs.org/array.prototype.every cache-miss
4912 http fetch GET 200 https://registry.npmjs.org/array.prototype.every 1136ms (cache miss)
4913 silly packumentCache full:https://registry.npmjs.org/array.prototype.every set size:undefined disposed:false
4914 silly fetch manifest string.prototype.trim@^1.2.11
4915 silly packumentCache full:https://registry.npmjs.org/string.prototype.trim cache-miss
4916 http cache https://registry.npmjs.org/string.prototype.trim 12ms (cache hit)
4917 silly packumentCache full:https://registry.npmjs.org/string.prototype.trim set size:57416 disposed:false
4918 silly fetch manifest @types/node@^17.0.41
4919 silly packumentCache full:https://registry.npmjs.org/@types%2fnode cache-miss
4920 http cache https://registry.npmjs.org/@types%2fnode 84ms (cache hit)
4921 silly packumentCache full:https://registry.npmjs.org/@types%2fnode set size:11084776 disposed:false
4922 silly fetch manifest log-update@^3.2.0
4923 silly packumentCache full:https://registry.npmjs.org/log-update cache-miss
4924 http fetch GET 200 https://registry.npmjs.org/log-update 2318ms (cache miss)
4925 silly packumentCache full:https://registry.npmjs.org/log-update set size:undefined disposed:false
4926 silly fetch manifest string-length@^4.0.1
4927 silly packumentCache full:https://registry.npmjs.org/string-length cache-miss
4928 http fetch GET 200 https://registry.npmjs.org/string-length 972ms (cache miss)
4929 silly packumentCache full:https://registry.npmjs.org/string-length set size:undefined disposed:false
4930 silly fetch manifest tsd@^0.7.2
4931 silly packumentCache full:https://registry.npmjs.org/tsd cache-hit
4932 silly placeDep node_modules/.pnpm/cli-spinners@2.9.2/node_modules/cli-spinners @types/node@17.0.45 OK for: cli-spinners@2.9.2 want: ^17.0.41
4933 silly placeDep node_modules/.pnpm/cli-spinners@2.9.2/node_modules/cli-spinners ava@1.4.1 OK for: cli-spinners@2.9.2 want: ^1.4.1
4934 silly placeDep ROOT log-update@3.4.0 OK for: cli-spinners@2.9.2 want: ^3.2.0
4935 silly placeDep ROOT string-length@4.0.2 OK for: cli-spinners@2.9.2 want: ^4.0.1
4936 silly placeDep node_modules/.pnpm/cli-spinners@2.9.2/node_modules/cli-spinners tsd@0.7.4 OK for: cli-spinners@2.9.2 want: ^0.7.2
4937 silly placeDep node_modules/.pnpm/cli-spinners@2.9.2/node_modules/cli-spinners xo@0.24.0 OK for: cli-spinners@2.9.2 want: ^0.24.0
4938 silly fetch manifest wrap-ansi@^5.0.0
4939 silly packumentCache full:https://registry.npmjs.org/wrap-ansi cache-miss
4940 http fetch GET 200 https://registry.npmjs.org/wrap-ansi 1413ms (cache miss)
4941 silly packumentCache full:https://registry.npmjs.org/wrap-ansi set size:undefined disposed:false
4942 silly fetch manifest char-regex@^1.0.2
4943 silly packumentCache full:https://registry.npmjs.org/char-regex cache-miss
4944 http fetch GET 200 https://registry.npmjs.org/char-regex 879ms (cache miss)
4945 silly packumentCache full:https://registry.npmjs.org/char-regex set size:undefined disposed:false
4946 silly fetch manifest strip-ansi@^6.0.0
4947 silly packumentCache full:https://registry.npmjs.org/strip-ansi cache-hit
4948 silly fetch manifest @eslint/js@^8.56.0
4949 silly packumentCache full:https://registry.npmjs.org/@eslint%2fjs cache-hit
4950 silly fetch manifest @types/jest@^29.2.4
4951 silly packumentCache full:https://registry.npmjs.org/@types%2fjest cache-hit
4952 silly fetch manifest @types/node@^20.2.5
4953 silly packumentCache full:https://registry.npmjs.org/@types%2fnode cache-miss
4954 http cache https://registry.npmjs.org/@types%2fnode 52ms (cache hit)
4955 silly packumentCache full:https://registry.npmjs.org/@types%2fnode set size:11084776 disposed:false
4956 silly fetch manifest eslint-plugin-jest@^28.3.0
4957 silly packumentCache full:https://registry.npmjs.org/eslint-plugin-jest cache-miss
4958 http fetch GET 200 https://registry.npmjs.org/eslint-plugin-jest 13294ms (cache miss)
4959 silly packumentCache full:https://registry.npmjs.org/eslint-plugin-jest set size:undefined disposed:false
4960 silly fetch manifest @typescript-eslint/eslint-plugin@^6.0.0 || ^7.0.0 || ^8.0.0
4961 silly packumentCache full:https://registry.npmjs.org/@typescript-eslint%2feslint-plugin cache-miss
4962 http cache https://registry.npmjs.org/@typescript-eslint%2feslint-plugin 206ms (cache hit)
4963 silly packumentCache full:https://registry.npmjs.org/@typescript-eslint%2feslint-plugin set size:18508154 disposed:false
4964 silly fetch manifest @typescript-eslint/parser@^8.66.0
4965 silly packumentCache full:https://registry.npmjs.org/@typescript-eslint%2fparser cache-miss
4966 http cache https://registry.npmjs.org/@typescript-eslint%2fparser 983ms (cache hit)
4967 silly packumentCache full:https://registry.npmjs.org/@typescript-eslint%2fparser set size:15612235 disposed:false
4968 silly fetch manifest eslint@^8.30.0
4969 silly packumentCache full:https://registry.npmjs.org/eslint cache-miss
4970 http cache https://registry.npmjs.org/eslint 30ms (cache hit)
4971 silly packumentCache full:https://registry.npmjs.org/eslint set size:2040662 disposed:false
4972 silly fetch manifest jest@^29.3.1
4973 silly packumentCache full:https://registry.npmjs.org/jest cache-hit
4974 silly fetch manifest eslint-plugin-jsdoc@^48.1.0
4975 silly packumentCache full:https://registry.npmjs.org/eslint-plugin-jsdoc cache-miss
4976 http fetch GET 200 https://registry.npmjs.org/eslint-plugin-jsdoc 16651ms (cache miss)
4977 silly packumentCache full:https://registry.npmjs.org/eslint-plugin-jsdoc set size:undefined disposed:false
4978 silly fetch manifest globals@^13.24.0
4979 silly packumentCache full:https://registry.npmjs.org/globals cache-hit
4980 silly fetch manifest prettier-plugin-jsdoc@^1.3.0
4981 silly packumentCache full:https://registry.npmjs.org/prettier-plugin-jsdoc cache-miss
4982 http fetch GET 200 https://registry.npmjs.org/prettier-plugin-jsdoc 2925ms (cache miss)
4983 silly packumentCache full:https://registry.npmjs.org/prettier-plugin-jsdoc set size:undefined disposed:false
4984 silly fetch manifest ts-jest@^29.0.3
4985 silly packumentCache full:https://registry.npmjs.org/ts-jest cache-miss
4986 http fetch GET 200 https://registry.npmjs.org/ts-jest 295ms (cache revalidated)
4987 silly packumentCache full:https://registry.npmjs.org/ts-jest set size:1074155 disposed:false
4988 silly fetch manifest tsd@^0.31.0
4989 silly packumentCache full:https://registry.npmjs.org/tsd cache-hit
4990 silly fetch manifest typescript-eslint@^7.0.1
4991 silly packumentCache full:https://registry.npmjs.org/typescript-eslint cache-miss
4992 http cache https://registry.npmjs.org/typescript-eslint 56ms (cache hit)
4993 silly packumentCache full:https://registry.npmjs.org/typescript-eslint set size:4434550 disposed:false
4994 silly placeDep ROOT @eslint/js@8.57.1 OK for: commander@12.1.0 want: ^8.56.0
4995 silly placeDep node_modules/.pnpm/commander@12.1.0/node_modules/commander @types/jest@29.5.14 OK for: commander@12.1.0 want: ^29.2.4
4996 silly placeDep node_modules/.pnpm/commander@12.1.0/node_modules/commander @types/node@20.19.43 OK for: commander@12.1.0 want: ^20.2.5
4997 silly placeDep node_modules/.pnpm/commander@12.1.0/node_modules/commander eslint-plugin-jest@28.14.0 OK for: commander@12.1.0 want: ^28.3.0
4998 silly placeDep ROOT eslint-plugin-jsdoc@48.11.0 OK for: commander@12.1.0 want: ^48.1.0
4999 silly placeDep ROOT globals@13.24.0 OK for: commander@12.1.0 want: ^13.24.0
5000 silly placeDep node_modules/.pnpm/commander@12.1.0/node_modules/commander jest@29.7.0 OK for: commander@12.1.0 want: ^29.3.1
5001 silly placeDep ROOT prettier-plugin-jsdoc@1.8.1 OK for: commander@12.1.0 want: ^1.3.0
5002 silly placeDep node_modules/.pnpm/commander@12.1.0/node_modules/commander ts-jest@29.4.12 OK for: commander@12.1.0 want: ^29.0.3
5003 silly placeDep node_modules/.pnpm/commander@12.1.0/node_modules/commander tsd@0.31.2 OK for: commander@12.1.0 want: ^0.31.0
5004 silly placeDep ROOT typescript-eslint@7.18.0 OK for: commander@12.1.0 want: ^7.0.1
5005 silly fetch manifest @typescript-eslint/utils@^6.0.0 || ^7.0.0 || ^8.0.0
5006 silly packumentCache full:https://registry.npmjs.org/@typescript-eslint%2futils cache-miss
5007 http cache https://registry.npmjs.org/@typescript-eslint%2futils 393ms (cache hit)
5008 silly packumentCache full:https://registry.npmjs.org/@typescript-eslint%2futils set size:10630491 disposed:false
5009 silly fetch manifest debug@^4.3.5
5010 silly packumentCache full:https://registry.npmjs.org/debug cache-hit
5011 silly fetch manifest espree@^10.1.0
5012 silly packumentCache full:https://registry.npmjs.org/espree cache-hit
5013 silly fetch manifest esquery@^1.6.0
5014 silly packumentCache full:https://registry.npmjs.org/esquery cache-hit
5015 silly fetch manifest synckit@^0.9.1
5016 silly packumentCache full:https://registry.npmjs.org/synckit cache-hit
5017 silly fetch manifest parse-imports@^2.1.1
5018 silly packumentCache full:https://registry.npmjs.org/parse-imports cache-miss
5019 http fetch GET 200 https://registry.npmjs.org/parse-imports 1446ms (cache miss)
5020 silly packumentCache full:https://registry.npmjs.org/parse-imports set size:undefined disposed:false
5021 silly fetch manifest comment-parser@1.4.1
5022 silly packumentCache full:https://registry.npmjs.org/comment-parser cache-miss
5023 http fetch GET 200 https://registry.npmjs.org/comment-parser 488ms (cache revalidated)
5024 silly packumentCache full:https://registry.npmjs.org/comment-parser set size:199769 disposed:false
5025 silly fetch manifest @es-joy/jsdoccomment@~0.46.0
5026 silly packumentCache full:https://registry.npmjs.org/@es-joy%2fjsdoccomment cache-miss
5027 http fetch GET 200 https://registry.npmjs.org/@es-joy%2fjsdoccomment 3119ms (cache miss)
5028 silly packumentCache full:https://registry.npmjs.org/@es-joy%2fjsdoccomment set size:undefined disposed:false
5029 silly fetch manifest are-docs-informative@^0.0.2
5030 silly packumentCache full:https://registry.npmjs.org/are-docs-informative cache-miss
5031 http fetch GET 200 https://registry.npmjs.org/are-docs-informative 618ms (cache miss)
5032 silly packumentCache full:https://registry.npmjs.org/are-docs-informative set size:undefined disposed:false
5033 silly fetch manifest spdx-expression-parse@^4.0.0
5034 silly packumentCache full:https://registry.npmjs.org/spdx-expression-parse cache-miss
5035 http fetch GET 200 https://registry.npmjs.org/spdx-expression-parse 1553ms (cache miss)
5036 silly packumentCache full:https://registry.npmjs.org/spdx-expression-parse set size:undefined disposed:false
5037 silly fetch manifest type-fest@^0.20.2
5038 silly packumentCache full:https://registry.npmjs.org/type-fest cache-miss
5039 http fetch GET 200 https://registry.npmjs.org/type-fest 569ms (cache revalidated)
5040 silly packumentCache full:https://registry.npmjs.org/type-fest set size:566201 disposed:false
5041 silly fetch manifest binary-searching@^2.0.5
5042 silly packumentCache full:https://registry.npmjs.org/binary-searching cache-miss
5043 http fetch GET 200 https://registry.npmjs.org/binary-searching 757ms (cache miss)
5044 silly packumentCache full:https://registry.npmjs.org/binary-searching set size:undefined disposed:false
5045 silly fetch manifest comment-parser@^1.4.0
5046 silly packumentCache full:https://registry.npmjs.org/comment-parser cache-hit
5047 silly fetch manifest mdast-util-from-markdown@^2.0.0
5048 silly packumentCache full:https://registry.npmjs.org/mdast-util-from-markdown cache-miss
5049 http cache https://registry.npmjs.org/mdast-util-from-markdown 20ms (cache hit)
5050 silly packumentCache full:https://registry.npmjs.org/mdast-util-from-markdown set size:149296 disposed:false
5051 silly fetch manifest meow@^9.0.0
5052 silly packumentCache full:https://registry.npmjs.org/meow cache-hit
5053 silly fetch manifest jest-diff@^29.0.3
5054 silly packumentCache full:https://registry.npmjs.org/jest-diff cache-hit
5055 silly fetch manifest @tsd/typescript@~5.4.3
5056 silly packumentCache full:https://registry.npmjs.org/@tsd%2ftypescript cache-miss
5057 http fetch GET 200 https://registry.npmjs.org/@tsd%2ftypescript 2090ms (cache miss)
5058 silly packumentCache full:https://registry.npmjs.org/@tsd%2ftypescript set size:undefined disposed:false
5059 silly fetch manifest eslint-formatter-pretty@^4.1.0
5060 silly packumentCache full:https://registry.npmjs.org/eslint-formatter-pretty cache-hit
5061 silly fetch manifest @typescript-eslint/utils@7.18.0
5062 silly packumentCache full:https://registry.npmjs.org/@typescript-eslint%2futils cache-miss
5063 http cache https://registry.npmjs.org/@typescript-eslint%2futils 49ms (cache hit)
5064 silly packumentCache full:https://registry.npmjs.org/@typescript-eslint%2futils set size:10630491 disposed:false
5065 silly fetch manifest @typescript-eslint/parser@7.18.0
5066 silly packumentCache full:https://registry.npmjs.org/@typescript-eslint%2fparser cache-miss
5067 http cache https://registry.npmjs.org/@typescript-eslint%2fparser 95ms (cache hit)
5068 silly packumentCache full:https://registry.npmjs.org/@typescript-eslint%2fparser set size:15612235 disposed:false
5069 silly fetch manifest @typescript-eslint/eslint-plugin@7.18.0
5070 silly packumentCache full:https://registry.npmjs.org/@typescript-eslint%2feslint-plugin cache-miss
5071 http cache https://registry.npmjs.org/@typescript-eslint%2feslint-plugin 133ms (cache hit)
5072 silly packumentCache full:https://registry.npmjs.org/@typescript-eslint%2feslint-plugin set size:18508154 disposed:false
5073 silly fetch manifest globals@^16.1.0
5074 silly packumentCache full:https://registry.npmjs.org/globals cache-hit
5075 silly placeDep node_modules/.pnpm/@babel+helper-globals@7.29.7/node_modules/@babel/helper-globals globals@16.5.0 OK for: @babel/helper-globals@7.29.7 want: ^16.1.0
5076 silly fetch manifest @types/node@^12.7.8
5077 silly packumentCache full:https://registry.npmjs.org/@types%2fnode cache-miss
5078 http cache https://registry.npmjs.org/@types%2fnode 604ms (cache hit)
5079 silly packumentCache full:https://registry.npmjs.org/@types%2fnode set size:11084776 disposed:false
5080 silly fetch manifest should@^13.2.3
5081 silly packumentCache full:https://registry.npmjs.org/should cache-miss
5082 http fetch GET 200 https://registry.npmjs.org/should 1437ms (cache miss)
5083 silly packumentCache full:https://registry.npmjs.org/should set size:undefined disposed:false
5084 silly fetch manifest sinon@^7.5.0
5085 silly packumentCache full:https://registry.npmjs.org/sinon cache-miss
5086 http fetch GET 200 https://registry.npmjs.org/sinon 5112ms (cache miss)
5087 silly packumentCache full:https://registry.npmjs.org/sinon set size:undefined disposed:false
5088 silly fetch manifest standard@^14.3.1
5089 silly packumentCache full:https://registry.npmjs.org/standard cache-hit
5090 silly fetch manifest ts-node@^8.4.1
5091 silly packumentCache full:https://registry.npmjs.org/ts-node cache-miss
5092 http fetch GET 200 https://registry.npmjs.org/ts-node 2693ms (cache miss)
5093 silly packumentCache full:https://registry.npmjs.org/ts-node set size:undefined disposed:false
5094 silly fetch manifest typescript@^3.6.3
5095 silly packumentCache full:https://registry.npmjs.org/typescript cache-miss
5096 http cache https://registry.npmjs.org/typescript 208ms (cache hit)
5097 silly packumentCache full:https://registry.npmjs.org/typescript set size:15513951 disposed:false
5098 silly placeDep node_modules/.pnpm/commander@2.20.3/node_modules/commander @types/node@12.20.55 OK for: commander@2.20.3 want: ^12.7.8
5099 silly placeDep node_modules/.pnpm/commander@2.20.3/node_modules/commander eslint@6.8.0 OK for: commander@2.20.3 want: ^6.4.0
5100 silly placeDep ROOT should@13.2.3 OK for: commander@2.20.3 want: ^13.2.3
5101 silly placeDep ROOT sinon@7.5.0 OK for: commander@2.20.3 want: ^7.5.0
5102 silly placeDep node_modules/.pnpm/commander@2.20.3/node_modules/commander standard@14.3.4 OK for: commander@2.20.3 want: ^14.3.1
5103 silly placeDep node_modules/.pnpm/commander@2.20.3/node_modules/commander ts-node@8.10.2 OK for: commander@2.20.3 want: ^8.4.1
5104 silly placeDep node_modules/.pnpm/commander@2.20.3/node_modules/commander typescript@3.9.10 OK for: commander@2.20.3 want: ^3.6.3
5105 silly fetch manifest espree@^6.1.2
5106 silly packumentCache full:https://registry.npmjs.org/espree cache-hit
5107 silly fetch manifest semver@^6.1.2
5108 silly packumentCache full:https://registry.npmjs.org/semver cache-hit
5109 silly fetch manifest globals@^12.1.0
5110 silly packumentCache full:https://registry.npmjs.org/globals cache-hit
5111 silly fetch manifest inquirer@^7.0.0
5112 silly packumentCache full:https://registry.npmjs.org/inquirer cache-hit
5113 silly fetch manifest optionator@^0.8.3
5114 silly packumentCache full:https://registry.npmjs.org/optionator cache-hit
5115 silly fetch manifest glob-parent@^5.0.0
5116 silly packumentCache full:https://registry.npmjs.org/glob-parent cache-hit
5117 silly fetch manifest eslint-scope@^5.0.0
5118 silly packumentCache full:https://registry.npmjs.org/eslint-scope cache-hit
5119 silly fetch manifest eslint-utils@^1.4.3
5120 silly packumentCache full:https://registry.npmjs.org/eslint-utils cache-hit
5121 silly fetch manifest eslint-visitor-keys@^1.1.0
5122 silly packumentCache full:https://registry.npmjs.org/eslint-visitor-keys cache-hit
5123 silly fetch manifest strip-json-comments@^3.0.1
5124 silly packumentCache full:https://registry.npmjs.org/strip-json-comments cache-hit
5125 silly fetch manifest should-equal@^2.0.0
5126 silly packumentCache full:https://registry.npmjs.org/should-equal cache-miss
5127 http fetch GET 200 https://registry.npmjs.org/should-equal 689ms (cache miss)
5128 silly packumentCache full:https://registry.npmjs.org/should-equal set size:undefined disposed:false
5129 silly fetch manifest should-format@^3.0.3
5130 silly packumentCache full:https://registry.npmjs.org/should-format cache-miss
5131 http fetch GET 200 https://registry.npmjs.org/should-format 472ms (cache miss)
5132 silly packumentCache full:https://registry.npmjs.org/should-format set size:undefined disposed:false
5133 silly fetch manifest should-type@^1.4.0
5134 silly packumentCache full:https://registry.npmjs.org/should-type cache-miss
5135 http fetch GET 200 https://registry.npmjs.org/should-type 897ms (cache miss)
5136 silly packumentCache full:https://registry.npmjs.org/should-type set size:undefined disposed:false
5137 silly fetch manifest should-type-adaptors@^1.0.1
5138 silly packumentCache full:https://registry.npmjs.org/should-type-adaptors cache-miss
5139 http fetch GET 200 https://registry.npmjs.org/should-type-adaptors 454ms (cache miss)
5140 silly packumentCache full:https://registry.npmjs.org/should-type-adaptors set size:undefined disposed:false
5141 silly fetch manifest should-util@^1.0.0
5142 silly packumentCache full:https://registry.npmjs.org/should-util cache-miss
5143 http fetch GET 200 https://registry.npmjs.org/should-util 712ms (cache miss)
5144 silly packumentCache full:https://registry.npmjs.org/should-util set size:undefined disposed:false
5145 silly fetch manifest diff@^3.5.0
5146 silly packumentCache full:https://registry.npmjs.org/diff cache-hit
5147 silly fetch manifest nise@^1.5.2
5148 silly packumentCache full:https://registry.npmjs.org/nise cache-miss
5149 http fetch GET 200 https://registry.npmjs.org/nise 1423ms (cache miss)
5150 silly packumentCache full:https://registry.npmjs.org/nise set size:undefined disposed:false
5151 silly fetch manifest lolex@^4.2.0
5152 silly packumentCache full:https://registry.npmjs.org/lolex cache-miss
5153 http fetch GET 200 https://registry.npmjs.org/lolex 1199ms (cache miss)
5154 silly packumentCache full:https://registry.npmjs.org/lolex set size:undefined disposed:false
5155 silly fetch manifest @sinonjs/samsam@^3.3.3
5156 silly packumentCache full:https://registry.npmjs.org/@sinonjs%2fsamsam cache-miss
5157 http fetch GET 200 https://registry.npmjs.org/@sinonjs%2fsamsam 1445ms (cache miss)
5158 silly packumentCache full:https://registry.npmjs.org/@sinonjs%2fsamsam set size:undefined disposed:false
5159 silly fetch manifest @sinonjs/commons@^1.4.0
5160 silly packumentCache full:https://registry.npmjs.org/@sinonjs%2fcommons cache-miss
5161 http fetch GET 200 https://registry.npmjs.org/@sinonjs%2fcommons 1029ms (cache miss)
5162 silly packumentCache full:https://registry.npmjs.org/@sinonjs%2fcommons set size:undefined disposed:false
5163 silly fetch manifest @sinonjs/formatio@^3.2.1
5164 silly packumentCache full:https://registry.npmjs.org/@sinonjs%2fformatio cache-miss
5165 http fetch GET 200 https://registry.npmjs.org/@sinonjs%2fformatio 1009ms (cache miss)
5166 silly packumentCache full:https://registry.npmjs.org/@sinonjs%2fformatio set size:undefined disposed:false
5167 silly fetch manifest standard-engine@^12.0.0
5168 silly packumentCache full:https://registry.npmjs.org/standard-engine cache-hit
5169 silly fetch manifest eslint-plugin-node@~10.0.0
5170 silly packumentCache full:https://registry.npmjs.org/eslint-plugin-node cache-hit
5171 silly fetch manifest eslint-plugin-react@~7.14.2
5172 silly packumentCache full:https://registry.npmjs.org/eslint-plugin-react cache-hit
5173 silly fetch manifest eslint-plugin-import@~2.18.0
5174 silly packumentCache full:https://registry.npmjs.org/eslint-plugin-import cache-hit
5175 silly fetch manifest eslint-plugin-promise@~4.2.1
5176 silly packumentCache full:https://registry.npmjs.org/eslint-plugin-promise cache-hit
5177 silly fetch manifest eslint-config-standard@14.1.1
5178 silly packumentCache full:https://registry.npmjs.org/eslint-config-standard cache-hit
5179 silly fetch manifest eslint-config-standard-jsx@8.1.0
5180 silly packumentCache full:https://registry.npmjs.org/eslint-config-standard-jsx cache-hit
5181 silly fetch manifest yn@3.1.1
5182 silly packumentCache full:https://registry.npmjs.org/yn cache-miss
5183 http fetch GET 200 https://registry.npmjs.org/yn 1215ms (cache miss)
5184 silly packumentCache full:https://registry.npmjs.org/yn set size:undefined disposed:false
5185 silly fetch manifest arg@^4.1.0
5186 silly packumentCache full:https://registry.npmjs.org/arg cache-miss
5187 http fetch GET 200 https://registry.npmjs.org/arg 1624ms (cache miss)
5188 silly packumentCache full:https://registry.npmjs.org/arg set size:undefined disposed:false
5189 silly fetch manifest diff@^4.0.1
5190 silly packumentCache full:https://registry.npmjs.org/diff cache-hit
5191 silly fetch manifest make-error@^1.1.1
5192 silly packumentCache full:https://registry.npmjs.org/make-error cache-hit
5193 silly fetch manifest @types/jest@^24.0.23
5194 silly packumentCache full:https://registry.npmjs.org/@types%2fjest cache-hit
5195 silly fetch manifest @types/node@^12.12.11
5196 silly packumentCache full:https://registry.npmjs.org/@types%2fnode cache-miss
5197 http cache https://registry.npmjs.org/@types%2fnode 57ms (cache hit)
5198 silly packumentCache full:https://registry.npmjs.org/@types%2fnode set size:11084776 disposed:false
5199 silly fetch manifest eslint@^6.7.0
5200 silly packumentCache full:https://registry.npmjs.org/eslint cache-miss
5201 http cache https://registry.npmjs.org/eslint 21ms (cache hit)
5202 silly packumentCache full:https://registry.npmjs.org/eslint set size:2040662 disposed:false
5203 silly fetch manifest eslint-plugin-jest@^22.21.0
5204 silly packumentCache full:https://registry.npmjs.org/eslint-plugin-jest cache-miss
5205 http cache https://registry.npmjs.org/eslint-plugin-jest 311ms (cache hit)
5206 silly packumentCache full:https://registry.npmjs.org/eslint-plugin-jest set size:1767715 disposed:false
5207 silly fetch manifest jest@^24.8.0
5208 silly packumentCache full:https://registry.npmjs.org/jest cache-hit
5209 silly fetch manifest typescript@^3.7.2
5210 silly packumentCache full:https://registry.npmjs.org/typescript cache-miss
5211 http cache https://registry.npmjs.org/typescript 78ms (cache hit)
5212 silly packumentCache full:https://registry.npmjs.org/typescript set size:15513951 disposed:false
5213 silly placeDep node_modules/.pnpm/commander@4.1.1/node_modules/commander @types/jest@24.9.1 OK for: commander@4.1.1 want: ^24.0.23
5214 silly placeDep node_modules/.pnpm/commander@4.1.1/node_modules/commander @types/node@12.20.55 OK for: commander@4.1.1 want: ^12.12.11
5215 silly placeDep node_modules/.pnpm/commander@4.1.1/node_modules/commander eslint@6.8.0 OK for: commander@4.1.1 want: ^6.7.0
5216 silly placeDep node_modules/.pnpm/commander@4.1.1/node_modules/commander eslint-plugin-jest@22.21.0 OK for: commander@4.1.1 want: ^22.21.0
5217 silly placeDep node_modules/.pnpm/commander@4.1.1/node_modules/commander jest@24.9.0 OK for: commander@4.1.1 want: ^24.8.0
5218 silly placeDep node_modules/.pnpm/commander@4.1.1/node_modules/commander standard@14.3.4 OK for: commander@4.1.1 want: ^14.3.1
5219 silly placeDep node_modules/.pnpm/commander@4.1.1/node_modules/commander typescript@3.9.10 OK for: commander@4.1.1 want: ^3.7.2
5220 silly fetch manifest jest-diff@^24.3.0
5221 silly packumentCache full:https://registry.npmjs.org/jest-diff cache-hit
5222 silly fetch manifest @typescript-eslint/experimental-utils@^1.13.0
5223 silly packumentCache full:https://registry.npmjs.org/@typescript-eslint%2fexperimental-utils cache-miss
5224 http fetch GET 200 https://registry.npmjs.org/@typescript-eslint%2fexperimental-utils 55400ms (cache miss)
5225 silly packumentCache full:https://registry.npmjs.org/@typescript-eslint%2fexperimental-utils set size:undefined disposed:false
5226 silly fetch manifest jest-cli@^24.9.0
5227 silly packumentCache full:https://registry.npmjs.org/jest-cli cache-miss
5228 http fetch GET 200 https://registry.npmjs.org/jest-cli 843ms (cache revalidated)
5229 silly packumentCache full:https://registry.npmjs.org/jest-cli set size:1179782 disposed:false
5230 silly fetch manifest @types/node@^14.14.20
5231 silly packumentCache full:https://registry.npmjs.org/@types%2fnode cache-miss
5232 http cache https://registry.npmjs.org/@types%2fnode 240ms (cache hit)
5233 silly packumentCache full:https://registry.npmjs.org/@types%2fnode set size:11084776 disposed:false
5234 silly fetch manifest @typescript-eslint/eslint-plugin@^4.12.0
5235 silly packumentCache full:https://registry.npmjs.org/@typescript-eslint%2feslint-plugin cache-miss
5236 http cache https://registry.npmjs.org/@typescript-eslint%2feslint-plugin 376ms (cache hit)
5237 silly packumentCache full:https://registry.npmjs.org/@typescript-eslint%2feslint-plugin set size:18508154 disposed:false
5238 silly fetch manifest @typescript-eslint/parser@^4.12.0
5239 silly packumentCache full:https://registry.npmjs.org/@typescript-eslint%2fparser cache-miss
5240 http cache https://registry.npmjs.org/@typescript-eslint%2fparser 343ms (cache hit)
5241 silly packumentCache full:https://registry.npmjs.org/@typescript-eslint%2fparser set size:15612235 disposed:false
5242 silly fetch manifest eslint-config-standard@^16.0.2
5243 silly packumentCache full:https://registry.npmjs.org/eslint-config-standard cache-hit
5244 silly fetch manifest eslint-plugin-promise@^4.2.1 || ^5.0.0
5245 silly packumentCache full:https://registry.npmjs.org/eslint-plugin-promise cache-hit
5246 silly fetch manifest eslint-plugin-jest@^24.1.3
5247 silly packumentCache full:https://registry.npmjs.org/eslint-plugin-jest cache-miss
5248 http cache https://registry.npmjs.org/eslint-plugin-jest 20ms (cache hit)
5249 silly packumentCache full:https://registry.npmjs.org/eslint-plugin-jest set size:1767715 disposed:false
5250 silly fetch manifest standard@^16.0.3
5251 silly packumentCache full:https://registry.npmjs.org/standard cache-hit
5252 silly fetch manifest ts-jest@^26.5.1
5253 silly packumentCache full:https://registry.npmjs.org/ts-jest cache-miss
5254 http cache https://registry.npmjs.org/ts-jest 19ms (cache hit)
5255 silly packumentCache full:https://registry.npmjs.org/ts-jest set size:1074155 disposed:false
5256 silly fetch manifest typescript@^4.1.2
5257 silly packumentCache full:https://registry.npmjs.org/typescript cache-miss
5258 http cache https://registry.npmjs.org/typescript 67ms (cache hit)
5259 silly packumentCache full:https://registry.npmjs.org/typescript set size:15513951 disposed:false
5260 silly placeDep node_modules/.pnpm/commander@7.2.0/node_modules/commander @types/node@14.18.63 OK for: commander@7.2.0 want: ^14.14.20
5261 silly placeDep node_modules/.pnpm/commander@7.2.0/node_modules/commander @typescript-eslint/eslint-plugin@4.33.0 OK for: commander@7.2.0 want: ^4.12.0
5262 silly placeDep node_modules/.pnpm/commander@7.2.0/node_modules/commander eslint@7.32.0 OK for: @typescript-eslint/eslint-plugin@4.33.0 want: ^5.0.0 || ^6.0.0 || ^7.0.0
5263 silly placeDep node_modules/.pnpm/commander@7.2.0/node_modules/commander @typescript-eslint/parser@4.33.0 OK for: @typescript-eslint/eslint-plugin@4.33.0 want: ^4.0.0
5264 silly placeDep node_modules/.pnpm/commander@7.2.0/node_modules/commander eslint-config-standard@16.0.3 OK for: commander@7.2.0 want: ^16.0.2
5265 silly placeDep node_modules/.pnpm/commander@7.2.0/node_modules/commander eslint-plugin-import@2.32.0 OK for: eslint-config-standard@16.0.3 want: ^2.22.1
5266 silly placeDep node_modules/.pnpm/commander@7.2.0/node_modules/commander eslint-plugin-node@11.1.0 OK for: eslint-config-standard@16.0.3 want: ^11.1.0
5267 silly placeDep node_modules/.pnpm/commander@7.2.0/node_modules/commander eslint-plugin-promise@5.2.0 OK for: eslint-config-standard@16.0.3 want: ^4.2.1 || ^5.0.0
5268 silly placeDep node_modules/.pnpm/commander@7.2.0/node_modules/commander eslint-plugin-jest@24.7.0 OK for: commander@7.2.0 want: ^24.1.3
5269 silly placeDep node_modules/.pnpm/commander@7.2.0/node_modules/commander jest@26.6.3 OK for: commander@7.2.0 want: ^26.6.3
5270 silly placeDep node_modules/.pnpm/commander@7.2.0/node_modules/commander standard@16.0.4 OK for: commander@7.2.0 want: ^16.0.3
5271 silly placeDep node_modules/.pnpm/commander@7.2.0/node_modules/commander ts-jest@26.5.6 OK for: commander@7.2.0 want: ^26.5.1
5272 silly placeDep node_modules/.pnpm/commander@7.2.0/node_modules/commander typescript@4.9.5 OK for: ts-jest@26.5.6 want: >=3.8 <5.0
5273 silly placeDep node_modules/.pnpm/commander@7.2.0/node_modules/commander tsd@0.14.0 OK for: commander@7.2.0 want: ^0.14.0
5274 silly fetch manifest @typescript-eslint/scope-manager@4.33.0
5275 silly packumentCache full:https://registry.npmjs.org/@typescript-eslint%2fscope-manager cache-miss
5276 http fetch GET 200 https://registry.npmjs.org/@typescript-eslint%2fscope-manager 769ms (cache revalidated)
5277 silly packumentCache full:https://registry.npmjs.org/@typescript-eslint%2fscope-manager set size:12865607 disposed:false
5278 silly fetch manifest @typescript-eslint/experimental-utils@4.33.0
5279 silly packumentCache full:https://registry.npmjs.org/@typescript-eslint%2fexperimental-utils cache-miss
5280 http cache https://registry.npmjs.org/@typescript-eslint%2fexperimental-utils 378ms (cache hit)
5281 silly packumentCache full:https://registry.npmjs.org/@typescript-eslint%2fexperimental-utils set size:15007115 disposed:false
5282 silly fetch manifest @typescript-eslint/types@4.33.0
5283 silly packumentCache full:https://registry.npmjs.org/@typescript-eslint%2ftypes cache-miss
5284 http fetch GET 200 https://registry.npmjs.org/@typescript-eslint%2ftypes 2823ms (cache revalidated)
5285 silly packumentCache full:https://registry.npmjs.org/@typescript-eslint%2ftypes set size:12685870 disposed:false
5286 silly fetch manifest @typescript-eslint/typescript-estree@4.33.0
5287 silly packumentCache full:https://registry.npmjs.org/@typescript-eslint%2ftypescript-estree cache-miss
5288 http cache https://registry.npmjs.org/@typescript-eslint%2ftypescript-estree 1095ms (cache hit)
5289 silly packumentCache full:https://registry.npmjs.org/@typescript-eslint%2ftypescript-estree set size:16857921 disposed:false
5290 silly fetch manifest eslint-plugin-es@^3.0.0
5291 silly packumentCache full:https://registry.npmjs.org/eslint-plugin-es cache-miss
5292 http fetch GET 200 https://registry.npmjs.org/eslint-plugin-es 2304ms (cache miss)
5293 silly packumentCache full:https://registry.npmjs.org/eslint-plugin-es set size:undefined disposed:false
5294 silly fetch manifest eslint-utils@^2.0.0
5295 silly packumentCache full:https://registry.npmjs.org/eslint-utils cache-hit
5296 silly fetch manifest ignore@^5.1.1
5297 silly packumentCache full:https://registry.npmjs.org/ignore cache-hit
5298 silly fetch manifest resolve@^1.10.1
5299 silly packumentCache full:https://registry.npmjs.org/resolve cache-hit
5300 silly fetch manifest semver@^6.1.0
5301 silly packumentCache full:https://registry.npmjs.org/semver cache-hit
5302 silly fetch manifest @rtsao/scc@^1.1.0
5303 silly packumentCache full:https://registry.npmjs.org/@rtsao%2fscc cache-miss
5304 http fetch GET 200 https://registry.npmjs.org/@rtsao%2fscc 3004ms (cache miss)
5305 silly packumentCache full:https://registry.npmjs.org/@rtsao%2fscc set size:undefined disposed:false
5306 silly fetch manifest array-includes@^3.1.9
5307 silly packumentCache full:https://registry.npmjs.org/array-includes cache-miss
5308 http fetch GET 200 https://registry.npmjs.org/array-includes 5132ms (cache miss)
5309 silly packumentCache full:https://registry.npmjs.org/array-includes set size:undefined disposed:false
5310 silly fetch manifest array.prototype.findlastindex@^1.2.6
5311 silly packumentCache full:https://registry.npmjs.org/array.prototype.findlastindex cache-miss
5312 http fetch GET 200 https://registry.npmjs.org/array.prototype.findlastindex 2210ms (cache miss)
5313 silly packumentCache full:https://registry.npmjs.org/array.prototype.findlastindex set size:undefined disposed:false
5314 silly fetch manifest array.prototype.flat@^1.3.3
5315 silly packumentCache full:https://registry.npmjs.org/array.prototype.flat cache-miss
5316 http fetch GET 200 https://registry.npmjs.org/array.prototype.flat 853ms (cache miss)
5317 silly packumentCache full:https://registry.npmjs.org/array.prototype.flat set size:undefined disposed:false
5318 silly fetch manifest array.prototype.flatmap@^1.3.3
5319 silly packumentCache full:https://registry.npmjs.org/array.prototype.flatmap cache-miss
5320 http fetch GET 200 https://registry.npmjs.org/array.prototype.flatmap 1058ms (cache miss)
5321 silly packumentCache full:https://registry.npmjs.org/array.prototype.flatmap set size:undefined disposed:false
5322 silly fetch manifest doctrine@^2.1.0
5323 silly packumentCache full:https://registry.npmjs.org/doctrine cache-hit
5324 silly fetch manifest eslint-import-resolver-node@^0.3.9
5325 silly packumentCache full:https://registry.npmjs.org/eslint-import-resolver-node cache-miss
5326 http fetch GET 200 https://registry.npmjs.org/eslint-import-resolver-node 1222ms (cache miss)
5327 silly packumentCache full:https://registry.npmjs.org/eslint-import-resolver-node set size:undefined disposed:false
5328 silly fetch manifest eslint-module-utils@^2.12.1
5329 silly packumentCache full:https://registry.npmjs.org/eslint-module-utils cache-miss
5330 http fetch GET 200 https://registry.npmjs.org/eslint-module-utils 2920ms (cache miss)
5331 silly packumentCache full:https://registry.npmjs.org/eslint-module-utils set size:undefined disposed:false
5332 silly fetch manifest hasown@^2.0.2
5333 silly packumentCache full:https://registry.npmjs.org/hasown cache-miss
5334 http cache https://registry.npmjs.org/hasown 37ms (cache hit)
5335 silly packumentCache full:https://registry.npmjs.org/hasown set size:18361 disposed:false
5336 silly fetch manifest is-core-module@^2.16.1
5337 silly packumentCache full:https://registry.npmjs.org/is-core-module cache-miss
5338 http fetch GET 200 https://registry.npmjs.org/is-core-module 3168ms (cache miss)
5339 silly packumentCache full:https://registry.npmjs.org/is-core-module set size:undefined disposed:false
5340 silly fetch manifest object.fromentries@^2.0.8
5341 silly packumentCache full:https://registry.npmjs.org/object.fromentries cache-miss
5342 http fetch GET 200 https://registry.npmjs.org/object.fromentries 5766ms (cache miss)
5343 silly packumentCache full:https://registry.npmjs.org/object.fromentries set size:undefined disposed:false
5344 silly fetch manifest object.groupby@^1.0.3
5345 silly packumentCache full:https://registry.npmjs.org/object.groupby cache-miss
5346 http fetch GET 200 https://registry.npmjs.org/object.groupby 2102ms (cache miss)
5347 silly packumentCache full:https://registry.npmjs.org/object.groupby set size:undefined disposed:false
5348 silly fetch manifest object.values@^1.2.1
5349 silly packumentCache full:https://registry.npmjs.org/object.values cache-miss
5350 http fetch GET 200 https://registry.npmjs.org/object.values 8947ms (cache miss)
5351 silly packumentCache full:https://registry.npmjs.org/object.values set size:undefined disposed:false
5352 silly fetch manifest string.prototype.trimend@^1.0.9
5353 silly packumentCache full:https://registry.npmjs.org/string.prototype.trimend cache-miss
5354 http fetch GET 200 https://registry.npmjs.org/string.prototype.trimend 2378ms (cache miss)
5355 silly packumentCache full:https://registry.npmjs.org/string.prototype.trimend set size:undefined disposed:false
5356 silly fetch manifest tsconfig-paths@^3.15.0
5357 silly packumentCache full:https://registry.npmjs.org/tsconfig-paths cache-miss
5358 http fetch GET 200 https://registry.npmjs.org/tsconfig-paths 2502ms (cache miss)
5359 silly packumentCache full:https://registry.npmjs.org/tsconfig-paths set size:undefined disposed:false
5360 silly fetch manifest @typescript-eslint/experimental-utils@^4.0.1
5361 silly packumentCache full:https://registry.npmjs.org/@typescript-eslint%2fexperimental-utils cache-miss
5362 http cache https://registry.npmjs.org/@typescript-eslint%2fexperimental-utils 476ms (cache hit)
5363 silly packumentCache full:https://registry.npmjs.org/@typescript-eslint%2fexperimental-utils set size:15007115 disposed:false
5364 silly fetch manifest eslint@~7.18.0
5365 silly packumentCache full:https://registry.npmjs.org/eslint cache-miss
5366 http fetch GET 200 https://registry.npmjs.org/eslint 247ms (cache revalidated)
5367 silly packumentCache full:https://registry.npmjs.org/eslint set size:2040662 disposed:false
5368 silly fetch manifest standard-engine@^14.0.1
5369 silly packumentCache full:https://registry.npmjs.org/standard-engine cache-hit
5370 silly fetch manifest eslint-plugin-react@~7.25.1
5371 silly packumentCache full:https://registry.npmjs.org/eslint-plugin-react cache-hit
5372 silly fetch manifest eslint-plugin-import@~2.24.2
5373 silly packumentCache full:https://registry.npmjs.org/eslint-plugin-import cache-hit
5374 silly fetch manifest eslint-plugin-promise@~5.1.0
5375 silly packumentCache full:https://registry.npmjs.org/eslint-plugin-promise cache-hit
5376 silly fetch manifest eslint-config-standard-jsx@10.0.0
5377 silly packumentCache full:https://registry.npmjs.org/eslint-config-standard-jsx cache-hit
5378 silly fetch manifest tape@~2.4.0
5379 silly packumentCache full:https://registry.npmjs.org/tape cache-hit
5380 silly placeDep node_modules/.pnpm/concat-map@0.0.1/node_modules/concat-map tape@2.4.3 OK for: concat-map@0.0.1 want: ~2.4.0
5381 silly fetch manifest defined@~0.0.0
5382 silly packumentCache full:https://registry.npmjs.org/defined cache-hit
5383 silly fetch manifest jsonify@~0.0.0
5384 silly packumentCache full:https://registry.npmjs.org/jsonify cache-miss
5385 http fetch GET 200 https://registry.npmjs.org/jsonify 465ms (cache miss)
5386 silly packumentCache full:https://registry.npmjs.org/jsonify set size:undefined disposed:false
5387 silly fetch manifest resumer@~0.0.0
5388 silly packumentCache full:https://registry.npmjs.org/resumer cache-miss
5389 http fetch GET 200 https://registry.npmjs.org/resumer 3930ms (cache miss)
5390 silly packumentCache full:https://registry.npmjs.org/resumer set size:undefined disposed:false
5391 silly fetch manifest through@~2.3.4
5392 silly packumentCache full:https://registry.npmjs.org/through cache-miss
5393 http fetch GET 200 https://registry.npmjs.org/through 1302ms (cache miss)
5394 silly packumentCache full:https://registry.npmjs.org/through set size:undefined disposed:false
5395 silly fetch manifest deep-equal@~0.2.0
5396 silly packumentCache full:https://registry.npmjs.org/deep-equal cache-hit
5397 silly fetch manifest @babel/preset-env@^7.28.5
5398 silly packumentCache full:https://registry.npmjs.org/@babel%2fpreset-env cache-miss
5399 http fetch GET 200 https://registry.npmjs.org/@babel%2fpreset-env 2252ms (cache revalidated)
5400 silly packumentCache full:https://registry.npmjs.org/@babel%2fpreset-env set size:1208399 disposed:false
5401 silly fetch manifest @babel/core@^7.28.5
5402 silly packumentCache full:https://registry.npmjs.org/@babel%2fcore cache-hit
5403 silly fetch manifest @eslint/js@^9.39.1
5404 silly packumentCache full:https://registry.npmjs.org/@eslint%2fjs cache-hit
5405 silly fetch manifest @mdn/browser-compat-data@7.1.21
5406 silly packumentCache full:https://registry.npmjs.org/@mdn%2fbrowser-compat-data cache-hit
5407 silly fetch manifest @tsconfig/node24@^24.0.2
5408 silly packumentCache full:https://registry.npmjs.org/@tsconfig%2fnode24 cache-miss
5409 http fetch GET 200 https://registry.npmjs.org/@tsconfig%2fnode24 3098ms (cache miss)
5410 silly packumentCache full:https://registry.npmjs.org/@tsconfig%2fnode24 set size:undefined disposed:false
5411 silly fetch manifest @types/chokidar@^2.1.7
5412 silly packumentCache full:https://registry.npmjs.org/@types%2fchokidar cache-miss
5413 http fetch GET 200 https://registry.npmjs.org/@types%2fchokidar 4706ms (cache miss)
5414 silly packumentCache full:https://registry.npmjs.org/@types%2fchokidar set size:undefined disposed:false
5415 silly fetch manifest @types/css-tree@^2.3.11
5416 silly packumentCache full:https://registry.npmjs.org/@types%2fcss-tree cache-miss
5417 http fetch GET 200 https://registry.npmjs.org/@types%2fcss-tree 2932ms (cache miss)
5418 silly packumentCache full:https://registry.npmjs.org/@types%2fcss-tree set size:undefined disposed:false
5419 silly fetch manifest @types/jest@^30.0.0
5420 silly packumentCache full:https://registry.npmjs.org/@types%2fjest cache-hit
5421 silly fetch manifest @types/jsdom@^27.0.0
5422 silly packumentCache full:https://registry.npmjs.org/@types%2fjsdom cache-miss
5423 http fetch GET 200 https://registry.npmjs.org/@types%2fjsdom 2816ms (cache miss)
5424 silly packumentCache full:https://registry.npmjs.org/@types%2fjsdom set size:undefined disposed:false
5425 silly fetch manifest @types/node@^24.10.1
5426 silly packumentCache full:https://registry.npmjs.org/@types%2fnode cache-miss
5427 http fetch GET 200 https://registry.npmjs.org/@types%2fnode 903ms (cache revalidated)
5428 silly packumentCache full:https://registry.npmjs.org/@types%2fnode set size:11084776 disposed:false
5429 silly fetch manifest @types/prettier@^3.0.0
5430 silly packumentCache full:https://registry.npmjs.org/@types%2fprettier cache-miss
5431 http fetch GET 200 https://registry.npmjs.org/@types%2fprettier 3748ms (cache miss)
5432 silly packumentCache full:https://registry.npmjs.org/@types%2fprettier set size:undefined disposed:false
5433 silly fetch manifest @types/turndown@^5.0.6
5434 silly packumentCache full:https://registry.npmjs.org/@types%2fturndown cache-miss
5435 http fetch GET 200 https://registry.npmjs.org/@types%2fturndown 2399ms (cache miss)
5436 silly packumentCache full:https://registry.npmjs.org/@types%2fturndown set size:undefined disposed:false
5437 silly fetch manifest babel-jest@^30.2.0
5438 silly packumentCache full:https://registry.npmjs.org/babel-jest cache-miss
5439 http fetch GET 200 https://registry.npmjs.org/babel-jest 2805ms (cache revalidated)
5440 silly packumentCache full:https://registry.npmjs.org/babel-jest set size:690787 disposed:false
5441 silly fetch manifest chalk@^5.6.2
5442 silly packumentCache full:https://registry.npmjs.org/chalk cache-hit
5443 silly fetch manifest chokidar@^4.0.3
5444 silly packumentCache full:https://registry.npmjs.org/chokidar cache-hit
5445 silly fetch manifest css-tree@^3.1.0
5446 silly packumentCache full:https://registry.npmjs.org/css-tree cache-miss
5447 http fetch GET 200 https://registry.npmjs.org/css-tree 5762ms (cache miss)
5448 silly packumentCache full:https://registry.npmjs.org/css-tree set size:undefined disposed:false
5449 silly fetch manifest eslint-config-prettier@^10.1.8
5450 silly packumentCache full:https://registry.npmjs.org/eslint-config-prettier cache-hit
5451 silly fetch manifest eslint@>=7.0.0
5452 silly packumentCache full:https://registry.npmjs.org/eslint cache-miss
5453 http cache https://registry.npmjs.org/eslint 48ms (cache hit)
5454 silly packumentCache full:https://registry.npmjs.org/eslint set size:2040662 disposed:false
5455 silly fetch manifest flow-bin@^0.291.0
5456 silly packumentCache full:https://registry.npmjs.org/flow-bin cache-miss
5457 http fetch GET 200 https://registry.npmjs.org/flow-bin 10119ms (cache miss)
5458 silly packumentCache full:https://registry.npmjs.org/flow-bin set size:undefined disposed:false
5459 silly fetch manifest jest@^30.2.0
5460 silly packumentCache full:https://registry.npmjs.org/jest cache-hit
5461 silly fetch manifest jsdom@^27.2.0
5462 silly packumentCache full:https://registry.npmjs.org/jsdom cache-miss
5463 http fetch GET 200 https://registry.npmjs.org/jsdom 2379ms (cache revalidated)
5464 silly packumentCache full:https://registry.npmjs.org/jsdom set size:1074418 disposed:false
5465 silly fetch manifest mdn-data@2.25.0
5466 silly packumentCache full:https://registry.npmjs.org/mdn-data cache-miss
5467 http fetch GET 200 https://registry.npmjs.org/mdn-data 5423ms (cache miss)
5468 silly packumentCache full:https://registry.npmjs.org/mdn-data set size:undefined disposed:false
5469 silly fetch manifest release-it@^19.0.6
5470 silly packumentCache full:https://registry.npmjs.org/release-it cache-miss
5471 http fetch GET 200 https://registry.npmjs.org/release-it 16105ms (cache miss)
5472 silly packumentCache full:https://registry.npmjs.org/release-it set size:undefined disposed:false
5473 silly fetch manifest tsx@^4.20.6
5474 silly packumentCache full:https://registry.npmjs.org/tsx cache-miss
5475 http fetch GET 200 https://registry.npmjs.org/tsx 5336ms (cache miss)
5476 silly packumentCache full:https://registry.npmjs.org/tsx set size:undefined disposed:false
5477 silly fetch manifest turndown@^7.2.2
5478 silly packumentCache full:https://registry.npmjs.org/turndown cache-miss
5479 http fetch GET 200 https://registry.npmjs.org/turndown 1700ms (cache miss)
5480 silly packumentCache full:https://registry.npmjs.org/turndown set size:undefined disposed:false
5481 silly fetch manifest typescript-eslint@^8.46.4
5482 silly packumentCache full:https://registry.npmjs.org/typescript-eslint cache-miss
5483 http fetch GET 200 https://registry.npmjs.org/typescript-eslint 764ms (cache revalidated)
5484 silly packumentCache full:https://registry.npmjs.org/typescript-eslint set size:4434550 disposed:false
5485 silly fetch manifest typescript@~5.9.3
5486 silly packumentCache full:https://registry.npmjs.org/typescript cache-miss
5487 http fetch GET 200 https://registry.npmjs.org/typescript 2816ms (cache revalidated)
5488 silly packumentCache full:https://registry.npmjs.org/typescript set size:15513951 disposed:false
5489 silly placeDep ROOT @babel/preset-env@7.29.7 OK for: csstype@3.2.3 want: ^7.28.5
5490 silly placeDep ROOT @babel/core@7.29.7 OK for: @babel/preset-env@7.29.7 want: ^7.0.0-0
5491 verbose stack TypeError: Cannot read properties of null (reading 'matches')
5491 verbose stack     at Link.matches (C:\Program Files\nodejs\node_modules\npm\node_modules\@npmcli\arborist\lib\node.js:1186:41)
5491 verbose stack     at Link.canDedupe (C:\Program Files\nodejs\node_modules\npm\node_modules\@npmcli\arborist\lib\node.js:1130:15)
5491 verbose stack     at PlaceDep.pruneDedupable (C:\Program Files\nodejs\node_modules\npm\node_modules\@npmcli\arborist\lib\place-dep.js:426:14)
5491 verbose stack     at new PlaceDep (C:\Program Files\nodejs\node_modules\npm\node_modules\@npmcli\arborist\lib\place-dep.js:278:14)
5491 verbose stack     at new PlaceDep (C:\Program Files\nodejs\node_modules\npm\node_modules\@npmcli\arborist\lib\place-dep.js:314:26)
5491 verbose stack     at #buildDepStep (C:\Program Files\nodejs\node_modules\npm\node_modules\@npmcli\arborist\lib\arborist\build-ideal-tree.js:934:18)
5491 verbose stack     at async Arborist.buildIdealTree (C:\Program Files\nodejs\node_modules\npm\node_modules\@npmcli\arborist\lib\arborist\build-ideal-tree.js:170:7)
5491 verbose stack     at async Promise.all (index 1)
5491 verbose stack     at async Arborist.reify (C:\Program Files\nodejs\node_modules\npm\node_modules\@npmcli\arborist\lib\arborist\reify.js:110:5)
5491 verbose stack     at async Install.exec (C:\Program Files\nodejs\node_modules\npm\lib\commands\install.js:150:5)
5492 error Cannot read properties of null (reading 'matches')
5493 silly unfinished npm timer reify 1785833004894
5494 silly unfinished npm timer reify:loadTrees 1785833005324
5495 silly unfinished npm timer idealTree:buildDeps 1785833021709
5496 silly unfinished npm timer idealTree:node_modules/.pnpm/csstype@3.2.3/node_modules/csstype 1785834573249
5497 verbose cwd D:\Weekly_health_tracker
5498 verbose os Windows_NT 10.0.22631
5499 verbose node v24.13.1
5500 verbose npm  v11.8.0
5501 verbose exit 1
5502 verbose code 1
5503 error A complete log of this run can be found in: D:\Weekly_health_tracker\.npm-cache\_logs\2026-08-04T08_43_19_308Z-debug-0.log
