0 verbose cli C:\Program Files\nodejs\node.exe C:\Program Files\nodejs\node_modules\npm\bin\npm-cli.js
1 info using npm@11.8.0
2 info using node@v24.13.1
3 silly config load:file:C:\Program Files\nodejs\node_modules\npm\npmrc
4 silly config load:file:D:\Weekly_health_tracker\.npmrc
5 silly config load:file:C:\Users\meron\.npmrc
6 silly config load:file:C:\Users\meron\AppData\Roaming\npm\etc\npmrc
7 verbose title npm install date-fns
8 verbose argv "install" "date-fns" "--save"
9 verbose logfile logs-max:10 dir:D:\Weekly_health_tracker\.npm-cache\_logs\2026-08-04T08_18_35_013Z-
10 verbose logfile D:\Weekly_health_tracker\.npm-cache\_logs\2026-08-04T08_18_35_013Z-debug-0.log
11 silly logfile start cleaning logs, removing 1 files
12 silly packumentCache heap:2017460224 maxSize:504365056 maxEntrySize:252182528
13 silly logfile done cleaning log files
14 silly idealTree buildDeps
15 silly fetch manifest date-fns@*
16 silly packumentCache full:https://registry.npmjs.org/date-fns cache-miss
17 http fetch GET 200 https://registry.npmjs.org/date-fns 8838ms (cache miss)
18 silly packumentCache full:https://registry.npmjs.org/date-fns set size:undefined disposed:false
19 silly placeDep ROOT date-fns@4.4.0 OK for: app@1.0.0 want: *
20 silly fetch manifest @types/react-native@~0.64
21 silly packumentCache full:https://registry.npmjs.org/@types%2freact-native cache-miss
22 http fetch GET 200 https://registry.npmjs.org/@types%2freact-native 4345ms (cache miss)
23 silly packumentCache full:https://registry.npmjs.org/@types%2freact-native set size:undefined disposed:false
24 silly fetch manifest eslint@^8.56.0
25 silly packumentCache full:https://registry.npmjs.org/eslint cache-miss
26 http fetch GET 200 https://registry.npmjs.org/eslint 7531ms (cache miss)
27 silly packumentCache full:https://registry.npmjs.org/eslint set size:undefined disposed:false
28 silly fetch manifest eslint-config-universe@^12.0.0
29 silly packumentCache full:https://registry.npmjs.org/eslint-config-universe cache-miss
30 http fetch GET 200 https://registry.npmjs.org/eslint-config-universe 1887ms (cache miss)
31 silly packumentCache full:https://registry.npmjs.org/eslint-config-universe set size:undefined disposed:false
32 silly fetch manifest eslint@>=8.10
33 silly packumentCache full:https://registry.npmjs.org/eslint cache-miss
34 http cache https://registry.npmjs.org/eslint 654ms (cache hit)
35 silly packumentCache full:https://registry.npmjs.org/eslint set size:2040662 disposed:false
36 silly fetch manifest jiti@*
37 silly packumentCache full:https://registry.npmjs.org/jiti cache-miss
38 http fetch GET 200 https://registry.npmjs.org/jiti 2174ms (cache miss)
39 silly packumentCache full:https://registry.npmjs.org/jiti set size:undefined disposed:false
40 silly fetch manifest prettier@>=3
41 silly packumentCache full:https://registry.npmjs.org/prettier cache-miss
42 http fetch GET 200 https://registry.npmjs.org/prettier 1662ms (cache miss)
43 silly packumentCache full:https://registry.npmjs.org/prettier set size:undefined disposed:false
44 silly fetch manifest expo-font@14.0.4
45 silly packumentCache full:https://registry.npmjs.org/expo-font cache-miss
46 http fetch GET 200 https://registry.npmjs.org/expo-font 2731ms (cache miss)
47 silly packumentCache full:https://registry.npmjs.org/expo-font set size:undefined disposed:false
48 silly fetch manifest expo@*
49 silly packumentCache full:https://registry.npmjs.org/expo cache-miss
50 http fetch GET 200 https://registry.npmjs.org/expo 4955ms (cache miss)
51 silly packumentCache full:https://registry.npmjs.org/expo set size:undefined disposed:false
52 silly fetch manifest @expo/metro-runtime@*
53 silly packumentCache full:https://registry.npmjs.org/@expo%2fmetro-runtime cache-miss
54 http fetch GET 200 https://registry.npmjs.org/@expo%2fmetro-runtime 1739ms (cache miss)
55 silly packumentCache full:https://registry.npmjs.org/@expo%2fmetro-runtime set size:undefined disposed:false
56 silly fetch manifest react@*
57 silly packumentCache full:https://registry.npmjs.org/react cache-miss
58 http fetch GET 200 https://registry.npmjs.org/react 10201ms (cache miss)
59 silly packumentCache full:https://registry.npmjs.org/react set size:undefined disposed:false
60 silly fetch manifest react-dom@*
61 silly packumentCache full:https://registry.npmjs.org/react-dom cache-miss
62 http fetch GET 200 https://registry.npmjs.org/react-dom 8095ms (cache miss)
63 silly packumentCache full:https://registry.npmjs.org/react-dom set size:undefined disposed:false
64 silly fetch manifest react-native@*
65 silly packumentCache full:https://registry.npmjs.org/react-native cache-miss
66 http fetch GET 200 https://registry.npmjs.org/react-native 10123ms (cache miss)
67 silly packumentCache full:https://registry.npmjs.org/react-native set size:undefined disposed:false
68 silly fetch manifest @react-native/jest-preset@0.86.2
69 silly packumentCache full:https://registry.npmjs.org/@react-native%2fjest-preset cache-miss
70 http fetch GET 200 https://registry.npmjs.org/@react-native%2fjest-preset 1086ms (cache miss)
71 silly packumentCache full:https://registry.npmjs.org/@react-native%2fjest-preset set size:undefined disposed:false
72 silly fetch manifest @types/react@^19.1.1
73 silly packumentCache full:https://registry.npmjs.org/@types%2freact cache-miss
74 http fetch GET 200 https://registry.npmjs.org/@types%2freact 5068ms (cache miss)
75 silly packumentCache full:https://registry.npmjs.org/@types%2freact set size:undefined disposed:false
76 silly fetch manifest react-native-web@*
77 silly packumentCache full:https://registry.npmjs.org/react-native-web cache-miss
78 http fetch GET 200 https://registry.npmjs.org/react-native-web 2851ms (cache miss)
79 silly packumentCache full:https://registry.npmjs.org/react-native-web set size:undefined disposed:false
80 silly fetch manifest react-native-webview@*
81 silly packumentCache full:https://registry.npmjs.org/react-native-webview cache-miss
82 http fetch GET 200 https://registry.npmjs.org/react-native-webview 2530ms (cache miss)
83 silly packumentCache full:https://registry.npmjs.org/react-native-webview set size:undefined disposed:false
84 silly fetch manifest expo-module-scripts@^3.4.0
85 silly packumentCache full:https://registry.npmjs.org/expo-module-scripts cache-miss
86 http fetch GET 200 https://registry.npmjs.org/expo-module-scripts 898ms (cache miss)
87 silly packumentCache full:https://registry.npmjs.org/expo-module-scripts set size:undefined disposed:false
88 silly placeDep ROOT @types/react-native@0.64.38 OK for: @expo/vector-icons@15.1.1 want: ~0.64
89 silly placeDep ROOT eslint@8.57.1 OK for: @expo/vector-icons@15.1.1 want: ^8.56.0
90 silly placeDep node_modules/.pnpm/@expo+vector-icons@15.1.1_e_8c805b6a2946cae588ec150287fa9aa1/node_modules/@expo/vector-icons eslint-config-universe@12.1.0 CONFLICT for: @expo/vector-icons@15.1.1 want: ^12.0.0
91 silly placeDep node_modules/.pnpm/@expo+vector-icons@15.1.1_e_8c805b6a2946cae588ec150287fa9aa1/node_modules/@expo/vector-icons expo-font@14.0.4 OK for: @expo/vector-icons@15.1.1 want: 14.0.4
92 silly placeDep ROOT expo-module-scripts@3.5.4 OK for: @expo/vector-icons@15.1.1 want: ^3.4.0
93 silly fetch manifest @types/react@^17
94 silly packumentCache full:https://registry.npmjs.org/@types%2freact cache-miss
95 http cache https://registry.npmjs.org/@types%2freact 83ms (cache hit)
96 silly packumentCache full:https://registry.npmjs.org/@types%2freact set size:2637439 disposed:false
97 silly fetch manifest ajv@^6.12.4
98 silly packumentCache full:https://registry.npmjs.org/ajv cache-miss
99 http fetch GET 200 https://registry.npmjs.org/ajv 1217ms (cache miss)
100 silly packumentCache full:https://registry.npmjs.org/ajv set size:undefined disposed:false
101 silly fetch manifest levn@^0.4.1
102 silly packumentCache full:https://registry.npmjs.org/levn cache-miss
103 http fetch GET 200 https://registry.npmjs.org/levn 433ms (cache miss)
104 silly packumentCache full:https://registry.npmjs.org/levn set size:undefined disposed:false
105 silly fetch manifest chalk@^4.0.0
106 silly packumentCache full:https://registry.npmjs.org/chalk cache-miss
107 http fetch GET 200 https://registry.npmjs.org/chalk 1116ms (cache miss)
108 silly packumentCache full:https://registry.npmjs.org/chalk set size:undefined disposed:false
109 silly fetch manifest debug@^4.3.2
110 silly packumentCache full:https://registry.npmjs.org/debug cache-miss
111 http fetch GET 200 https://registry.npmjs.org/debug 2080ms (cache miss)
112 silly packumentCache full:https://registry.npmjs.org/debug set size:undefined disposed:false
113 silly fetch manifest espree@^9.6.1
114 silly packumentCache full:https://registry.npmjs.org/espree cache-miss
115 http fetch GET 200 https://registry.npmjs.org/espree 957ms (cache miss)
116 silly packumentCache full:https://registry.npmjs.org/espree set size:undefined disposed:false
117 silly fetch manifest ignore@^5.2.0
118 silly packumentCache full:https://registry.npmjs.org/ignore cache-miss
119 http fetch GET 200 https://registry.npmjs.org/ignore 3783ms (cache miss)
120 silly packumentCache full:https://registry.npmjs.org/ignore set size:undefined disposed:false
121 silly fetch manifest esquery@^1.4.2
122 silly packumentCache full:https://registry.npmjs.org/esquery cache-miss
123 http fetch GET 200 https://registry.npmjs.org/esquery 1970ms (cache miss)
124 silly packumentCache full:https://registry.npmjs.org/esquery set size:undefined disposed:false
125 silly fetch manifest esutils@^2.0.2
126 silly packumentCache full:https://registry.npmjs.org/esutils cache-miss
127 http fetch GET 200 https://registry.npmjs.org/esutils 631ms (cache miss)
128 silly packumentCache full:https://registry.npmjs.org/esutils set size:undefined disposed:false
129 silly fetch manifest find-up@^5.0.0
130 silly packumentCache full:https://registry.npmjs.org/find-up cache-miss
131 http fetch GET 200 https://registry.npmjs.org/find-up 490ms (cache miss)
132 silly packumentCache full:https://registry.npmjs.org/find-up set size:undefined disposed:false
133 silly fetch manifest globals@^13.19.0
134 silly packumentCache full:https://registry.npmjs.org/globals cache-miss
135 http fetch GET 200 https://registry.npmjs.org/globals 3560ms (cache miss)
136 silly packumentCache full:https://registry.npmjs.org/globals set size:undefined disposed:false
137 silly fetch manifest is-glob@^4.0.0
138 silly packumentCache full:https://registry.npmjs.org/is-glob cache-miss
139 http fetch GET 200 https://registry.npmjs.org/is-glob 624ms (cache miss)
140 silly packumentCache full:https://registry.npmjs.org/is-glob set size:undefined disposed:false
141 silly fetch manifest js-yaml@^4.1.0
142 silly packumentCache full:https://registry.npmjs.org/js-yaml cache-miss
143 http fetch GET 200 https://registry.npmjs.org/js-yaml 557ms (cache miss)
144 silly packumentCache full:https://registry.npmjs.org/js-yaml set size:undefined disposed:false
145 silly fetch manifest doctrine@^3.0.0
146 silly packumentCache full:https://registry.npmjs.org/doctrine cache-miss
147 http fetch GET 200 https://registry.npmjs.org/doctrine 2413ms (cache miss)
148 silly packumentCache full:https://registry.npmjs.org/doctrine set size:undefined disposed:false
149 silly fetch manifest graphemer@^1.4.0
150 silly packumentCache full:https://registry.npmjs.org/graphemer cache-miss
151 http fetch GET 200 https://registry.npmjs.org/graphemer 1824ms (cache miss)
152 silly packumentCache full:https://registry.npmjs.org/graphemer set size:undefined disposed:false
153 silly fetch manifest minimatch@^3.1.2
154 silly packumentCache full:https://registry.npmjs.org/minimatch cache-miss
155 http fetch GET 200 https://registry.npmjs.org/minimatch 638ms (cache miss)
156 silly packumentCache full:https://registry.npmjs.org/minimatch set size:undefined disposed:false
157 silly fetch manifest @eslint/js@8.57.1
158 silly packumentCache full:https://registry.npmjs.org/@eslint%2fjs cache-miss
159 http fetch GET 200 https://registry.npmjs.org/@eslint%2fjs 2781ms (cache miss)
160 silly packumentCache full:https://registry.npmjs.org/@eslint%2fjs set size:undefined disposed:false
161 silly fetch manifest optionator@^0.9.3
162 silly packumentCache full:https://registry.npmjs.org/optionator cache-miss
163 http fetch GET 200 https://registry.npmjs.org/optionator 2330ms (cache miss)
164 silly packumentCache full:https://registry.npmjs.org/optionator set size:undefined disposed:false
165 silly fetch manifest strip-ansi@^6.0.1
166 silly packumentCache full:https://registry.npmjs.org/strip-ansi cache-miss
167 http fetch GET 200 https://registry.npmjs.org/strip-ansi 2521ms (cache miss)
168 silly packumentCache full:https://registry.npmjs.org/strip-ansi set size:undefined disposed:false
169 silly fetch manifest text-table@^0.2.0
170 silly packumentCache full:https://registry.npmjs.org/text-table cache-miss
171 http fetch GET 200 https://registry.npmjs.org/text-table 2895ms (cache miss)
172 silly packumentCache full:https://registry.npmjs.org/text-table set size:undefined disposed:false
173 silly fetch manifest cross-spawn@^7.0.2
174 silly packumentCache full:https://registry.npmjs.org/cross-spawn cache-miss
175 http fetch GET 200 https://registry.npmjs.org/cross-spawn 1973ms (cache miss)
176 silly packumentCache full:https://registry.npmjs.org/cross-spawn set size:undefined disposed:false
177 silly fetch manifest glob-parent@^6.0.2
178 silly packumentCache full:https://registry.npmjs.org/glob-parent cache-miss
179 http fetch GET 200 https://registry.npmjs.org/glob-parent 2197ms (cache miss)
180 silly packumentCache full:https://registry.npmjs.org/glob-parent set size:undefined disposed:false
181 silly fetch manifest imurmurhash@^0.1.4
182 silly packumentCache full:https://registry.npmjs.org/imurmurhash cache-miss
183 http fetch GET 200 https://registry.npmjs.org/imurmurhash 996ms (cache miss)
184 silly packumentCache full:https://registry.npmjs.org/imurmurhash set size:undefined disposed:false
185 silly fetch manifest eslint-scope@^7.2.2
186 silly packumentCache full:https://registry.npmjs.org/eslint-scope cache-miss
187 http fetch GET 200 https://registry.npmjs.org/eslint-scope 1131ms (cache miss)
188 silly packumentCache full:https://registry.npmjs.org/eslint-scope set size:undefined disposed:false
189 silly fetch manifest lodash.merge@^4.6.2
190 silly packumentCache full:https://registry.npmjs.org/lodash.merge cache-miss
191 http fetch GET 200 https://registry.npmjs.org/lodash.merge 681ms (cache miss)
192 silly packumentCache full:https://registry.npmjs.org/lodash.merge set size:undefined disposed:false
193 silly fetch manifest is-path-inside@^3.0.3
194 silly packumentCache full:https://registry.npmjs.org/is-path-inside cache-miss
195 http fetch GET 200 https://registry.npmjs.org/is-path-inside 417ms (cache miss)
196 silly packumentCache full:https://registry.npmjs.org/is-path-inside set size:undefined disposed:false
197 silly fetch manifest fast-deep-equal@^3.1.3
198 silly packumentCache full:https://registry.npmjs.org/fast-deep-equal cache-miss
199 http fetch GET 200 https://registry.npmjs.org/fast-deep-equal 1351ms (cache miss)
200 silly packumentCache full:https://registry.npmjs.org/fast-deep-equal set size:undefined disposed:false
201 silly fetch manifest natural-compare@^1.4.0
202 silly packumentCache full:https://registry.npmjs.org/natural-compare cache-miss
203 http fetch GET 200 https://registry.npmjs.org/natural-compare 231ms (cache miss)
204 silly packumentCache full:https://registry.npmjs.org/natural-compare set size:undefined disposed:false
205 silly fetch manifest @eslint/eslintrc@^2.1.4
206 silly packumentCache full:https://registry.npmjs.org/@eslint%2feslintrc cache-miss
207 http fetch GET 200 https://registry.npmjs.org/@eslint%2feslintrc 1372ms (cache miss)
208 silly packumentCache full:https://registry.npmjs.org/@eslint%2feslintrc set size:undefined disposed:false
209 silly fetch manifest @nodelib/fs.walk@^1.2.8
210 silly packumentCache full:https://registry.npmjs.org/@nodelib%2ffs.walk cache-miss
211 http fetch GET 200 https://registry.npmjs.org/@nodelib%2ffs.walk 1659ms (cache miss)
212 silly packumentCache full:https://registry.npmjs.org/@nodelib%2ffs.walk set size:undefined disposed:false
213 silly fetch manifest file-entry-cache@^6.0.1
214 silly packumentCache full:https://registry.npmjs.org/file-entry-cache cache-miss
215 http fetch GET 200 https://registry.npmjs.org/file-entry-cache 1803ms (cache miss)
216 silly packumentCache full:https://registry.npmjs.org/file-entry-cache set size:undefined disposed:false
217 silly fetch manifest eslint-visitor-keys@^3.4.3
218 silly packumentCache full:https://registry.npmjs.org/eslint-visitor-keys cache-miss
219 http fetch GET 200 https://registry.npmjs.org/eslint-visitor-keys 2144ms (cache miss)
220 silly packumentCache full:https://registry.npmjs.org/eslint-visitor-keys set size:undefined disposed:false
221 silly fetch manifest escape-string-regexp@^4.0.0
222 silly packumentCache full:https://registry.npmjs.org/escape-string-regexp cache-miss
223 http fetch GET 200 https://registry.npmjs.org/escape-string-regexp 711ms (cache miss)
224 silly packumentCache full:https://registry.npmjs.org/escape-string-regexp set size:undefined disposed:false
225 silly fetch manifest @ungap/structured-clone@^1.2.0
226 silly packumentCache full:https://registry.npmjs.org/@ungap%2fstructured-clone cache-miss
227 http fetch GET 200 https://registry.npmjs.org/@ungap%2fstructured-clone 7530ms (cache miss)
228 silly packumentCache full:https://registry.npmjs.org/@ungap%2fstructured-clone set size:undefined disposed:false
229 silly fetch manifest @eslint-community/regexpp@^4.6.1
230 silly packumentCache full:https://registry.npmjs.org/@eslint-community%2fregexpp cache-miss
231 http fetch GET 200 https://registry.npmjs.org/@eslint-community%2fregexpp 717ms (cache miss)
232 silly packumentCache full:https://registry.npmjs.org/@eslint-community%2fregexpp set size:undefined disposed:false
233 silly fetch manifest @humanwhocodes/config-array@^0.13.0
234 silly packumentCache full:https://registry.npmjs.org/@humanwhocodes%2fconfig-array cache-miss
235 http fetch GET 200 https://registry.npmjs.org/@humanwhocodes%2fconfig-array 1081ms (cache miss)
236 silly packumentCache full:https://registry.npmjs.org/@humanwhocodes%2fconfig-array set size:undefined disposed:false
237 silly fetch manifest @eslint-community/eslint-utils@^4.2.0
238 silly packumentCache full:https://registry.npmjs.org/@eslint-community%2feslint-utils cache-miss
239 http fetch GET 200 https://registry.npmjs.org/@eslint-community%2feslint-utils 626ms (cache miss)
240 silly packumentCache full:https://registry.npmjs.org/@eslint-community%2feslint-utils set size:undefined disposed:false
241 silly fetch manifest @humanwhocodes/module-importer@^1.0.1
242 silly packumentCache full:https://registry.npmjs.org/@humanwhocodes%2fmodule-importer cache-miss
243 http fetch GET 200 https://registry.npmjs.org/@humanwhocodes%2fmodule-importer 1381ms (cache miss)
244 silly packumentCache full:https://registry.npmjs.org/@humanwhocodes%2fmodule-importer set size:undefined disposed:false
245 silly fetch manifest json-stable-stringify-without-jsonify@^1.0.1
246 silly packumentCache full:https://registry.npmjs.org/json-stable-stringify-without-jsonify cache-miss
247 http fetch GET 200 https://registry.npmjs.org/json-stable-stringify-without-jsonify 1065ms (cache miss)
248 silly packumentCache full:https://registry.npmjs.org/json-stable-stringify-without-jsonify set size:undefined disposed:false
249 silly fetch manifest eslint-plugin-node@^11.1.0
250 silly packumentCache full:https://registry.npmjs.org/eslint-plugin-node cache-miss
251 http fetch GET 200 https://registry.npmjs.org/eslint-plugin-node 1184ms (cache miss)
252 silly packumentCache full:https://registry.npmjs.org/eslint-plugin-node set size:undefined disposed:false
253 silly fetch manifest eslint-plugin-react@^7.32.2
254 silly packumentCache full:https://registry.npmjs.org/eslint-plugin-react cache-miss
255 http fetch GET 200 https://registry.npmjs.org/eslint-plugin-react 2456ms (cache miss)
256 silly packumentCache full:https://registry.npmjs.org/eslint-plugin-react set size:undefined disposed:false
257 silly fetch manifest eslint-plugin-import@^2.27.5
258 silly packumentCache full:https://registry.npmjs.org/eslint-plugin-import cache-miss
259 http fetch GET 200 https://registry.npmjs.org/eslint-plugin-import 5650ms (cache miss)
260 silly packumentCache full:https://registry.npmjs.org/eslint-plugin-import set size:undefined disposed:false
261 silly fetch manifest eslint-config-prettier@^8.8.0
262 silly packumentCache full:https://registry.npmjs.org/eslint-config-prettier cache-miss
263 http fetch GET 200 https://registry.npmjs.org/eslint-config-prettier 1986ms (cache miss)
264 silly packumentCache full:https://registry.npmjs.org/eslint-config-prettier set size:undefined disposed:false
265 silly fetch manifest eslint-plugin-prettier@^5.0.0
266 silly packumentCache full:https://registry.npmjs.org/eslint-plugin-prettier cache-miss
267 http fetch GET 200 https://registry.npmjs.org/eslint-plugin-prettier 1172ms (cache miss)
268 silly packumentCache full:https://registry.npmjs.org/eslint-plugin-prettier set size:undefined disposed:false
269 silly fetch manifest @typescript-eslint/parser@^6.0.0
270 silly packumentCache full:https://registry.npmjs.org/@typescript-eslint%2fparser cache-miss
271 http fetch GET 200 https://registry.npmjs.org/@typescript-eslint%2fparser 36266ms (cache miss)
272 silly packumentCache full:https://registry.npmjs.org/@typescript-eslint%2fparser set size:undefined disposed:false
273 silly fetch manifest eslint-plugin-react-hooks@^4.6.0
274 silly packumentCache full:https://registry.npmjs.org/eslint-plugin-react-hooks cache-miss
275 http fetch GET 200 https://registry.npmjs.org/eslint-plugin-react-hooks 8904ms (cache miss)
276 silly packumentCache full:https://registry.npmjs.org/eslint-plugin-react-hooks set size:undefined disposed:false
277 silly fetch manifest @typescript-eslint/eslint-plugin@^6.0.0
278 silly packumentCache full:https://registry.npmjs.org/@typescript-eslint%2feslint-plugin cache-miss
279 http fetch GET 200 https://registry.npmjs.org/@typescript-eslint%2feslint-plugin 19330ms (cache miss)
280 silly packumentCache full:https://registry.npmjs.org/@typescript-eslint%2feslint-plugin set size:undefined disposed:false
281 silly fetch manifest fontfaceobserver@^2.1.0
282 silly packumentCache full:https://registry.npmjs.org/fontfaceobserver cache-miss
283 http fetch GET 200 https://registry.npmjs.org/fontfaceobserver 3259ms (cache miss)
284 silly packumentCache full:https://registry.npmjs.org/fontfaceobserver set size:undefined disposed:false
285 silly fetch manifest glob@^7.1.7
286 silly packumentCache full:https://registry.npmjs.org/glob cache-miss
287 http fetch GET 200 https://registry.npmjs.org/glob 1994ms (cache miss)
288 silly packumentCache full:https://registry.npmjs.org/glob set size:undefined disposed:false
289 silly fetch manifest ts-jest@~29.0.4
290 silly packumentCache full:https://registry.npmjs.org/ts-jest cache-miss
291 http fetch GET 200 https://registry.npmjs.org/ts-jest 1324ms (cache miss)
292 silly packumentCache full:https://registry.npmjs.org/ts-jest set size:undefined disposed:false
293 silly fetch manifest commander@^2.19.0
294 silly packumentCache full:https://registry.npmjs.org/commander cache-miss
295 http fetch GET 200 https://registry.npmjs.org/commander 951ms (cache miss)
296 silly packumentCache full:https://registry.npmjs.org/commander set size:undefined disposed:false
297 silly fetch manifest jest-expo@~51.0.0-unreleased
298 silly packumentCache full:https://registry.npmjs.org/jest-expo cache-miss
299 http fetch GET 200 https://registry.npmjs.org/jest-expo 1874ms (cache miss)
300 silly packumentCache full:https://registry.npmjs.org/jest-expo set size:undefined disposed:false
301 silly fetch manifest @babel/cli@^7.23.4
302 silly packumentCache full:https://registry.npmjs.org/@babel%2fcli cache-miss
303 http fetch GET 200 https://registry.npmjs.org/@babel%2fcli 1816ms (cache miss)
304 silly packumentCache full:https://registry.npmjs.org/@babel%2fcli set size:undefined disposed:false
305 silly fetch manifest @types/jest@^29.2.1
306 silly packumentCache full:https://registry.npmjs.org/@types%2fjest cache-miss
307 http fetch GET 200 https://registry.npmjs.org/@types%2fjest 1130ms (cache miss)
308 silly packumentCache full:https://registry.npmjs.org/@types%2fjest set size:undefined disposed:false
309 silly fetch manifest @tsconfig/node18@^18.2.2
310 silly packumentCache full:https://registry.npmjs.org/@tsconfig%2fnode18 cache-miss
311 http fetch GET 200 https://registry.npmjs.org/@tsconfig%2fnode18 643ms (cache miss)
312 silly packumentCache full:https://registry.npmjs.org/@tsconfig%2fnode18 set size:undefined disposed:false
313 silly fetch manifest @babel/preset-env@^7.23.8
314 silly packumentCache full:https://registry.npmjs.org/@babel%2fpreset-env cache-miss
315 http fetch GET 200 https://registry.npmjs.org/@babel%2fpreset-env 1716ms (cache miss)
316 silly packumentCache full:https://registry.npmjs.org/@babel%2fpreset-env set size:undefined disposed:false
317 silly fetch manifest babel-preset-expo@~11.0.15
318 silly packumentCache full:https://registry.npmjs.org/babel-preset-expo cache-miss
319 http fetch GET 200 https://registry.npmjs.org/babel-preset-expo 1462ms (cache miss)
320 silly packumentCache full:https://registry.npmjs.org/babel-preset-expo set size:undefined disposed:false
321 silly fetch manifest @expo/npm-proofread@^1.0.1
322 silly packumentCache full:https://registry.npmjs.org/@expo%2fnpm-proofread cache-miss
323 http fetch GET 200 https://registry.npmjs.org/@expo%2fnpm-proofread 1387ms (cache miss)
324 silly packumentCache full:https://registry.npmjs.org/@expo%2fnpm-proofread set size:undefined disposed:false
325 silly fetch manifest jest-watch-typeahead@2.2.1
326 silly packumentCache full:https://registry.npmjs.org/jest-watch-typeahead cache-miss
327 http fetch GET 200 https://registry.npmjs.org/jest-watch-typeahead 637ms (cache miss)
328 silly packumentCache full:https://registry.npmjs.org/jest-watch-typeahead set size:undefined disposed:false
329 silly fetch manifest jest-snapshot-prettier@npm:prettier@^2
330 silly packumentCache full:https://registry.npmjs.org/prettier cache-miss
331 http cache https://registry.npmjs.org/prettier 29ms (cache hit)
332 silly packumentCache full:https://registry.npmjs.org/prettier set size:716664 disposed:false
333 silly fetch manifest @babel/preset-typescript@^7.23.3
334 silly packumentCache full:https://registry.npmjs.org/@babel%2fpreset-typescript cache-miss
335 http fetch GET 200 https://registry.npmjs.org/@babel%2fpreset-typescript 702ms (cache miss)
336 silly packumentCache full:https://registry.npmjs.org/@babel%2fpreset-typescript set size:undefined disposed:false
337 silly fetch manifest find-yarn-workspace-root@^2.0.0
338 silly packumentCache full:https://registry.npmjs.org/find-yarn-workspace-root cache-miss
339 http fetch GET 200 https://registry.npmjs.org/find-yarn-workspace-root 409ms (cache miss)
340 silly packumentCache full:https://registry.npmjs.org/find-yarn-workspace-root set size:undefined disposed:false
341 silly fetch manifest @testing-library/react-hooks@^7.0.1
342 silly packumentCache full:https://registry.npmjs.org/@testing-library%2freact-hooks cache-miss
343 http fetch GET 200 https://registry.npmjs.org/@testing-library%2freact-hooks 1487ms (cache miss)
344 silly packumentCache full:https://registry.npmjs.org/@testing-library%2freact-hooks set size:undefined disposed:false
345 silly fetch manifest babel-plugin-dynamic-import-node@^2.3.3
346 silly packumentCache full:https://registry.npmjs.org/babel-plugin-dynamic-import-node cache-miss
347 http fetch GET 200 https://registry.npmjs.org/babel-plugin-dynamic-import-node 254ms (cache miss)
348 silly packumentCache full:https://registry.npmjs.org/babel-plugin-dynamic-import-node set size:undefined disposed:false
349 silly fetch manifest @babel/plugin-transform-export-namespace-from@^7.23.4
350 silly packumentCache full:https://registry.npmjs.org/@babel%2fplugin-transform-export-namespace-from cache-miss
351 http fetch GET 200 https://registry.npmjs.org/@babel%2fplugin-transform-export-namespace-from 845ms (cache miss)
352 silly packumentCache full:https://registry.npmjs.org/@babel%2fplugin-transform-export-namespace-from set size:undefined disposed:false
353 silly fetch manifest expo-module-scripts@^5.0.8
354 silly packumentCache full:https://registry.npmjs.org/expo-module-scripts cache-miss
355 http cache https://registry.npmjs.org/expo-module-scripts 70ms (cache hit)
356 silly packumentCache full:https://registry.npmjs.org/expo-module-scripts set size:678314 disposed:false
357 silly fetch manifest json-schema-to-typescript@^15.0.0
358 silly packumentCache full:https://registry.npmjs.org/json-schema-to-typescript cache-miss
359 http fetch GET 200 https://registry.npmjs.org/json-schema-to-typescript 1107ms (cache miss)
360 silly packumentCache full:https://registry.npmjs.org/json-schema-to-typescript set size:undefined disposed:false
361 silly placeDep node_modules/.pnpm/@expo+config-types@54.0.10/node_modules/@expo/config-types expo-module-scripts@5.0.8 OK for: @expo/config-types@54.0.10 want: ^5.0.8
362 silly placeDep ROOT json-schema-to-typescript@15.0.4 OK for: @expo/config-types@54.0.10 want: ^15.0.0
363 silly fetch manifest glob@^13.0.0
364 silly packumentCache full:https://registry.npmjs.org/glob cache-miss
365 http cache https://registry.npmjs.org/glob 430ms (cache hit)
366 silly packumentCache full:https://registry.npmjs.org/glob set size:469465 disposed:false
367 silly fetch manifest jest-expo@~54.0.13
368 silly packumentCache full:https://registry.npmjs.org/jest-expo cache-miss
369 http cache https://registry.npmjs.org/jest-expo 74ms (cache hit)
370 silly packumentCache full:https://registry.npmjs.org/jest-expo set size:1154954 disposed:false
371 silly fetch manifest babel-preset-expo@~54.0.7
372 silly packumentCache full:https://registry.npmjs.org/babel-preset-expo cache-miss
373 http cache https://registry.npmjs.org/babel-preset-expo 152ms (cache hit)
374 silly packumentCache full:https://registry.npmjs.org/babel-preset-expo set size:1359288 disposed:false
375 silly fetch manifest eslint-config-universe@^15.0.3
376 silly packumentCache full:https://registry.npmjs.org/eslint-config-universe cache-miss
377 http cache https://registry.npmjs.org/eslint-config-universe 865ms (cache hit)
378 silly packumentCache full:https://registry.npmjs.org/eslint-config-universe set size:677936 disposed:false
379 silly fetch manifest resolve-workspace-root@^2.0.0
380 silly packumentCache full:https://registry.npmjs.org/resolve-workspace-root cache-miss
381 http fetch GET 200 https://registry.npmjs.org/resolve-workspace-root 473ms (cache miss)
382 silly packumentCache full:https://registry.npmjs.org/resolve-workspace-root set size:undefined disposed:false
383 silly fetch manifest @testing-library/react-native@^13.2.0
384 silly packumentCache full:https://registry.npmjs.org/@testing-library%2freact-native cache-miss
385 http fetch GET 200 https://registry.npmjs.org/@testing-library%2freact-native 1725ms (cache miss)
386 silly packumentCache full:https://registry.npmjs.org/@testing-library%2freact-native set size:undefined disposed:false
387 silly fetch manifest @apidevtools/json-schema-ref-parser@^11.5.5
388 silly packumentCache full:https://registry.npmjs.org/@apidevtools%2fjson-schema-ref-parser cache-miss
389 http fetch GET 200 https://registry.npmjs.org/@apidevtools%2fjson-schema-ref-parser 1176ms (cache miss)
390 silly packumentCache full:https://registry.npmjs.org/@apidevtools%2fjson-schema-ref-parser set size:undefined disposed:false
391 silly fetch manifest @types/json-schema@^7.0.15
392 silly packumentCache full:https://registry.npmjs.org/@types%2fjson-schema cache-miss
393 http fetch GET 200 https://registry.npmjs.org/@types%2fjson-schema 708ms (cache miss)
394 silly packumentCache full:https://registry.npmjs.org/@types%2fjson-schema set size:undefined disposed:false
395 silly fetch manifest @types/lodash@^4.17.7
396 silly packumentCache full:https://registry.npmjs.org/@types%2flodash cache-miss
397 http fetch GET 200 https://registry.npmjs.org/@types%2flodash 2416ms (cache miss)
398 silly packumentCache full:https://registry.npmjs.org/@types%2flodash set size:undefined disposed:false
399 silly fetch manifest is-glob@^4.0.3
400 silly packumentCache full:https://registry.npmjs.org/is-glob cache-miss
401 http cache https://registry.npmjs.org/is-glob 199ms (cache hit)
402 silly packumentCache full:https://registry.npmjs.org/is-glob set size:40530 disposed:false
403 silly fetch manifest lodash@^4.17.21
404 silly packumentCache full:https://registry.npmjs.org/lodash cache-miss
405 http fetch GET 200 https://registry.npmjs.org/lodash 3057ms (cache miss)
406 silly packumentCache full:https://registry.npmjs.org/lodash set size:undefined disposed:false
407 silly fetch manifest minimist@^1.2.8
408 silly packumentCache full:https://registry.npmjs.org/minimist cache-miss
409 http fetch GET 200 https://registry.npmjs.org/minimist 1700ms (cache miss)
410 silly packumentCache full:https://registry.npmjs.org/minimist set size:undefined disposed:false
411 silly fetch manifest prettier@^3.2.5
412 silly packumentCache full:https://registry.npmjs.org/prettier cache-hit
413 silly fetch manifest tinyglobby@^0.2.9
414 silly packumentCache full:https://registry.npmjs.org/tinyglobby cache-miss
415 http fetch GET 200 https://registry.npmjs.org/tinyglobby 626ms (cache miss)
416 silly packumentCache full:https://registry.npmjs.org/tinyglobby set size:undefined disposed:false
417 silly placeDep node_modules/.pnpm/@expo+schema-utils@0.1.8/node_modules/@expo/schema-utils expo-module-scripts@5.0.8 OK for: @expo/schema-utils@0.1.8 want: ^5.0.8
418 silly fetch manifest @jridgewell/resolve-uri-latest@npm:@jridgewell/resolve-uri@*
419 silly packumentCache full:https://registry.npmjs.org/@jridgewell%2fresolve-uri cache-miss
420 http fetch GET 200 https://registry.npmjs.org/@jridgewell%2fresolve-uri 866ms (cache miss)
421 silly packumentCache full:https://registry.npmjs.org/@jridgewell%2fresolve-uri set size:undefined disposed:false
422 silly fetch manifest @rollup/plugin-typescript@8.3.0
423 silly packumentCache full:https://registry.npmjs.org/@rollup%2fplugin-typescript cache-miss
424 http fetch GET 200 https://registry.npmjs.org/@rollup%2fplugin-typescript 1226ms (cache miss)
425 silly packumentCache full:https://registry.npmjs.org/@rollup%2fplugin-typescript set size:undefined disposed:false
426 silly fetch manifest rollup@2.66.0
427 silly packumentCache full:https://registry.npmjs.org/rollup cache-miss
428 http fetch GET 200 https://registry.npmjs.org/rollup 6458ms (cache miss)
429 silly packumentCache full:https://registry.npmjs.org/rollup set size:undefined disposed:false
430 silly fetch manifest tslib@*
431 silly packumentCache full:https://registry.npmjs.org/tslib cache-miss
432 http fetch GET 200 https://registry.npmjs.org/tslib 1066ms (cache miss)
433 silly packumentCache full:https://registry.npmjs.org/tslib set size:undefined disposed:false
434 silly fetch manifest typescript@4.5.5
435 silly packumentCache full:https://registry.npmjs.org/typescript cache-miss
436 http fetch GET 200 https://registry.npmjs.org/typescript 18053ms (cache miss)
437 silly packumentCache full:https://registry.npmjs.org/typescript set size:undefined disposed:false
438 silly fetch manifest @typescript-eslint/eslint-plugin@5.10.0
439 silly packumentCache full:https://registry.npmjs.org/@typescript-eslint%2feslint-plugin cache-miss
440 http cache https://registry.npmjs.org/@typescript-eslint%2feslint-plugin 690ms (cache hit)
441 silly packumentCache full:https://registry.npmjs.org/@typescript-eslint%2feslint-plugin set size:18503261 disposed:false
442 silly fetch manifest @typescript-eslint/parser@5.10.0
443 silly packumentCache full:https://registry.npmjs.org/@typescript-eslint%2fparser cache-miss
444 http cache https://registry.npmjs.org/@typescript-eslint%2fparser 215ms (cache hit)
445 silly packumentCache full:https://registry.npmjs.org/@typescript-eslint%2fparser set size:15608752 disposed:false
446 silly fetch manifest eslint@8.7.0
447 silly packumentCache full:https://registry.npmjs.org/eslint cache-miss
448 http cache https://registry.npmjs.org/eslint 1223ms (cache hit)
449 silly packumentCache full:https://registry.npmjs.org/eslint set size:2040662 disposed:false
450 silly fetch manifest c8@7.11.0
451 silly packumentCache full:https://registry.npmjs.org/c8 cache-miss
452 http fetch GET 200 https://registry.npmjs.org/c8 2200ms (cache miss)
453 silly packumentCache full:https://registry.npmjs.org/c8 set size:undefined disposed:false
454 silly fetch manifest eslint-config-prettier@8.3.0
455 silly packumentCache full:https://registry.npmjs.org/eslint-config-prettier cache-miss
456 http cache https://registry.npmjs.org/eslint-config-prettier 35ms (cache hit)
457 silly packumentCache full:https://registry.npmjs.org/eslint-config-prettier set size:231551 disposed:false
458 silly fetch manifest mocha@9.2.0
459 silly packumentCache full:https://registry.npmjs.org/mocha cache-miss
460 http fetch GET 200 https://registry.npmjs.org/mocha 6948ms (cache miss)
461 silly packumentCache full:https://registry.npmjs.org/mocha set size:undefined disposed:false
462 silly fetch manifest npm-run-all@4.1.5
463 silly packumentCache full:https://registry.npmjs.org/npm-run-all cache-miss
464 http fetch GET 200 https://registry.npmjs.org/npm-run-all 3510ms (cache miss)
465 silly packumentCache full:https://registry.npmjs.org/npm-run-all set size:undefined disposed:false
466 silly fetch manifest prettier@2.5.1
467 silly packumentCache full:https://registry.npmjs.org/prettier cache-hit
468 silly placeDep ROOT @jridgewell/resolve-uri-latest@3.1.2 OK for: @jridgewell/resolve-uri@3.1.2 want: npm:@jridgewell/resolve-uri@*
469 silly placeDep node_modules/.pnpm/@jridgewell+resolve-uri@3.1.2/node_modules/@jridgewell/resolve-uri @rollup/plugin-typescript@8.3.0 OK for: @jridgewell/resolve-uri@3.1.2 want: 8.3.0
470 silly placeDep ROOT rollup@2.66.0 OK for: @rollup/plugin-typescript@8.3.0 want: ^2.14.0
471 silly placeDep node_modules/.pnpm/@jridgewell+resolve-uri@3.1.2/node_modules/@jridgewell/resolve-uri @typescript-eslint/eslint-plugin@5.10.0 OK for: @jridgewell/resolve-uri@3.1.2 want: 5.10.0
472 silly placeDep node_modules/.pnpm/@jridgewell+resolve-uri@3.1.2/node_modules/@jridgewell/resolve-uri @typescript-eslint/parser@5.10.0 OK for: @typescript-eslint/eslint-plugin@5.10.0 want: ^5.0.0
473 silly placeDep ROOT c8@7.11.0 OK for: @jridgewell/resolve-uri@3.1.2 want: 7.11.0
474 silly placeDep node_modules/.pnpm/@jridgewell+resolve-uri@3.1.2/node_modules/@jridgewell/resolve-uri eslint@8.7.0 OK for: @jridgewell/resolve-uri@3.1.2 want: 8.7.0
475 silly placeDep node_modules/.pnpm/@jridgewell+resolve-uri@3.1.2/node_modules/@jridgewell/resolve-uri eslint-config-prettier@8.3.0 OK for: @jridgewell/resolve-uri@3.1.2 want: 8.3.0
476 silly placeDep ROOT mocha@9.2.0 OK for: @jridgewell/resolve-uri@3.1.2 want: 9.2.0
477 silly placeDep ROOT npm-run-all@4.1.5 OK for: @jridgewell/resolve-uri@3.1.2 want: 4.1.5
478 silly placeDep node_modules/.pnpm/@jridgewell+resolve-uri@3.1.2/node_modules/@jridgewell/resolve-uri prettier@2.5.1 OK for: @jridgewell/resolve-uri@3.1.2 want: 2.5.1
479 silly placeDep node_modules/.pnpm/@jridgewell+resolve-uri@3.1.2/node_modules/@jridgewell/resolve-uri typescript@4.5.5 OK for: @jridgewell/resolve-uri@3.1.2 want: 4.5.5
480 silly fetch manifest resolve@^1.17.0
481 silly packumentCache full:https://registry.npmjs.org/resolve cache-miss
482 http fetch GET 200 https://registry.npmjs.org/resolve 970ms (cache miss)
483 silly packumentCache full:https://registry.npmjs.org/resolve set size:undefined disposed:false
484 silly fetch manifest @rollup/pluginutils@^3.1.0
485 silly packumentCache full:https://registry.npmjs.org/@rollup%2fpluginutils cache-miss
486 http fetch GET 200 https://registry.npmjs.org/@rollup%2fpluginutils 2153ms (cache miss)
487 silly packumentCache full:https://registry.npmjs.org/@rollup%2fpluginutils set size:undefined disposed:false
488 silly fetch manifest fsevents@~2.3.2
489 silly packumentCache full:https://registry.npmjs.org/fsevents cache-miss
490 http fetch GET 200 https://registry.npmjs.org/fsevents 3062ms (cache miss)
491 silly packumentCache full:https://registry.npmjs.org/fsevents set size:undefined disposed:false
492 silly fetch manifest ignore@^5.1.8
493 silly packumentCache full:https://registry.npmjs.org/ignore cache-miss
494 http cache https://registry.npmjs.org/ignore 105ms (cache hit)
495 silly packumentCache full:https://registry.npmjs.org/ignore set size:240910 disposed:false
496 silly fetch manifest regexpp@^3.2.0
497 silly packumentCache full:https://registry.npmjs.org/regexpp cache-miss
498 http fetch GET 200 https://registry.npmjs.org/regexpp 4813ms (cache miss)
499 silly packumentCache full:https://registry.npmjs.org/regexpp set size:undefined disposed:false
500 silly fetch manifest tsutils@^3.21.0
501 silly packumentCache full:https://registry.npmjs.org/tsutils cache-miss
502 http fetch GET 200 https://registry.npmjs.org/tsutils 1116ms (cache miss)
503 silly packumentCache full:https://registry.npmjs.org/tsutils set size:undefined disposed:false
504 silly fetch manifest @typescript-eslint/utils@5.10.0
505 silly packumentCache full:https://registry.npmjs.org/@typescript-eslint%2futils cache-miss
506 http fetch GET 200 https://registry.npmjs.org/@typescript-eslint%2futils 11341ms (cache miss)
507 silly packumentCache full:https://registry.npmjs.org/@typescript-eslint%2futils set size:undefined disposed:false
508 silly fetch manifest functional-red-black-tree@^1.0.1
509 silly packumentCache full:https://registry.npmjs.org/functional-red-black-tree cache-miss
510 http fetch GET 200 https://registry.npmjs.org/functional-red-black-tree 1286ms (cache miss)
511 silly packumentCache full:https://registry.npmjs.org/functional-red-black-tree set size:undefined disposed:false
512 silly fetch manifest @typescript-eslint/type-utils@5.10.0
513 silly packumentCache full:https://registry.npmjs.org/@typescript-eslint%2ftype-utils cache-miss
514 http fetch GET 200 https://registry.npmjs.org/@typescript-eslint%2ftype-utils 11940ms (cache miss)
515 silly packumentCache full:https://registry.npmjs.org/@typescript-eslint%2ftype-utils set size:undefined disposed:false
516 silly fetch manifest @typescript-eslint/scope-manager@5.10.0
517 silly packumentCache full:https://registry.npmjs.org/@typescript-eslint%2fscope-manager cache-miss
518 http fetch GET 200 https://registry.npmjs.org/@typescript-eslint%2fscope-manager 22092ms (cache miss)
519 silly packumentCache full:https://registry.npmjs.org/@typescript-eslint%2fscope-manager set size:undefined disposed:false
520 silly fetch manifest @typescript-eslint/types@5.10.0
521 silly packumentCache full:https://registry.npmjs.org/@typescript-eslint%2ftypes cache-miss
522 http fetch GET 200 https://registry.npmjs.org/@typescript-eslint%2ftypes 29295ms (cache miss)
523 silly packumentCache full:https://registry.npmjs.org/@typescript-eslint%2ftypes set size:undefined disposed:false
524 silly fetch manifest @typescript-eslint/typescript-estree@5.10.0
525 silly packumentCache full:https://registry.npmjs.org/@typescript-eslint%2ftypescript-estree cache-miss
526 http fetch GET 200 https://registry.npmjs.org/@typescript-eslint%2ftypescript-estree 30154ms (cache miss)
527 silly packumentCache full:https://registry.npmjs.org/@typescript-eslint%2ftypescript-estree set size:undefined disposed:false
528 silly fetch manifest yargs@^16.2.0
529 silly packumentCache full:https://registry.npmjs.org/yargs cache-miss
530 http fetch GET 200 https://registry.npmjs.org/yargs 2148ms (cache miss)
531 silly packumentCache full:https://registry.npmjs.org/yargs set size:undefined disposed:false
532 silly fetch manifest rimraf@^3.0.0
533 silly packumentCache full:https://registry.npmjs.org/rimraf cache-miss
534 http fetch GET 200 https://registry.npmjs.org/rimraf 925ms (cache miss)
535 silly packumentCache full:https://registry.npmjs.org/rimraf set size:undefined disposed:false
536 silly fetch manifest test-exclude@^6.0.0
537 silly packumentCache full:https://registry.npmjs.org/test-exclude cache-miss
538 http fetch GET 200 https://registry.npmjs.org/test-exclude 1271ms (cache miss)
539 silly packumentCache full:https://registry.npmjs.org/test-exclude set size:undefined disposed:false
540 silly fetch manifest yargs-parser@^20.2.7
541 silly packumentCache full:https://registry.npmjs.org/yargs-parser cache-miss
542 http fetch GET 200 https://registry.npmjs.org/yargs-parser 1132ms (cache miss)
543 silly packumentCache full:https://registry.npmjs.org/yargs-parser set size:undefined disposed:false
544 silly fetch manifest v8-to-istanbul@^8.0.0
545 silly packumentCache full:https://registry.npmjs.org/v8-to-istanbul cache-miss
546 http fetch GET 200 https://registry.npmjs.org/v8-to-istanbul 874ms (cache miss)
547 silly packumentCache full:https://registry.npmjs.org/v8-to-istanbul set size:undefined disposed:false
548 silly fetch manifest foreground-child@^2.0.0
549 silly packumentCache full:https://registry.npmjs.org/foreground-child cache-miss
550 http fetch GET 200 https://registry.npmjs.org/foreground-child 1382ms (cache miss)
551 silly packumentCache full:https://registry.npmjs.org/foreground-child set size:undefined disposed:false
552 silly fetch manifest istanbul-reports@^3.0.2
553 silly packumentCache full:https://registry.npmjs.org/istanbul-reports cache-miss
554 http fetch GET 200 https://registry.npmjs.org/istanbul-reports 2116ms (cache miss)
555 silly packumentCache full:https://registry.npmjs.org/istanbul-reports set size:undefined disposed:false
556 silly fetch manifest @bcoe/v8-coverage@^0.2.3
557 silly packumentCache full:https://registry.npmjs.org/@bcoe%2fv8-coverage cache-miss
558 http fetch GET 200 https://registry.npmjs.org/@bcoe%2fv8-coverage 286ms (cache miss)
559 silly packumentCache full:https://registry.npmjs.org/@bcoe%2fv8-coverage set size:undefined disposed:false
560 silly fetch manifest @istanbuljs/schema@^0.1.2
561 silly packumentCache full:https://registry.npmjs.org/@istanbuljs%2fschema cache-miss
562 http fetch GET 200 https://registry.npmjs.org/@istanbuljs%2fschema 302ms (cache miss)
563 silly packumentCache full:https://registry.npmjs.org/@istanbuljs%2fschema set size:undefined disposed:false
564 silly fetch manifest istanbul-lib-report@^3.0.0
565 silly packumentCache full:https://registry.npmjs.org/istanbul-lib-report cache-miss
566 http fetch GET 200 https://registry.npmjs.org/istanbul-lib-report 1577ms (cache miss)
567 silly packumentCache full:https://registry.npmjs.org/istanbul-lib-report set size:undefined disposed:false
568 silly fetch manifest istanbul-lib-coverage@^3.0.1
569 silly packumentCache full:https://registry.npmjs.org/istanbul-lib-coverage cache-miss
570 http fetch GET 200 https://registry.npmjs.org/istanbul-lib-coverage 535ms (cache miss)
571 silly packumentCache full:https://registry.npmjs.org/istanbul-lib-coverage set size:undefined disposed:false
572 silly fetch manifest ajv@^6.10.0
573 silly packumentCache full:https://registry.npmjs.org/ajv cache-miss
574 http fetch GET 200 https://registry.npmjs.org/ajv 339ms (cache revalidated)
575 silly packumentCache full:https://registry.npmjs.org/ajv set size:1142658 disposed:false
576 silly fetch manifest espree@^9.3.0
577 silly packumentCache full:https://registry.npmjs.org/espree cache-miss
578 http fetch GET 200 https://registry.npmjs.org/espree 186ms (cache revalidated)
579 silly packumentCache full:https://registry.npmjs.org/espree set size:326080 disposed:false
580 silly fetch manifest esquery@^1.4.0
581 silly packumentCache full:https://registry.npmjs.org/esquery cache-miss
582 http fetch GET 200 https://registry.npmjs.org/esquery 160ms (cache revalidated)
583 silly packumentCache full:https://registry.npmjs.org/esquery set size:48888 disposed:false
584 silly fetch manifest globals@^13.6.0
585 silly packumentCache full:https://registry.npmjs.org/globals cache-miss
586 http fetch GET 200 https://registry.npmjs.org/globals 215ms (cache revalidated)
587 silly packumentCache full:https://registry.npmjs.org/globals set size:327383 disposed:false
588 silly fetch manifest minimatch@^3.0.4
589 silly packumentCache full:https://registry.npmjs.org/minimatch cache-miss
590 http fetch GET 200 https://registry.npmjs.org/minimatch 950ms (cache revalidated)
591 silly packumentCache full:https://registry.npmjs.org/minimatch set size:377924 disposed:false
592 silly fetch manifest optionator@^0.9.1
593 silly packumentCache full:https://registry.npmjs.org/optionator cache-miss
594 http fetch GET 200 https://registry.npmjs.org/optionator 212ms (cache revalidated)
595 silly packumentCache full:https://registry.npmjs.org/optionator set size:49651 disposed:false
596 silly fetch manifest glob-parent@^6.0.1
597 silly packumentCache full:https://registry.npmjs.org/glob-parent cache-miss
598 http fetch GET 200 https://registry.npmjs.org/glob-parent 219ms (cache revalidated)
599 silly packumentCache full:https://registry.npmjs.org/glob-parent set size:42445 disposed:false
600 silly fetch manifest eslint-scope@^7.1.0
601 silly packumentCache full:https://registry.npmjs.org/eslint-scope cache-miss
602 http fetch GET 200 https://registry.npmjs.org/eslint-scope 236ms (cache revalidated)
603 silly packumentCache full:https://registry.npmjs.org/eslint-scope set size:98867 disposed:false
604 silly fetch manifest eslint-utils@^3.0.0
605 silly packumentCache full:https://registry.npmjs.org/eslint-utils cache-miss
606 http fetch GET 200 https://registry.npmjs.org/eslint-utils 621ms (cache miss)
607 silly packumentCache full:https://registry.npmjs.org/eslint-utils set size:undefined disposed:false
608 silly fetch manifest import-fresh@^3.0.0
609 silly packumentCache full:https://registry.npmjs.org/import-fresh cache-miss
610 http fetch GET 200 https://registry.npmjs.org/import-fresh 337ms (cache miss)
611 silly packumentCache full:https://registry.npmjs.org/import-fresh set size:undefined disposed:false
612 silly fetch manifest @eslint/eslintrc@^1.0.5
613 silly packumentCache full:https://registry.npmjs.org/@eslint%2feslintrc cache-miss
614 http fetch GET 200 https://registry.npmjs.org/@eslint%2feslintrc 232ms (cache revalidated)
615 silly packumentCache full:https://registry.npmjs.org/@eslint%2feslintrc set size:171352 disposed:false
616 silly fetch manifest v8-compile-cache@^2.0.3
617 silly packumentCache full:https://registry.npmjs.org/v8-compile-cache cache-miss
618 http fetch GET 200 https://registry.npmjs.org/v8-compile-cache 509ms (cache miss)
619 silly packumentCache full:https://registry.npmjs.org/v8-compile-cache set size:undefined disposed:false
620 silly fetch manifest eslint-visitor-keys@^3.2.0
621 silly packumentCache full:https://registry.npmjs.org/eslint-visitor-keys cache-miss
622 http fetch GET 200 https://registry.npmjs.org/eslint-visitor-keys 195ms (cache revalidated)
623 silly packumentCache full:https://registry.npmjs.org/eslint-visitor-keys set size:69949 disposed:false
624 silly fetch manifest strip-json-comments@^3.1.0
625 silly packumentCache full:https://registry.npmjs.org/strip-json-comments cache-miss
626 http fetch GET 200 https://registry.npmjs.org/strip-json-comments 1141ms (cache miss)
627 silly packumentCache full:https://registry.npmjs.org/strip-json-comments set size:undefined disposed:false
628 silly fetch manifest @humanwhocodes/config-array@^0.9.2
629 silly packumentCache full:https://registry.npmjs.org/@humanwhocodes%2fconfig-array cache-miss
630 http fetch GET 200 https://registry.npmjs.org/@humanwhocodes%2fconfig-array 202ms (cache revalidated)
631 silly packumentCache full:https://registry.npmjs.org/@humanwhocodes%2fconfig-array set size:139493 disposed:false
632 silly fetch manifest he@1.2.0
633 silly packumentCache full:https://registry.npmjs.org/he cache-miss
634 http fetch GET 200 https://registry.npmjs.org/he 733ms (cache miss)
635 silly packumentCache full:https://registry.npmjs.org/he set size:undefined disposed:false
636 silly fetch manifest ms@2.1.3
637 silly packumentCache full:https://registry.npmjs.org/ms cache-miss
638 http fetch GET 200 https://registry.npmjs.org/ms 1182ms (cache miss)
639 silly packumentCache full:https://registry.npmjs.org/ms set size:undefined disposed:false
640 silly fetch manifest diff@5.0.0
641 silly packumentCache full:https://registry.npmjs.org/diff cache-miss
642 http fetch GET 200 https://registry.npmjs.org/diff 1282ms (cache miss)
643 silly packumentCache full:https://registry.npmjs.org/diff set size:undefined disposed:false
644 silly fetch manifest glob@7.2.0
645 silly packumentCache full:https://registry.npmjs.org/glob cache-hit
646 silly fetch manifest debug@4.3.3
647 silly packumentCache full:https://registry.npmjs.org/debug cache-miss
648 http fetch GET 200 https://registry.npmjs.org/debug 223ms (cache revalidated)
649 silly packumentCache full:https://registry.npmjs.org/debug set size:195840 disposed:false
650 silly fetch manifest growl@1.10.5
651 silly packumentCache full:https://registry.npmjs.org/growl cache-miss
652 http fetch GET 200 https://registry.npmjs.org/growl 590ms (cache miss)
653 silly packumentCache full:https://registry.npmjs.org/growl set size:undefined disposed:false
654 silly fetch manifest which@2.0.2
655 silly packumentCache full:https://registry.npmjs.org/which cache-miss
656 http fetch GET 200 https://registry.npmjs.org/which 810ms (cache miss)
657 silly packumentCache full:https://registry.npmjs.org/which set size:undefined disposed:false
658 silly fetch manifest yargs@16.2.0
659 silly packumentCache full:https://registry.npmjs.org/yargs cache-miss
660 http cache https://registry.npmjs.org/yargs 14ms (cache hit)
661 silly packumentCache full:https://registry.npmjs.org/yargs set size:759965 disposed:false
662 silly fetch manifest nanoid@3.2.0
663 silly packumentCache full:https://registry.npmjs.org/nanoid cache-miss
664 http fetch GET 200 https://registry.npmjs.org/nanoid 4108ms (cache miss)
665 silly packumentCache full:https://registry.npmjs.org/nanoid set size:undefined disposed:false
666 silly fetch manifest find-up@5.0.0
667 silly packumentCache full:https://registry.npmjs.org/find-up cache-miss
668 http fetch GET 200 https://registry.npmjs.org/find-up 183ms (cache revalidated)
669 silly packumentCache full:https://registry.npmjs.org/find-up set size:42620 disposed:false
670 silly fetch manifest js-yaml@4.1.0
671 silly packumentCache full:https://registry.npmjs.org/js-yaml cache-miss
672 http fetch GET 200 https://registry.npmjs.org/js-yaml 234ms (cache revalidated)
673 silly packumentCache full:https://registry.npmjs.org/js-yaml set size:184624 disposed:false
674 silly fetch manifest chokidar@3.5.3
675 silly packumentCache full:https://registry.npmjs.org/chokidar cache-miss
676 http fetch GET 200 https://registry.npmjs.org/chokidar 4197ms (cache miss)
677 silly packumentCache full:https://registry.npmjs.org/chokidar set size:undefined disposed:false
678 silly fetch manifest minimatch@3.0.4
679 silly packumentCache full:https://registry.npmjs.org/minimatch cache-hit
680 silly fetch manifest workerpool@6.2.0
681 silly packumentCache full:https://registry.npmjs.org/workerpool cache-miss
682 http fetch GET 200 https://registry.npmjs.org/workerpool 3169ms (cache miss)
683 silly packumentCache full:https://registry.npmjs.org/workerpool set size:undefined disposed:false
684 silly fetch manifest ansi-colors@4.1.1
685 silly packumentCache full:https://registry.npmjs.org/ansi-colors cache-miss
686 http fetch GET 200 https://registry.npmjs.org/ansi-colors 2546ms (cache miss)
687 silly packumentCache full:https://registry.npmjs.org/ansi-colors set size:undefined disposed:false
688 silly fetch manifest log-symbols@4.1.0
689 silly packumentCache full:https://registry.npmjs.org/log-symbols cache-miss
690 http fetch GET 200 https://registry.npmjs.org/log-symbols 754ms (cache miss)
691 silly packumentCache full:https://registry.npmjs.org/log-symbols set size:undefined disposed:false
692 silly fetch manifest yargs-parser@20.2.4
693 silly packumentCache full:https://registry.npmjs.org/yargs-parser cache-miss
694 http cache https://registry.npmjs.org/yargs-parser 27ms (cache hit)
695 silly packumentCache full:https://registry.npmjs.org/yargs-parser set size:238630 disposed:false
696 silly fetch manifest browser-stdout@1.3.1
697 silly packumentCache full:https://registry.npmjs.org/browser-stdout cache-miss
698 http fetch GET 200 https://registry.npmjs.org/browser-stdout 383ms (cache miss)
699 silly packumentCache full:https://registry.npmjs.org/browser-stdout set size:undefined disposed:false
700 silly fetch manifest supports-color@8.1.1
701 silly packumentCache full:https://registry.npmjs.org/supports-color cache-miss
702 http fetch GET 200 https://registry.npmjs.org/supports-color 2462ms (cache miss)
703 silly packumentCache full:https://registry.npmjs.org/supports-color set size:undefined disposed:false
704 silly fetch manifest yargs-unparser@2.0.0
705 silly packumentCache full:https://registry.npmjs.org/yargs-unparser cache-miss
706 http fetch GET 200 https://registry.npmjs.org/yargs-unparser 835ms (cache miss)
707 silly packumentCache full:https://registry.npmjs.org/yargs-unparser set size:undefined disposed:false
708 silly fetch manifest strip-json-comments@3.1.1
709 silly packumentCache full:https://registry.npmjs.org/strip-json-comments cache-miss
710 http cache https://registry.npmjs.org/strip-json-comments 18ms (cache hit)
711 silly packumentCache full:https://registry.npmjs.org/strip-json-comments set size:43569 disposed:false
712 silly fetch manifest escape-string-regexp@4.0.0
713 silly packumentCache full:https://registry.npmjs.org/escape-string-regexp cache-miss
714 http fetch GET 200 https://registry.npmjs.org/escape-string-regexp 219ms (cache revalidated)
715 silly packumentCache full:https://registry.npmjs.org/escape-string-regexp set size:22244 disposed:false
716 silly fetch manifest serialize-javascript@6.0.0
717 silly packumentCache full:https://registry.npmjs.org/serialize-javascript cache-miss
718 http fetch GET 200 https://registry.npmjs.org/serialize-javascript 1817ms (cache miss)
719 silly packumentCache full:https://registry.npmjs.org/serialize-javascript set size:undefined disposed:false
720 silly fetch manifest @ungap/promise-all-settled@1.1.2
721 silly packumentCache full:https://registry.npmjs.org/@ungap%2fpromise-all-settled cache-miss
722 http fetch GET 200 https://registry.npmjs.org/@ungap%2fpromise-all-settled 513ms (cache miss)
723 silly packumentCache full:https://registry.npmjs.org/@ungap%2fpromise-all-settled set size:undefined disposed:false
724 silly fetch manifest chalk@^2.4.1
725 silly packumentCache full:https://registry.npmjs.org/chalk cache-miss
726 http fetch GET 200 https://registry.npmjs.org/chalk 330ms (cache revalidated)
727 silly packumentCache full:https://registry.npmjs.org/chalk set size:134775 disposed:false
728 silly fetch manifest pidtree@^0.3.0
729 silly packumentCache full:https://registry.npmjs.org/pidtree cache-miss
730 http fetch GET 200 https://registry.npmjs.org/pidtree 613ms (cache miss)
731 silly packumentCache full:https://registry.npmjs.org/pidtree set size:undefined disposed:false
732 silly fetch manifest read-pkg@^3.0.0
733 silly packumentCache full:https://registry.npmjs.org/read-pkg cache-miss
734 http fetch GET 200 https://registry.npmjs.org/read-pkg 1394ms (cache miss)
735 silly packumentCache full:https://registry.npmjs.org/read-pkg set size:undefined disposed:false
736 silly fetch manifest ansi-styles@^3.2.1
737 silly packumentCache full:https://registry.npmjs.org/ansi-styles cache-miss
738 http fetch GET 200 https://registry.npmjs.org/ansi-styles 1677ms (cache miss)
739 silly packumentCache full:https://registry.npmjs.org/ansi-styles set size:undefined disposed:false
740 silly fetch manifest cross-spawn@^6.0.5
741 silly packumentCache full:https://registry.npmjs.org/cross-spawn cache-miss
742 http fetch GET 200 https://registry.npmjs.org/cross-spawn 754ms (cache revalidated)
743 silly packumentCache full:https://registry.npmjs.org/cross-spawn set size:109066 disposed:false
744 silly fetch manifest shell-quote@^1.6.1
745 silly packumentCache full:https://registry.npmjs.org/shell-quote cache-miss
746 http fetch GET 200 https://registry.npmjs.org/shell-quote 1023ms (cache miss)
747 silly packumentCache full:https://registry.npmjs.org/shell-quote set size:undefined disposed:false
748 silly fetch manifest memorystream@^0.3.1
749 silly packumentCache full:https://registry.npmjs.org/memorystream cache-miss
750 http fetch GET 200 https://registry.npmjs.org/memorystream 410ms (cache miss)
751 silly packumentCache full:https://registry.npmjs.org/memorystream set size:undefined disposed:false
752 silly fetch manifest string.prototype.padend@^3.0.0
753 silly packumentCache full:https://registry.npmjs.org/string.prototype.padend cache-miss
754 http fetch GET 200 https://registry.npmjs.org/string.prototype.padend 509ms (cache miss)
755 silly packumentCache full:https://registry.npmjs.org/string.prototype.padend set size:undefined disposed:false
756 silly fetch manifest @actions/core@^1.10.0
757 silly packumentCache full:https://registry.npmjs.org/@actions%2fcore cache-miss
758 http fetch GET 200 https://registry.npmjs.org/@actions%2fcore 1547ms (cache miss)
759 silly packumentCache full:https://registry.npmjs.org/@actions%2fcore set size:undefined disposed:false
760 silly fetch manifest @actions/github@^5.1.1
761 silly packumentCache full:https://registry.npmjs.org/@actions%2fgithub cache-miss
762 http fetch GET 200 https://registry.npmjs.org/@actions%2fgithub 1018ms (cache miss)
763 silly packumentCache full:https://registry.npmjs.org/@actions%2fgithub set size:undefined disposed:false
764 silly fetch manifest @changesets/cli@^2.27.1
765 silly packumentCache full:https://registry.npmjs.org/@changesets%2fcli cache-miss
766 http fetch GET 200 https://registry.npmjs.org/@changesets%2fcli 2744ms (cache miss)
767 silly packumentCache full:https://registry.npmjs.org/@changesets%2fcli set size:undefined disposed:false
768 silly fetch manifest @changesets/get-github-info@^0.6.0
769 silly packumentCache full:https://registry.npmjs.org/@changesets%2fget-github-info cache-miss
770 http fetch GET 200 https://registry.npmjs.org/@changesets%2fget-github-info 1112ms (cache miss)
771 silly packumentCache full:https://registry.npmjs.org/@changesets%2fget-github-info set size:undefined disposed:false
772 silly fetch manifest @rollup/plugin-babel@^6.0.4
773 silly packumentCache full:https://registry.npmjs.org/@rollup%2fplugin-babel cache-miss
774 http fetch GET 200 https://registry.npmjs.org/@rollup%2fplugin-babel 1060ms (cache miss)
775 silly packumentCache full:https://registry.npmjs.org/@rollup%2fplugin-babel set size:undefined disposed:false
776 silly fetch manifest @babel/core@^7.0.0
777 silly packumentCache full:https://registry.npmjs.org/@babel%2fcore cache-miss
778 http fetch GET 200 https://registry.npmjs.org/@babel%2fcore 4622ms (cache miss)
779 silly packumentCache full:https://registry.npmjs.org/@babel%2fcore set size:undefined disposed:false
780 silly fetch manifest @types/babel__core@^7.1.9
781 silly packumentCache full:https://registry.npmjs.org/@types%2fbabel__core cache-miss
782 http fetch GET 200 https://registry.npmjs.org/@types%2fbabel__core 1339ms (cache miss)
783 silly packumentCache full:https://registry.npmjs.org/@types%2fbabel__core set size:undefined disposed:false
784 silly fetch manifest rollup@^4.9.6
785 silly packumentCache full:https://registry.npmjs.org/rollup cache-miss
786 http cache https://registry.npmjs.org/rollup 116ms (cache hit)
787 silly packumentCache full:https://registry.npmjs.org/rollup set size:6278661 disposed:false
788 silly fetch manifest @rollup/plugin-commonjs@^25.0.7
789 silly packumentCache full:https://registry.npmjs.org/@rollup%2fplugin-commonjs cache-miss
790 http fetch GET 200 https://registry.npmjs.org/@rollup%2fplugin-commonjs 4870ms (cache miss)
791 silly packumentCache full:https://registry.npmjs.org/@rollup%2fplugin-commonjs set size:undefined disposed:false
792 silly fetch manifest @rollup/plugin-node-resolve@^15.2.3
793 silly packumentCache full:https://registry.npmjs.org/@rollup%2fplugin-node-resolve cache-miss
794 http fetch GET 200 https://registry.npmjs.org/@rollup%2fplugin-node-resolve 1793ms (cache miss)
795 silly packumentCache full:https://registry.npmjs.org/@rollup%2fplugin-node-resolve set size:undefined disposed:false
796 silly fetch manifest @rollup/plugin-terser@^0.4.4
797 silly packumentCache full:https://registry.npmjs.org/@rollup%2fplugin-terser cache-miss
798 http fetch GET 200 https://registry.npmjs.org/@rollup%2fplugin-terser 1155ms (cache miss)
799 silly packumentCache full:https://registry.npmjs.org/@rollup%2fplugin-terser set size:undefined disposed:false
800 silly fetch manifest @typescript-eslint/eslint-plugin@^6.20.0
801 silly packumentCache full:https://registry.npmjs.org/@typescript-eslint%2feslint-plugin cache-miss
802 http cache https://registry.npmjs.org/@typescript-eslint%2feslint-plugin 133ms (cache hit)
803 silly packumentCache full:https://registry.npmjs.org/@typescript-eslint%2feslint-plugin set size:18503261 disposed:false
804 silly fetch manifest @typescript-eslint/parser@^6.20.0
805 silly packumentCache full:https://registry.npmjs.org/@typescript-eslint%2fparser cache-miss
806 http fetch GET 200 https://registry.npmjs.org/@typescript-eslint%2fparser 321ms (cache revalidated)
807 silly packumentCache full:https://registry.npmjs.org/@typescript-eslint%2fparser set size:15608752 disposed:false
808 silly fetch manifest @vitest/coverage-v8@^1.2.2
809 silly packumentCache full:https://registry.npmjs.org/@vitest%2fcoverage-v8 cache-miss
810 http fetch GET 200 https://registry.npmjs.org/@vitest%2fcoverage-v8 2257ms (cache miss)
811 silly packumentCache full:https://registry.npmjs.org/@vitest%2fcoverage-v8 set size:undefined disposed:false
812 silly fetch manifest vitest@^1.2.2
813 silly packumentCache full:https://registry.npmjs.org/vitest cache-miss
814 http fetch GET 200 https://registry.npmjs.org/vitest 16246ms (cache miss)
815 silly packumentCache full:https://registry.npmjs.org/vitest set size:undefined disposed:false
816 silly fetch manifest @edge-runtime/vm@*
817 silly packumentCache full:https://registry.npmjs.org/@edge-runtime%2fvm cache-miss
818 http fetch GET 200 https://registry.npmjs.org/@edge-runtime%2fvm 2455ms (cache miss)
819 silly packumentCache full:https://registry.npmjs.org/@edge-runtime%2fvm set size:undefined disposed:false
820 silly fetch manifest @types/node@^18.0.0 || >=20.0.0
821 silly packumentCache full:https://registry.npmjs.org/@types%2fnode cache-miss
822 http fetch GET 200 https://registry.npmjs.org/@types%2fnode 32656ms (cache miss)
823 silly packumentCache full:https://registry.npmjs.org/@types%2fnode set size:undefined disposed:false
824 silly fetch manifest @vitest/browser@1.6.1
825 silly packumentCache full:https://registry.npmjs.org/@vitest%2fbrowser cache-miss
826 http fetch GET 200 https://registry.npmjs.org/@vitest%2fbrowser 2547ms (cache miss)
827 silly packumentCache full:https://registry.npmjs.org/@vitest%2fbrowser set size:undefined disposed:false
828 silly fetch manifest playwright@*
829 silly packumentCache full:https://registry.npmjs.org/playwright cache-miss
830 http fetch GET 200 https://registry.npmjs.org/playwright 56673ms (cache miss)
831 silly packumentCache full:https://registry.npmjs.org/playwright set size:undefined disposed:false
832 silly fetch manifest webdriverio@*
833 silly packumentCache full:https://registry.npmjs.org/webdriverio cache-miss
834 http fetch GET 200 https://registry.npmjs.org/webdriverio 10490ms (cache miss)
835 silly packumentCache full:https://registry.npmjs.org/webdriverio set size:undefined disposed:false
836 silly fetch manifest puppeteer-core@>=22.x || <=24.x
837 silly packumentCache full:https://registry.npmjs.org/puppeteer-core cache-miss
838 http fetch GET 200 https://registry.npmjs.org/puppeteer-core 6968ms (cache miss)
839 silly packumentCache full:https://registry.npmjs.org/puppeteer-core set size:undefined disposed:false
840 silly fetch manifest @vitest/ui@1.6.1
841 silly packumentCache full:https://registry.npmjs.org/@vitest%2fui cache-miss
842 http fetch GET 200 https://registry.npmjs.org/@vitest%2fui 4396ms (cache miss)
843 silly packumentCache full:https://registry.npmjs.org/@vitest%2fui set size:undefined disposed:false
844 silly fetch manifest happy-dom@*
845 silly packumentCache full:https://registry.npmjs.org/happy-dom cache-miss
846 http fetch GET 200 https://registry.npmjs.org/happy-dom 9714ms (cache miss)
847 silly packumentCache full:https://registry.npmjs.org/happy-dom set size:undefined disposed:false
848 silly fetch manifest jsdom@*
849 silly packumentCache full:https://registry.npmjs.org/jsdom cache-miss
850 http fetch GET 200 https://registry.npmjs.org/jsdom 4491ms (cache miss)
851 silly packumentCache full:https://registry.npmjs.org/jsdom set size:undefined disposed:false
852 silly fetch manifest canvas@^3.0.0
853 silly packumentCache full:https://registry.npmjs.org/canvas cache-miss
854 http fetch GET 200 https://registry.npmjs.org/canvas 1425ms (cache miss)
855 silly packumentCache full:https://registry.npmjs.org/canvas set size:undefined disposed:false
856 silly fetch manifest eslint-config-prettier@^9.1.0
857 silly packumentCache full:https://registry.npmjs.org/eslint-config-prettier cache-hit
858 silly fetch manifest eslint-plugin-prettier@^5.1.3
859 silly packumentCache full:https://registry.npmjs.org/eslint-plugin-prettier cache-miss
860 http fetch GET 200 https://registry.npmjs.org/eslint-plugin-prettier 271ms (cache revalidated)
861 silly packumentCache full:https://registry.npmjs.org/eslint-plugin-prettier set size:192534 disposed:false
862 silly fetch manifest @types/eslint@>=8.0.0
863 silly packumentCache full:https://registry.npmjs.org/@types%2feslint cache-miss
864 http fetch GET 200 https://registry.npmjs.org/@types%2feslint 1321ms (cache miss)
865 silly packumentCache full:https://registry.npmjs.org/@types%2feslint set size:undefined disposed:false
866 silly fetch manifest prettier@^3.2.4
867 silly packumentCache full:https://registry.npmjs.org/prettier cache-hit
868 silly fetch manifest eslint-plugin-tsdoc@^0.2.17
869 silly packumentCache full:https://registry.npmjs.org/eslint-plugin-tsdoc cache-miss
870 http fetch GET 200 https://registry.npmjs.org/eslint-plugin-tsdoc 1011ms (cache miss)
871 silly packumentCache full:https://registry.npmjs.org/eslint-plugin-tsdoc set size:undefined disposed:false
872 silly fetch manifest husky-v4@^4.3.8
873 silly packumentCache full:https://registry.npmjs.org/husky-v4 cache-miss
874 http fetch GET 200 https://registry.npmjs.org/husky-v4 1889ms (cache miss)
875 silly packumentCache full:https://registry.npmjs.org/husky-v4 set size:undefined disposed:false
876 silly fetch manifest jsr@^0.12.1
877 silly packumentCache full:https://registry.npmjs.org/jsr cache-miss
878 http fetch GET 200 https://registry.npmjs.org/jsr 1740ms (cache miss)
879 silly packumentCache full:https://registry.npmjs.org/jsr set size:undefined disposed:false
880 silly fetch manifest lint-staged@^15.2.0
881 silly packumentCache full:https://registry.npmjs.org/lint-staged cache-miss
882 http fetch GET 200 https://registry.npmjs.org/lint-staged 6727ms (cache miss)
883 silly packumentCache full:https://registry.npmjs.org/lint-staged set size:undefined disposed:false
884 silly fetch manifest rimraf@^5.0.5
885 silly packumentCache full:https://registry.npmjs.org/rimraf cache-miss
886 http cache https://registry.npmjs.org/rimraf 145ms (cache hit)
887 silly packumentCache full:https://registry.npmjs.org/rimraf set size:212626 disposed:false
888 silly fetch manifest rollup-plugin-cjs-check@^1.0.3
889 silly packumentCache full:https://registry.npmjs.org/rollup-plugin-cjs-check cache-miss
890 http fetch GET 200 https://registry.npmjs.org/rollup-plugin-cjs-check 1198ms (cache miss)
891 silly packumentCache full:https://registry.npmjs.org/rollup-plugin-cjs-check set size:undefined disposed:false
892 silly fetch manifest rollup-plugin-dts@^6.1.0
893 silly packumentCache full:https://registry.npmjs.org/rollup-plugin-dts cache-miss
894 http fetch GET 200 https://registry.npmjs.org/rollup-plugin-dts 2264ms (cache miss)
895 silly packumentCache full:https://registry.npmjs.org/rollup-plugin-dts set size:undefined disposed:false
896 silly fetch manifest @typescript/typescript6@^6
897 silly packumentCache full:https://registry.npmjs.org/@typescript%2ftypescript6 cache-miss
898 http fetch GET 200 https://registry.npmjs.org/@typescript%2ftypescript6 409ms (cache miss)
899 silly packumentCache full:https://registry.npmjs.org/@typescript%2ftypescript6 set size:undefined disposed:false
900 silly fetch manifest typescript@^5.3.3
901 silly packumentCache full:https://registry.npmjs.org/typescript cache-miss
902 http fetch GET 200 https://registry.npmjs.org/typescript 468ms (cache revalidated)
903 silly packumentCache full:https://registry.npmjs.org/typescript set size:15509764 disposed:false
904 silly fetch manifest graphql15@npm:graphql@^15.8.0
905 silly packumentCache full:https://registry.npmjs.org/graphql cache-miss
906 http fetch GET 200 https://registry.npmjs.org/graphql 8269ms (cache miss)
907 silly packumentCache full:https://registry.npmjs.org/graphql set size:undefined disposed:false
908 silly fetch manifest graphql16@npm:graphql@^16.8.1
909 silly packumentCache full:https://registry.npmjs.org/graphql cache-miss
910 http cache https://registry.npmjs.org/graphql 1176ms (cache hit)
911 silly packumentCache full:https://registry.npmjs.org/graphql set size:886172 disposed:false
912 silly fetch manifest graphql17@npm:graphql@^17.0.0-alpha.3
913 silly packumentCache full:https://registry.npmjs.org/graphql cache-hit
914 silly placeDep ROOT @actions/core@1.11.1 OK for: @0no-co/graphql.web@1.2.0 want: ^1.10.0
915 silly placeDep ROOT @actions/github@5.1.1 OK for: @0no-co/graphql.web@1.2.0 want: ^5.1.1
916 silly placeDep ROOT @changesets/cli@2.31.1 OK for: @0no-co/graphql.web@1.2.0 want: ^2.27.1
917 silly placeDep ROOT @changesets/get-github-info@0.6.0 OK for: @0no-co/graphql.web@1.2.0 want: ^0.6.0
918 silly placeDep node_modules/.pnpm/@0no-co+graphql.web@1.2.0/node_modules/@0no-co/graphql.web @rollup/plugin-babel@6.1.0 OK for: @0no-co/graphql.web@1.2.0 want: ^6.0.4
919 silly placeDep node_modules/.pnpm/@0no-co+graphql.web@1.2.0/node_modules/@0no-co/graphql.web @rollup/plugin-commonjs@25.0.8 OK for: @0no-co/graphql.web@1.2.0 want: ^25.0.7
920 silly placeDep node_modules/.pnpm/@0no-co+graphql.web@1.2.0/node_modules/@0no-co/graphql.web rollup@4.62.4 OK for: @rollup/plugin-commonjs@25.0.8 want: ^2.68.0||^3.0.0||^4.0.0
921 silly placeDep node_modules/.pnpm/@0no-co+graphql.web@1.2.0/node_modules/@0no-co/graphql.web @rollup/plugin-node-resolve@15.3.1 OK for: @0no-co/graphql.web@1.2.0 want: ^15.2.3
922 silly placeDep node_modules/.pnpm/@0no-co+graphql.web@1.2.0/node_modules/@0no-co/graphql.web @rollup/plugin-terser@0.4.4 OK for: @0no-co/graphql.web@1.2.0 want: ^0.4.4
923 silly placeDep ROOT @typescript-eslint/eslint-plugin@6.21.0 OK for: @0no-co/graphql.web@1.2.0 want: ^6.20.0
924 silly placeDep ROOT @typescript-eslint/parser@6.21.0 OK for: @typescript-eslint/eslint-plugin@6.21.0 want: ^6.0.0 || ^6.0.0-alpha
925 silly placeDep ROOT @vitest/coverage-v8@1.6.1 OK for: @0no-co/graphql.web@1.2.0 want: ^1.2.2
926 silly placeDep ROOT vitest@1.6.1 OK for: @vitest/coverage-v8@1.6.1 want: 1.6.1
927 silly placeDep ROOT eslint-config-prettier@9.1.2 OK for: @0no-co/graphql.web@1.2.0 want: ^9.1.0
928 silly placeDep ROOT eslint-plugin-prettier@5.5.6 OK for: @0no-co/graphql.web@1.2.0 want: ^5.1.3
929 silly placeDep ROOT prettier@3.9.6 OK for: eslint-plugin-prettier@5.5.6 want: >=3.0.0
930 silly placeDep ROOT eslint-plugin-tsdoc@0.2.17 OK for: @0no-co/graphql.web@1.2.0 want: ^0.2.17
931 silly placeDep ROOT graphql15@15.10.2 OK for: @0no-co/graphql.web@1.2.0 want: npm:graphql@^15.8.0
932 silly placeDep ROOT graphql16@16.14.2 OK for: @0no-co/graphql.web@1.2.0 want: npm:graphql@^16.8.1
933 silly placeDep ROOT graphql17@17.0.2 OK for: @0no-co/graphql.web@1.2.0 want: npm:graphql@^17.0.0-alpha.3
934 silly placeDep ROOT husky-v4@4.3.8 OK for: @0no-co/graphql.web@1.2.0 want: ^4.3.8
935 silly placeDep ROOT jsr@0.12.4 OK for: @0no-co/graphql.web@1.2.0 want: ^0.12.1
936 silly placeDep ROOT lint-staged@15.5.2 OK for: @0no-co/graphql.web@1.2.0 want: ^15.2.0
937 silly placeDep node_modules/.pnpm/@0no-co+graphql.web@1.2.0/node_modules/@0no-co/graphql.web rimraf@5.0.10 OK for: @0no-co/graphql.web@1.2.0 want: ^5.0.5
938 silly placeDep node_modules/.pnpm/@0no-co+graphql.web@1.2.0/node_modules/@0no-co/graphql.web rollup-plugin-cjs-check@1.0.3 OK for: @0no-co/graphql.web@1.2.0 want: ^1.0.3
939 silly placeDep node_modules/.pnpm/@0no-co+graphql.web@1.2.0/node_modules/@0no-co/graphql.web rollup-plugin-dts@6.5.0 OK for: @0no-co/graphql.web@1.2.0 want: ^6.1.0
940 silly fetch manifest @actions/exec@^1.1.1
941 silly packumentCache full:https://registry.npmjs.org/@actions%2fexec cache-miss
942 http fetch GET 200 https://registry.npmjs.org/@actions%2fexec 3977ms (cache miss)
943 silly packumentCache full:https://registry.npmjs.org/@actions%2fexec set size:undefined disposed:false
944 silly fetch manifest @actions/http-client@^2.0.1
945 silly packumentCache full:https://registry.npmjs.org/@actions%2fhttp-client cache-miss
946 http fetch GET 200 https://registry.npmjs.org/@actions%2fhttp-client 4100ms (cache miss)
947 silly packumentCache full:https://registry.npmjs.org/@actions%2fhttp-client set size:undefined disposed:false
948 silly fetch manifest @octokit/core@^3.6.0
949 silly packumentCache full:https://registry.npmjs.org/@octokit%2fcore cache-miss
950 http fetch GET 200 https://registry.npmjs.org/@octokit%2fcore 1701ms (cache miss)
951 silly packumentCache full:https://registry.npmjs.org/@octokit%2fcore set size:undefined disposed:false
952 silly fetch manifest @octokit/plugin-paginate-rest@^2.17.0
953 silly packumentCache full:https://registry.npmjs.org/@octokit%2fplugin-paginate-rest cache-miss
954 http fetch GET 200 https://registry.npmjs.org/@octokit%2fplugin-paginate-rest 2112ms (cache miss)
955 silly packumentCache full:https://registry.npmjs.org/@octokit%2fplugin-paginate-rest set size:undefined disposed:false
956 silly fetch manifest @octokit/plugin-rest-endpoint-methods@^5.13.0
957 silly packumentCache full:https://registry.npmjs.org/@octokit%2fplugin-rest-endpoint-methods cache-miss
958 http fetch GET 200 https://registry.npmjs.org/@octokit%2fplugin-rest-endpoint-methods 4225ms (cache miss)
959 silly packumentCache full:https://registry.npmjs.org/@octokit%2fplugin-rest-endpoint-methods set size:undefined disposed:false
960 silly fetch manifest mri@^1.2.0
961 silly packumentCache full:https://registry.npmjs.org/mri cache-miss
962 http fetch GET 200 https://registry.npmjs.org/mri 2681ms (cache miss)
963 silly packumentCache full:https://registry.npmjs.org/mri set size:undefined disposed:false
964 silly fetch manifest semver@^7.5.3
965 silly packumentCache full:https://registry.npmjs.org/semver cache-miss
966 http fetch GET 200 https://registry.npmjs.org/semver 2314ms (cache miss)
967 silly packumentCache full:https://registry.npmjs.org/semver set size:undefined disposed:false
968 silly fetch manifest enquirer@^2.4.1
969 silly packumentCache full:https://registry.npmjs.org/enquirer cache-miss
970 http fetch GET 200 https://registry.npmjs.org/enquirer 2628ms (cache miss)
971 silly packumentCache full:https://registry.npmjs.org/enquirer set size:undefined disposed:false
972 silly fetch manifest fs-extra@^7.0.1
973 silly packumentCache full:https://registry.npmjs.org/fs-extra cache-miss
974 http fetch GET 200 https://registry.npmjs.org/fs-extra 1421ms (cache miss)
975 silly packumentCache full:https://registry.npmjs.org/fs-extra set size:undefined disposed:false
976 silly fetch manifest term-size@^2.1.0
977 silly packumentCache full:https://registry.npmjs.org/term-size cache-miss
978 http fetch GET 200 https://registry.npmjs.org/term-size 3383ms (cache miss)
979 silly packumentCache full:https://registry.npmjs.org/term-size set size:undefined disposed:false
980 silly fetch manifest picocolors@^1.1.0
981 silly packumentCache full:https://registry.npmjs.org/picocolors cache-miss
982 http fetch GET 200 https://registry.npmjs.org/picocolors 663ms (cache miss)
983 silly packumentCache full:https://registry.npmjs.org/picocolors set size:undefined disposed:false
984 silly fetch manifest ansi-colors@^4.1.3
985 silly packumentCache full:https://registry.npmjs.org/ansi-colors cache-miss
986 http cache https://registry.npmjs.org/ansi-colors 292ms (cache hit)
987 silly packumentCache full:https://registry.npmjs.org/ansi-colors set size:110876 disposed:false
988 silly fetch manifest spawndamnit@^3.0.1
989 silly packumentCache full:https://registry.npmjs.org/spawndamnit cache-miss
990 http fetch GET 200 https://registry.npmjs.org/spawndamnit 1059ms (cache miss)
991 silly packumentCache full:https://registry.npmjs.org/spawndamnit set size:undefined disposed:false
992 silly fetch manifest resolve-from@^5.0.0
993 silly packumentCache full:https://registry.npmjs.org/resolve-from cache-miss
994 http fetch GET 200 https://registry.npmjs.org/resolve-from 425ms (cache miss)
995 silly packumentCache full:https://registry.npmjs.org/resolve-from set size:undefined disposed:false
996 silly fetch manifest @changesets/git@^3.0.4
997 silly packumentCache full:https://registry.npmjs.org/@changesets%2fgit cache-miss
998 http fetch GET 200 https://registry.npmjs.org/@changesets%2fgit 1273ms (cache miss)
999 silly packumentCache full:https://registry.npmjs.org/@changesets%2fgit set size:undefined disposed:false
1000 silly fetch manifest @changesets/pre@^2.0.2
1001 silly packumentCache full:https://registry.npmjs.org/@changesets%2fpre cache-miss
1002 http fetch GET 200 https://registry.npmjs.org/@changesets%2fpre 971ms (cache miss)
1003 silly packumentCache full:https://registry.npmjs.org/@changesets%2fpre set size:undefined disposed:false
1004 silly fetch manifest @changesets/read@^0.6.7
1005 silly packumentCache full:https://registry.npmjs.org/@changesets%2fread cache-miss
1006 http fetch GET 200 https://registry.npmjs.org/@changesets%2fread 1365ms (cache miss)
1007 silly packumentCache full:https://registry.npmjs.org/@changesets%2fread set size:undefined disposed:false
1008 silly fetch manifest @changesets/types@^6.1.0
1009 silly packumentCache full:https://registry.npmjs.org/@changesets%2ftypes cache-miss
1010 http fetch GET 200 https://registry.npmjs.org/@changesets%2ftypes 3084ms (cache miss)
1011 silly packumentCache full:https://registry.npmjs.org/@changesets%2ftypes set size:undefined disposed:false
1012 silly fetch manifest @changesets/write@^0.4.0
1013 silly packumentCache full:https://registry.npmjs.org/@changesets%2fwrite cache-miss
1014 http fetch GET 200 https://registry.npmjs.org/@changesets%2fwrite 999ms (cache miss)
1015 silly packumentCache full:https://registry.npmjs.org/@changesets%2fwrite set size:undefined disposed:false
1016 silly fetch manifest @changesets/config@^3.1.4
1017 silly packumentCache full:https://registry.npmjs.org/@changesets%2fconfig cache-miss
1018 http fetch GET 200 https://registry.npmjs.org/@changesets%2fconfig 1805ms (cache miss)
1019 silly packumentCache full:https://registry.npmjs.org/@changesets%2fconfig set size:undefined disposed:false
1020 silly fetch manifest @changesets/errors@^0.2.0
1021 silly packumentCache full:https://registry.npmjs.org/@changesets%2ferrors cache-miss
1022 http fetch GET 200 https://registry.npmjs.org/@changesets%2ferrors 3059ms (cache miss)
1023 silly packumentCache full:https://registry.npmjs.org/@changesets%2ferrors set size:undefined disposed:false
1024 silly fetch manifest @changesets/logger@^0.1.1
1025 silly packumentCache full:https://registry.npmjs.org/@changesets%2flogger cache-miss
1026 http fetch GET 200 https://registry.npmjs.org/@changesets%2flogger 857ms (cache miss)
1027 silly packumentCache full:https://registry.npmjs.org/@changesets%2flogger set size:undefined disposed:false
1028 silly fetch manifest @manypkg/get-packages@^1.1.3
1029 silly packumentCache full:https://registry.npmjs.org/@manypkg%2fget-packages cache-miss
1030 http fetch GET 200 https://registry.npmjs.org/@manypkg%2fget-packages 1146ms (cache miss)
1031 silly packumentCache full:https://registry.npmjs.org/@manypkg%2fget-packages set size:undefined disposed:false
1032 silly fetch manifest package-manager-detector@^0.2.0
1033 silly packumentCache full:https://registry.npmjs.org/package-manager-detector cache-miss
1034 http fetch GET 200 https://registry.npmjs.org/package-manager-detector 566ms (cache miss)
1035 silly packumentCache full:https://registry.npmjs.org/package-manager-detector set size:undefined disposed:false
1036 silly fetch manifest @changesets/changelog-git@^0.2.1
1037 silly packumentCache full:https://registry.npmjs.org/@changesets%2fchangelog-git cache-miss
1038 http fetch GET 200 https://registry.npmjs.org/@changesets%2fchangelog-git 2936ms (cache miss)
1039 silly packumentCache full:https://registry.npmjs.org/@changesets%2fchangelog-git set size:undefined disposed:false
1040 silly fetch manifest @inquirer/external-editor@^1.0.2
1041 silly packumentCache full:https://registry.npmjs.org/@inquirer%2fexternal-editor cache-miss
1042 http fetch GET 200 https://registry.npmjs.org/@inquirer%2fexternal-editor 4748ms (cache miss)
1043 silly packumentCache full:https://registry.npmjs.org/@inquirer%2fexternal-editor set size:undefined disposed:false
1044 silly fetch manifest @changesets/get-release-plan@^4.0.16
1045 silly packumentCache full:https://registry.npmjs.org/@changesets%2fget-release-plan cache-miss
1046 http fetch GET 200 https://registry.npmjs.org/@changesets%2fget-release-plan 2080ms (cache miss)
1047 silly packumentCache full:https://registry.npmjs.org/@changesets%2fget-release-plan set size:undefined disposed:false
1048 silly fetch manifest @changesets/apply-release-plan@^7.1.1
1049 silly packumentCache full:https://registry.npmjs.org/@changesets%2fapply-release-plan cache-miss
1050 http fetch GET 200 https://registry.npmjs.org/@changesets%2fapply-release-plan 3240ms (cache miss)
1051 silly packumentCache full:https://registry.npmjs.org/@changesets%2fapply-release-plan set size:undefined disposed:false
1052 silly fetch manifest @changesets/should-skip-package@^0.1.2
1053 silly packumentCache full:https://registry.npmjs.org/@changesets%2fshould-skip-package cache-miss
1054 http fetch GET 200 https://registry.npmjs.org/@changesets%2fshould-skip-package 633ms (cache miss)
1055 silly packumentCache full:https://registry.npmjs.org/@changesets%2fshould-skip-package set size:undefined disposed:false
1056 silly fetch manifest @changesets/get-dependents-graph@^2.1.4
1057 silly packumentCache full:https://registry.npmjs.org/@changesets%2fget-dependents-graph cache-miss
1058 http fetch GET 200 https://registry.npmjs.org/@changesets%2fget-dependents-graph 983ms (cache miss)
1059 silly packumentCache full:https://registry.npmjs.org/@changesets%2fget-dependents-graph set size:undefined disposed:false
1060 silly fetch manifest @changesets/assemble-release-plan@^6.0.10
1061 silly packumentCache full:https://registry.npmjs.org/@changesets%2fassemble-release-plan cache-miss
1062 http fetch GET 200 https://registry.npmjs.org/@changesets%2fassemble-release-plan 1422ms (cache miss)
1063 silly packumentCache full:https://registry.npmjs.org/@changesets%2fassemble-release-plan set size:undefined disposed:false
1064 silly fetch manifest dataloader@^1.4.0
1065 silly packumentCache full:https://registry.npmjs.org/dataloader cache-miss
1066 http fetch GET 200 https://registry.npmjs.org/dataloader 3030ms (cache miss)
1067 silly packumentCache full:https://registry.npmjs.org/dataloader set size:undefined disposed:false
1068 silly fetch manifest node-fetch@^2.5.0
1069 silly packumentCache full:https://registry.npmjs.org/node-fetch cache-miss
1070 http fetch GET 200 https://registry.npmjs.org/node-fetch 3258ms (cache miss)
1071 silly packumentCache full:https://registry.npmjs.org/node-fetch set size:undefined disposed:false
1072 silly fetch manifest @rollup/pluginutils@^5.0.1
1073 silly packumentCache full:https://registry.npmjs.org/@rollup%2fpluginutils cache-miss
1074 http fetch GET 200 https://registry.npmjs.org/@rollup%2fpluginutils 425ms (cache revalidated)
1075 silly packumentCache full:https://registry.npmjs.org/@rollup%2fpluginutils set size:121958 disposed:false
1076 silly fetch manifest @babel/helper-module-imports@^7.18.6
1077 silly packumentCache full:https://registry.npmjs.org/@babel%2fhelper-module-imports cache-miss
1078 http fetch GET 200 https://registry.npmjs.org/@babel%2fhelper-module-imports 993ms (cache miss)
1079 silly packumentCache full:https://registry.npmjs.org/@babel%2fhelper-module-imports set size:undefined disposed:false
1080 silly fetch manifest glob@^8.0.3
1081 silly packumentCache full:https://registry.npmjs.org/glob cache-hit
1082 silly fetch manifest commondir@^1.0.1
1083 silly packumentCache full:https://registry.npmjs.org/commondir cache-miss
1084 http fetch GET 200 https://registry.npmjs.org/commondir 410ms (cache miss)
1085 silly packumentCache full:https://registry.npmjs.org/commondir set size:undefined disposed:false
1086 silly fetch manifest is-reference@1.2.1
1087 silly packumentCache full:https://registry.npmjs.org/is-reference cache-miss
1088 http fetch GET 200 https://registry.npmjs.org/is-reference 419ms (cache miss)
1089 silly packumentCache full:https://registry.npmjs.org/is-reference set size:undefined disposed:false
1090 silly fetch manifest magic-string@^0.30.3
1091 silly packumentCache full:https://registry.npmjs.org/magic-string cache-miss
1092 http fetch GET 200 https://registry.npmjs.org/magic-string 1119ms (cache miss)
1093 silly packumentCache full:https://registry.npmjs.org/magic-string set size:undefined disposed:false
1094 silly fetch manifest estree-walker@^2.0.2
1095 silly packumentCache full:https://registry.npmjs.org/estree-walker cache-miss
1096 http fetch GET 200 https://registry.npmjs.org/estree-walker 1261ms (cache miss)
1097 silly packumentCache full:https://registry.npmjs.org/estree-walker set size:undefined disposed:false
1098 silly fetch manifest @types/estree@1.0.9
1099 silly packumentCache full:https://registry.npmjs.org/@types%2festree cache-miss
1100 http fetch GET 200 https://registry.npmjs.org/@types%2festree 1218ms (cache miss)
1101 silly packumentCache full:https://registry.npmjs.org/@types%2festree set size:undefined disposed:false
1102 silly fetch manifest @rollup/rollup-darwin-x64@4.62.4
1103 silly packumentCache full:https://registry.npmjs.org/@rollup%2frollup-darwin-x64 cache-miss
1104 http fetch GET 200 https://registry.npmjs.org/@rollup%2frollup-darwin-x64 5095ms (cache miss)
1105 silly packumentCache full:https://registry.npmjs.org/@rollup%2frollup-darwin-x64 set size:undefined disposed:false
1106 silly fetch manifest @rollup/rollup-freebsd-x64@4.62.4
1107 silly packumentCache full:https://registry.npmjs.org/@rollup%2frollup-freebsd-x64 cache-miss
1108 http fetch GET 200 https://registry.npmjs.org/@rollup%2frollup-freebsd-x64 1042ms (cache miss)
1109 silly packumentCache full:https://registry.npmjs.org/@rollup%2frollup-freebsd-x64 set size:undefined disposed:false
1110 silly fetch manifest @rollup/rollup-openbsd-x64@4.62.4
1111 silly packumentCache full:https://registry.npmjs.org/@rollup%2frollup-openbsd-x64 cache-miss
1112 http fetch GET 200 https://registry.npmjs.org/@rollup%2frollup-openbsd-x64 568ms (cache miss)
1113 silly packumentCache full:https://registry.npmjs.org/@rollup%2frollup-openbsd-x64 set size:undefined disposed:false
1114 silly fetch manifest @napi-rs/lzma-linux-x64-gnu@1.5.1
1115 silly packumentCache full:https://registry.npmjs.org/@napi-rs%2flzma-linux-x64-gnu cache-miss
1116 http fetch GET 200 https://registry.npmjs.org/@napi-rs%2flzma-linux-x64-gnu 537ms (cache miss)
1117 silly packumentCache full:https://registry.npmjs.org/@napi-rs%2flzma-linux-x64-gnu set size:undefined disposed:false
1118 silly fetch manifest @rollup/rollup-darwin-arm64@4.62.4
1119 silly packumentCache full:https://registry.npmjs.org/@rollup%2frollup-darwin-arm64 cache-miss
1120 http fetch GET 200 https://registry.npmjs.org/@rollup%2frollup-darwin-arm64 1224ms (cache miss)
1121 silly packumentCache full:https://registry.npmjs.org/@rollup%2frollup-darwin-arm64 set size:undefined disposed:false
1122 silly fetch manifest @rollup/rollup-android-arm64@4.62.4
1123 silly packumentCache full:https://registry.npmjs.org/@rollup%2frollup-android-arm64 cache-miss
1124 http fetch GET 200 https://registry.npmjs.org/@rollup%2frollup-android-arm64 1175ms (cache miss)
1125 silly packumentCache full:https://registry.npmjs.org/@rollup%2frollup-android-arm64 set size:undefined disposed:false
1126 silly fetch manifest @rollup/rollup-freebsd-arm64@4.62.4
1127 silly packumentCache full:https://registry.npmjs.org/@rollup%2frollup-freebsd-arm64 cache-miss
1128 http fetch GET 200 https://registry.npmjs.org/@rollup%2frollup-freebsd-arm64 737ms (cache miss)
1129 silly packumentCache full:https://registry.npmjs.org/@rollup%2frollup-freebsd-arm64 set size:undefined disposed:false
1130 silly fetch manifest @rollup/rollup-linux-x64-gnu@4.62.4
1131 silly packumentCache full:https://registry.npmjs.org/@rollup%2frollup-linux-x64-gnu cache-miss
1132 http fetch GET 200 https://registry.npmjs.org/@rollup%2frollup-linux-x64-gnu 1170ms (cache miss)
1133 silly packumentCache full:https://registry.npmjs.org/@rollup%2frollup-linux-x64-gnu set size:undefined disposed:false
1134 silly fetch manifest @rollup/rollup-win32-x64-gnu@4.62.4
1135 silly packumentCache full:https://registry.npmjs.org/@rollup%2frollup-win32-x64-gnu cache-miss
1136 http fetch GET 200 https://registry.npmjs.org/@rollup%2frollup-win32-x64-gnu 810ms (cache miss)
1137 silly packumentCache full:https://registry.npmjs.org/@rollup%2frollup-win32-x64-gnu set size:undefined disposed:false
1138 silly fetch manifest @rollup/rollup-linux-x64-musl@4.62.4
1139 silly packumentCache full:https://registry.npmjs.org/@rollup%2frollup-linux-x64-musl cache-miss
1140 http fetch GET 200 https://registry.npmjs.org/@rollup%2frollup-linux-x64-musl 1052ms (cache miss)
1141 silly packumentCache full:https://registry.npmjs.org/@rollup%2frollup-linux-x64-musl set size:undefined disposed:false
1142 silly fetch manifest @rollup/rollup-win32-x64-msvc@4.62.4
1143 silly packumentCache full:https://registry.npmjs.org/@rollup%2frollup-win32-x64-msvc cache-miss
1144 http fetch GET 200 https://registry.npmjs.org/@rollup%2frollup-win32-x64-msvc 1287ms (cache miss)
1145 silly packumentCache full:https://registry.npmjs.org/@rollup%2frollup-win32-x64-msvc set size:undefined disposed:false
1146 silly fetch manifest @rollup/rollup-linux-arm64-gnu@4.62.4
1147 silly packumentCache full:https://registry.npmjs.org/@rollup%2frollup-linux-arm64-gnu cache-miss
1148 http fetch GET 200 https://registry.npmjs.org/@rollup%2frollup-linux-arm64-gnu 864ms (cache miss)
1149 silly packumentCache full:https://registry.npmjs.org/@rollup%2frollup-linux-arm64-gnu set size:undefined disposed:false
1150 silly fetch manifest @rollup/rollup-linux-ppc64-gnu@4.62.4
1151 silly packumentCache full:https://registry.npmjs.org/@rollup%2frollup-linux-ppc64-gnu cache-miss
1152 http fetch GET 200 https://registry.npmjs.org/@rollup%2frollup-linux-ppc64-gnu 1474ms (cache miss)
1153 silly packumentCache full:https://registry.npmjs.org/@rollup%2frollup-linux-ppc64-gnu set size:undefined disposed:false
1154 silly fetch manifest @rollup/rollup-linux-s390x-gnu@4.62.4
1155 silly packumentCache full:https://registry.npmjs.org/@rollup%2frollup-linux-s390x-gnu cache-miss
1156 http fetch GET 200 https://registry.npmjs.org/@rollup%2frollup-linux-s390x-gnu 1097ms (cache miss)
1157 silly packumentCache full:https://registry.npmjs.org/@rollup%2frollup-linux-s390x-gnu set size:undefined disposed:false
1158 silly fetch manifest @rollup/rollup-win32-ia32-msvc@4.62.4
1159 silly packumentCache full:https://registry.npmjs.org/@rollup%2frollup-win32-ia32-msvc cache-miss
1160 http fetch GET 200 https://registry.npmjs.org/@rollup%2frollup-win32-ia32-msvc 1651ms (cache miss)
1161 silly packumentCache full:https://registry.npmjs.org/@rollup%2frollup-win32-ia32-msvc set size:undefined disposed:false
1162 silly fetch manifest @rollup/rollup-android-arm-eabi@4.62.4
1163 silly packumentCache full:https://registry.npmjs.org/@rollup%2frollup-android-arm-eabi cache-miss
1164 http fetch GET 200 https://registry.npmjs.org/@rollup%2frollup-android-arm-eabi 931ms (cache miss)
1165 silly packumentCache full:https://registry.npmjs.org/@rollup%2frollup-android-arm-eabi set size:undefined disposed:false
1166 silly fetch manifest @rollup/rollup-linux-arm64-musl@4.62.4
1167 silly packumentCache full:https://registry.npmjs.org/@rollup%2frollup-linux-arm64-musl cache-miss
1168 http fetch GET 200 https://registry.npmjs.org/@rollup%2frollup-linux-arm64-musl 2969ms (cache miss)
1169 silly packumentCache full:https://registry.npmjs.org/@rollup%2frollup-linux-arm64-musl set size:undefined disposed:false
1170 silly fetch manifest @rollup/rollup-linux-ppc64-musl@4.62.4
1171 silly packumentCache full:https://registry.npmjs.org/@rollup%2frollup-linux-ppc64-musl cache-miss
1172 http fetch GET 200 https://registry.npmjs.org/@rollup%2frollup-linux-ppc64-musl 2055ms (cache miss)
1173 silly packumentCache full:https://registry.npmjs.org/@rollup%2frollup-linux-ppc64-musl set size:undefined disposed:false
1174 silly fetch manifest @rollup/rollup-win32-arm64-msvc@4.62.4
1175 silly packumentCache full:https://registry.npmjs.org/@rollup%2frollup-win32-arm64-msvc cache-miss
1176 http fetch GET 200 https://registry.npmjs.org/@rollup%2frollup-win32-arm64-msvc 1367ms (cache miss)
1177 silly packumentCache full:https://registry.npmjs.org/@rollup%2frollup-win32-arm64-msvc set size:undefined disposed:false
1178 silly fetch manifest @rollup/rollup-linux-loong64-gnu@4.62.4
1179 silly packumentCache full:https://registry.npmjs.org/@rollup%2frollup-linux-loong64-gnu cache-miss
1180 http fetch GET 200 https://registry.npmjs.org/@rollup%2frollup-linux-loong64-gnu 2187ms (cache miss)
1181 silly packumentCache full:https://registry.npmjs.org/@rollup%2frollup-linux-loong64-gnu set size:undefined disposed:false
1182 silly fetch manifest @rollup/rollup-linux-riscv64-gnu@4.62.4
1183 silly packumentCache full:https://registry.npmjs.org/@rollup%2frollup-linux-riscv64-gnu cache-miss
1184 http fetch GET 200 https://registry.npmjs.org/@rollup%2frollup-linux-riscv64-gnu 763ms (cache miss)
1185 silly packumentCache full:https://registry.npmjs.org/@rollup%2frollup-linux-riscv64-gnu set size:undefined disposed:false
1186 silly fetch manifest @rollup/rollup-openharmony-arm64@4.62.4
1187 silly packumentCache full:https://registry.npmjs.org/@rollup%2frollup-openharmony-arm64 cache-miss
1188 http fetch GET 200 https://registry.npmjs.org/@rollup%2frollup-openharmony-arm64 605ms (cache miss)
1189 silly packumentCache full:https://registry.npmjs.org/@rollup%2frollup-openharmony-arm64 set size:undefined disposed:false
1190 silly fetch manifest @rollup/rollup-linux-loong64-musl@4.62.4
1191 silly packumentCache full:https://registry.npmjs.org/@rollup%2frollup-linux-loong64-musl cache-miss
1192 http fetch GET 200 https://registry.npmjs.org/@rollup%2frollup-linux-loong64-musl 350ms (cache miss)
1193 silly packumentCache full:https://registry.npmjs.org/@rollup%2frollup-linux-loong64-musl set size:undefined disposed:false
1194 silly fetch manifest @rollup/rollup-linux-riscv64-musl@4.62.4
1195 silly packumentCache full:https://registry.npmjs.org/@rollup%2frollup-linux-riscv64-musl cache-miss
1196 http fetch GET 200 https://registry.npmjs.org/@rollup%2frollup-linux-riscv64-musl 704ms (cache miss)
1197 silly packumentCache full:https://registry.npmjs.org/@rollup%2frollup-linux-riscv64-musl set size:undefined disposed:false
1198 silly fetch manifest @rollup/rollup-linux-arm-gnueabihf@4.62.4
1199 silly packumentCache full:https://registry.npmjs.org/@rollup%2frollup-linux-arm-gnueabihf cache-miss
1200 http fetch GET 200 https://registry.npmjs.org/@rollup%2frollup-linux-arm-gnueabihf 984ms (cache miss)
1201 silly packumentCache full:https://registry.npmjs.org/@rollup%2frollup-linux-arm-gnueabihf set size:undefined disposed:false
1202 silly fetch manifest @rollup/rollup-linux-arm-musleabihf@4.62.4
1203 silly packumentCache full:https://registry.npmjs.org/@rollup%2frollup-linux-arm-musleabihf cache-miss
1204 http fetch GET 200 https://registry.npmjs.org/@rollup%2frollup-linux-arm-musleabihf 856ms (cache miss)
1205 silly packumentCache full:https://registry.npmjs.org/@rollup%2frollup-linux-arm-musleabihf set size:undefined disposed:false
1206 silly fetch manifest resolve@^1.22.1
1207 silly packumentCache full:https://registry.npmjs.org/resolve cache-miss
1208 http fetch GET 200 https://registry.npmjs.org/resolve 233ms (cache revalidated)
1209 silly packumentCache full:https://registry.npmjs.org/resolve set size:244568 disposed:false
1210 silly fetch manifest deepmerge@^4.2.2
1211 silly packumentCache full:https://registry.npmjs.org/deepmerge cache-miss
1212 http fetch GET 200 https://registry.npmjs.org/deepmerge 871ms (cache miss)
1213 silly packumentCache full:https://registry.npmjs.org/deepmerge set size:undefined disposed:false
1214 silly fetch manifest is-module@^1.0.0
1215 silly packumentCache full:https://registry.npmjs.org/is-module cache-miss
1216 http fetch GET 200 https://registry.npmjs.org/is-module 801ms (cache miss)
1217 silly packumentCache full:https://registry.npmjs.org/is-module set size:undefined disposed:false
1218 silly fetch manifest @types/resolve@1.20.2
1219 silly packumentCache full:https://registry.npmjs.org/@types%2fresolve cache-miss
1220 http fetch GET 200 https://registry.npmjs.org/@types%2fresolve 1845ms (cache miss)
1221 silly packumentCache full:https://registry.npmjs.org/@types%2fresolve set size:undefined disposed:false
1222 silly fetch manifest smob@^1.0.0
1223 silly packumentCache full:https://registry.npmjs.org/smob cache-miss
1224 http fetch GET 200 https://registry.npmjs.org/smob 658ms (cache miss)
1225 silly packumentCache full:https://registry.npmjs.org/smob set size:undefined disposed:false
1226 silly fetch manifest serialize-javascript@^6.0.1
1227 silly packumentCache full:https://registry.npmjs.org/serialize-javascript cache-miss
1228 http fetch GET 200 https://registry.npmjs.org/serialize-javascript 364ms (cache revalidated)
1229 silly packumentCache full:https://registry.npmjs.org/serialize-javascript set size:84159 disposed:false
1230 silly fetch manifest debug@^4.3.4
1231 silly packumentCache full:https://registry.npmjs.org/debug cache-hit
1232 silly fetch manifest ignore@^5.2.4
1233 silly packumentCache full:https://registry.npmjs.org/ignore cache-hit
1234 silly fetch manifest semver@^7.5.4
1235 silly packumentCache full:https://registry.npmjs.org/semver cache-miss
1236 http cache https://registry.npmjs.org/semver 54ms (cache hit)
1237 silly packumentCache full:https://registry.npmjs.org/semver set size:246069 disposed:false
1238 silly fetch manifest ts-api-utils@^1.0.1
1239 silly packumentCache full:https://registry.npmjs.org/ts-api-utils cache-miss
1240 http fetch GET 200 https://registry.npmjs.org/ts-api-utils 701ms (cache miss)
1241 silly packumentCache full:https://registry.npmjs.org/ts-api-utils set size:undefined disposed:false
1242 silly fetch manifest @typescript-eslint/utils@6.21.0
1243 silly packumentCache full:https://registry.npmjs.org/@typescript-eslint%2futils cache-miss
1244 http fetch GET 200 https://registry.npmjs.org/@typescript-eslint%2futils 20881ms (cache updated)
1245 silly packumentCache full:https://registry.npmjs.org/@typescript-eslint%2futils set size:undefined disposed:false
1246 silly fetch manifest @eslint-community/regexpp@^4.5.1
1247 silly packumentCache full:https://registry.npmjs.org/@eslint-community%2fregexpp cache-miss
1248 http fetch GET 200 https://registry.npmjs.org/@eslint-community%2fregexpp 387ms (cache revalidated)
1249 silly packumentCache full:https://registry.npmjs.org/@eslint-community%2fregexpp set size:106609 disposed:false
1250 silly fetch manifest @typescript-eslint/type-utils@6.21.0
1251 silly packumentCache full:https://registry.npmjs.org/@typescript-eslint%2ftype-utils cache-miss
1252 http fetch GET 200 https://registry.npmjs.org/@typescript-eslint%2ftype-utils 28424ms (cache updated)
1253 silly packumentCache full:https://registry.npmjs.org/@typescript-eslint%2ftype-utils set size:undefined disposed:false
1254 silly fetch manifest @typescript-eslint/visitor-keys@6.21.0
1255 silly packumentCache full:https://registry.npmjs.org/@typescript-eslint%2fvisitor-keys cache-miss
1256 http fetch GET 200 https://registry.npmjs.org/@typescript-eslint%2fvisitor-keys 26941ms (cache miss)
1257 silly packumentCache full:https://registry.npmjs.org/@typescript-eslint%2fvisitor-keys set size:undefined disposed:false
1258 silly fetch manifest @typescript-eslint/scope-manager@6.21.0
1259 silly packumentCache full:https://registry.npmjs.org/@typescript-eslint%2fscope-manager cache-miss
1260 http fetch GET 200 https://registry.npmjs.org/@typescript-eslint%2fscope-manager 24957ms (cache updated)
1261 silly packumentCache full:https://registry.npmjs.org/@typescript-eslint%2fscope-manager set size:undefined disposed:false
1262 silly fetch manifest @typescript-eslint/types@6.21.0
1263 silly packumentCache full:https://registry.npmjs.org/@typescript-eslint%2ftypes cache-miss
1264 http fetch GET 200 https://registry.npmjs.org/@typescript-eslint%2ftypes 24435ms (cache updated)
1265 silly packumentCache full:https://registry.npmjs.org/@typescript-eslint%2ftypes set size:undefined disposed:false
1266 silly fetch manifest @typescript-eslint/typescript-estree@6.21.0
1267 silly packumentCache full:https://registry.npmjs.org/@typescript-eslint%2ftypescript-estree cache-miss
1268 http fetch GET 200 https://registry.npmjs.org/@typescript-eslint%2ftypescript-estree 46160ms (cache updated)
1269 silly packumentCache full:https://registry.npmjs.org/@typescript-eslint%2ftypescript-estree set size:undefined disposed:false
1270 silly fetch manifest std-env@^3.5.0
1271 silly packumentCache full:https://registry.npmjs.org/std-env cache-miss
1272 http fetch GET 200 https://registry.npmjs.org/std-env 2605ms (cache miss)
1273 silly packumentCache full:https://registry.npmjs.org/std-env set size:undefined disposed:false
1274 silly fetch manifest magicast@^0.3.3
1275 silly packumentCache full:https://registry.npmjs.org/magicast cache-miss
1276 http fetch GET 200 https://registry.npmjs.org/magicast 2240ms (cache miss)
1277 silly packumentCache full:https://registry.npmjs.org/magicast set size:undefined disposed:false
1278 silly fetch manifest picocolors@^1.0.0
1279 silly packumentCache full:https://registry.npmjs.org/picocolors cache-miss
1280 http cache https://registry.npmjs.org/picocolors 127ms (cache hit)
1281 silly packumentCache full:https://registry.npmjs.org/picocolors set size:16648 disposed:false
1282 silly fetch manifest magic-string@^0.30.5
1283 silly packumentCache full:https://registry.npmjs.org/magic-string cache-miss
1284 http cache https://registry.npmjs.org/magic-string 1333ms (cache hit)
1285 silly packumentCache full:https://registry.npmjs.org/magic-string set size:336545 disposed:false
1286 silly fetch manifest strip-literal@^2.0.0
1287 silly packumentCache full:https://registry.npmjs.org/strip-literal cache-miss
1288 http fetch GET 200 https://registry.npmjs.org/strip-literal 965ms (cache miss)
1289 silly packumentCache full:https://registry.npmjs.org/strip-literal set size:undefined disposed:false
1290 silly fetch manifest istanbul-reports@^3.1.6
1291 silly packumentCache full:https://registry.npmjs.org/istanbul-reports cache-miss
1292 http fetch GET 200 https://registry.npmjs.org/istanbul-reports 2598ms (cache revalidated)
1293 silly packumentCache full:https://registry.npmjs.org/istanbul-reports set size:148926 disposed:false
1294 silly fetch manifest istanbul-lib-report@^3.0.1
1295 silly packumentCache full:https://registry.npmjs.org/istanbul-lib-report cache-miss
1296 http fetch GET 200 https://registry.npmjs.org/istanbul-lib-report 870ms (cache revalidated)
1297 silly packumentCache full:https://registry.npmjs.org/istanbul-lib-report set size:66223 disposed:false
1298 silly fetch manifest @ampproject/remapping@^2.2.1
1299 silly packumentCache full:https://registry.npmjs.org/@ampproject%2fremapping cache-miss
1300 http fetch GET 200 https://registry.npmjs.org/@ampproject%2fremapping 19526ms (cache miss)
1301 silly packumentCache full:https://registry.npmjs.org/@ampproject%2fremapping set size:undefined disposed:false
1302 silly fetch manifest istanbul-lib-coverage@^3.2.2
1303 silly packumentCache full:https://registry.npmjs.org/istanbul-lib-coverage cache-miss
1304 http fetch GET 200 https://registry.npmjs.org/istanbul-lib-coverage 642ms (cache revalidated)
1305 silly packumentCache full:https://registry.npmjs.org/istanbul-lib-coverage set size:75651 disposed:false
1306 silly fetch manifest istanbul-lib-source-maps@^5.0.4
1307 silly packumentCache full:https://registry.npmjs.org/istanbul-lib-source-maps cache-miss
1308 http fetch GET 200 https://registry.npmjs.org/istanbul-lib-source-maps 1573ms (cache miss)
1309 silly packumentCache full:https://registry.npmjs.org/istanbul-lib-source-maps set size:undefined disposed:false
1310 silly fetch manifest chai@^4.3.10
1311 silly packumentCache full:https://registry.npmjs.org/chai cache-miss
1312 http fetch GET 200 https://registry.npmjs.org/chai 1344ms (cache miss)
1313 silly packumentCache full:https://registry.npmjs.org/chai set size:undefined disposed:false
1314 silly fetch manifest vite@^5.0.0
1315 silly packumentCache full:https://registry.npmjs.org/vite cache-miss
1316 http fetch GET 200 https://registry.npmjs.org/vite 43246ms (cache miss)
1317 silly packumentCache full:https://registry.npmjs.org/vite set size:undefined disposed:false
1318 silly fetch manifest execa@^8.0.1
1319 silly packumentCache full:https://registry.npmjs.org/execa cache-miss
1320 http fetch GET 200 https://registry.npmjs.org/execa 1873ms (cache miss)
1321 silly packumentCache full:https://registry.npmjs.org/execa set size:undefined disposed:false
1322 silly fetch manifest pathe@^1.1.1
1323 silly packumentCache full:https://registry.npmjs.org/pathe cache-miss
1324 http fetch GET 200 https://registry.npmjs.org/pathe 1738ms (cache miss)
1325 silly packumentCache full:https://registry.npmjs.org/pathe set size:undefined disposed:false
1326 silly fetch manifest tinypool@^0.8.3
1327 silly packumentCache full:https://registry.npmjs.org/tinypool cache-miss
1328 http fetch GET 200 https://registry.npmjs.org/tinypool 950ms (cache miss)
1329 silly packumentCache full:https://registry.npmjs.org/tinypool set size:undefined disposed:false
1330 silly fetch manifest local-pkg@^0.5.0
1331 silly packumentCache full:https://registry.npmjs.org/local-pkg cache-miss
1332 http fetch GET 200 https://registry.npmjs.org/local-pkg 416ms (cache miss)
1333 silly packumentCache full:https://registry.npmjs.org/local-pkg set size:undefined disposed:false
1334 silly fetch manifest tinybench@^2.5.1
1335 silly packumentCache full:https://registry.npmjs.org/tinybench cache-miss
1336 http fetch GET 200 https://registry.npmjs.org/tinybench 1285ms (cache miss)
1337 silly packumentCache full:https://registry.npmjs.org/tinybench set size:undefined disposed:false
1338 silly fetch manifest vite-node@1.6.1
1339 silly packumentCache full:https://registry.npmjs.org/vite-node cache-miss
1340 http fetch GET 200 https://registry.npmjs.org/vite-node 2071ms (cache miss)
1341 silly packumentCache full:https://registry.npmjs.org/vite-node set size:undefined disposed:false
1342 silly fetch manifest acorn-walk@^8.3.2
1343 silly packumentCache full:https://registry.npmjs.org/acorn-walk cache-miss
1344 http fetch GET 200 https://registry.npmjs.org/acorn-walk 1198ms (cache miss)
1345 silly packumentCache full:https://registry.npmjs.org/acorn-walk set size:undefined disposed:false
1346 silly fetch manifest @vitest/spy@1.6.1
1347 silly packumentCache full:https://registry.npmjs.org/@vitest%2fspy cache-miss
1348 http fetch GET 200 https://registry.npmjs.org/@vitest%2fspy 1780ms (cache miss)
1349 silly packumentCache full:https://registry.npmjs.org/@vitest%2fspy set size:undefined disposed:false
1350 silly fetch manifest @vitest/utils@1.6.1
1351 silly packumentCache full:https://registry.npmjs.org/@vitest%2futils cache-miss
1352 http fetch GET 200 https://registry.npmjs.org/@vitest%2futils 1959ms (cache miss)
1353 silly packumentCache full:https://registry.npmjs.org/@vitest%2futils set size:undefined disposed:false
1354 silly fetch manifest @vitest/expect@1.6.1
1355 silly packumentCache full:https://registry.npmjs.org/@vitest%2fexpect cache-miss
1356 http fetch GET 200 https://registry.npmjs.org/@vitest%2fexpect 1919ms (cache miss)
1357 silly packumentCache full:https://registry.npmjs.org/@vitest%2fexpect set size:undefined disposed:false
1358 silly fetch manifest @vitest/runner@1.6.1
1359 silly packumentCache full:https://registry.npmjs.org/@vitest%2frunner cache-miss
1360 http fetch GET 200 https://registry.npmjs.org/@vitest%2frunner 880ms (cache miss)
1361 silly packumentCache full:https://registry.npmjs.org/@vitest%2frunner set size:undefined disposed:false
1362 silly fetch manifest @vitest/snapshot@1.6.1
1363 silly packumentCache full:https://registry.npmjs.org/@vitest%2fsnapshot cache-miss
1364 http fetch GET 200 https://registry.npmjs.org/@vitest%2fsnapshot 1431ms (cache miss)
1365 silly packumentCache full:https://registry.npmjs.org/@vitest%2fsnapshot set size:undefined disposed:false
1366 silly fetch manifest why-is-node-running@^2.2.2
1367 silly packumentCache full:https://registry.npmjs.org/why-is-node-running cache-miss
1368 http fetch GET 200 https://registry.npmjs.org/why-is-node-running 1819ms (cache miss)
1369 silly packumentCache full:https://registry.npmjs.org/why-is-node-running set size:undefined disposed:false
1370 silly fetch manifest prettier-linter-helpers@^1.0.1
1371 silly packumentCache full:https://registry.npmjs.org/prettier-linter-helpers cache-miss
1372 http fetch GET 200 https://registry.npmjs.org/prettier-linter-helpers 1447ms (cache miss)
1373 silly packumentCache full:https://registry.npmjs.org/prettier-linter-helpers set size:undefined disposed:false
1374 silly fetch manifest synckit@^0.11.13
1375 silly packumentCache full:https://registry.npmjs.org/synckit cache-miss
1376 http fetch GET 200 https://registry.npmjs.org/synckit 2213ms (cache miss)
1377 silly packumentCache full:https://registry.npmjs.org/synckit set size:undefined disposed:false
1378 silly fetch manifest @microsoft/tsdoc@0.14.2
1379 silly packumentCache full:https://registry.npmjs.org/@microsoft%2ftsdoc cache-miss
1380 http fetch GET 200 https://registry.npmjs.org/@microsoft%2ftsdoc 1266ms (cache miss)
1381 silly packumentCache full:https://registry.npmjs.org/@microsoft%2ftsdoc set size:undefined disposed:false
1382 silly fetch manifest @microsoft/tsdoc-config@0.16.2
1383 silly packumentCache full:https://registry.npmjs.org/@microsoft%2ftsdoc-config cache-miss
1384 http fetch GET 200 https://registry.npmjs.org/@microsoft%2ftsdoc-config 1194ms (cache miss)
1385 silly packumentCache full:https://registry.npmjs.org/@microsoft%2ftsdoc-config set size:undefined disposed:false
1386 silly fetch manifest ci-info@^2.0.0
1387 silly packumentCache full:https://registry.npmjs.org/ci-info cache-miss
1388 http fetch GET 200 https://registry.npmjs.org/ci-info 2671ms (cache miss)
1389 silly packumentCache full:https://registry.npmjs.org/ci-info set size:undefined disposed:false
1390 silly fetch manifest compare-versions@^3.6.0
1391 silly packumentCache full:https://registry.npmjs.org/compare-versions cache-miss
1392 http fetch GET 200 https://registry.npmjs.org/compare-versions 1812ms (cache miss)
1393 silly packumentCache full:https://registry.npmjs.org/compare-versions set size:undefined disposed:false
1394 silly fetch manifest cosmiconfig@^7.0.0
1395 silly packumentCache full:https://registry.npmjs.org/cosmiconfig cache-miss
1396 http fetch GET 200 https://registry.npmjs.org/cosmiconfig 839ms (cache miss)
1397 silly packumentCache full:https://registry.npmjs.org/cosmiconfig set size:undefined disposed:false
1398 silly fetch manifest find-versions@^4.0.0
1399 silly packumentCache full:https://registry.npmjs.org/find-versions cache-miss
1400 http fetch GET 200 https://registry.npmjs.org/find-versions 883ms (cache miss)
1401 silly packumentCache full:https://registry.npmjs.org/find-versions set size:undefined disposed:false
1402 silly fetch manifest opencollective-postinstall@^2.0.2
1403 silly packumentCache full:https://registry.npmjs.org/opencollective-postinstall cache-miss
1404 http fetch GET 200 https://registry.npmjs.org/opencollective-postinstall 653ms (cache miss)
1405 silly packumentCache full:https://registry.npmjs.org/opencollective-postinstall set size:undefined disposed:false
1406 silly fetch manifest pkg-dir@^5.0.0
1407 silly packumentCache full:https://registry.npmjs.org/pkg-dir cache-miss
1408 http fetch GET 200 https://registry.npmjs.org/pkg-dir 507ms (cache miss)
1409 silly packumentCache full:https://registry.npmjs.org/pkg-dir set size:undefined disposed:false
1410 silly fetch manifest please-upgrade-node@^3.2.0
1411 silly packumentCache full:https://registry.npmjs.org/please-upgrade-node cache-miss
1412 http fetch GET 200 https://registry.npmjs.org/please-upgrade-node 2752ms (cache miss)
1413 silly packumentCache full:https://registry.npmjs.org/please-upgrade-node set size:undefined disposed:false
1414 silly fetch manifest slash@^3.0.0
1415 silly packumentCache full:https://registry.npmjs.org/slash cache-miss
1416 http fetch GET 200 https://registry.npmjs.org/slash 683ms (cache miss)
1417 silly packumentCache full:https://registry.npmjs.org/slash set size:undefined disposed:false
1418 silly fetch manifest which-pm-runs@^1.0.0
1419 silly packumentCache full:https://registry.npmjs.org/which-pm-runs cache-miss
1420 http fetch GET 200 https://registry.npmjs.org/which-pm-runs 1105ms (cache miss)
1421 silly packumentCache full:https://registry.npmjs.org/which-pm-runs set size:undefined disposed:false
1422 silly fetch manifest semiver@^1.1.0
1423 silly packumentCache full:https://registry.npmjs.org/semiver cache-miss
1424 http fetch GET 200 https://registry.npmjs.org/semiver 526ms (cache miss)
1425 silly packumentCache full:https://registry.npmjs.org/semiver set size:undefined disposed:false
1426 silly fetch manifest kolorist@^1.8.0
1427 silly packumentCache full:https://registry.npmjs.org/kolorist cache-miss
1428 http fetch GET 200 https://registry.npmjs.org/kolorist 2037ms (cache miss)
1429 silly packumentCache full:https://registry.npmjs.org/kolorist set size:undefined disposed:false
1430 silly fetch manifest node-stream-zip@^1.15.0
1431 silly packumentCache full:https://registry.npmjs.org/node-stream-zip cache-miss
1432 http fetch GET 200 https://registry.npmjs.org/node-stream-zip 1378ms (cache miss)
1433 silly packumentCache full:https://registry.npmjs.org/node-stream-zip set size:undefined disposed:false
1434 silly fetch manifest yaml@^2.7.0
1435 silly packumentCache full:https://registry.npmjs.org/yaml cache-miss
1436 http fetch GET 200 https://registry.npmjs.org/yaml 3740ms (cache miss)
1437 silly packumentCache full:https://registry.npmjs.org/yaml set size:undefined disposed:false
1438 silly fetch manifest chalk@^5.4.1
1439 silly packumentCache full:https://registry.npmjs.org/chalk cache-hit
1440 silly fetch manifest debug@^4.4.0
1441 silly packumentCache full:https://registry.npmjs.org/debug cache-hit
1442 silly fetch manifest listr2@^8.2.5
1443 silly packumentCache full:https://registry.npmjs.org/listr2 cache-miss
1444 http fetch GET 200 https://registry.npmjs.org/listr2 4904ms (cache miss)
1445 silly packumentCache full:https://registry.npmjs.org/listr2 set size:undefined disposed:false
1446 silly fetch manifest pidtree@^0.6.0
1447 silly packumentCache full:https://registry.npmjs.org/pidtree cache-miss
1448 http fetch GET 200 https://registry.npmjs.org/pidtree 1482ms (cache revalidated)
1449 silly packumentCache full:https://registry.npmjs.org/pidtree set size:40045 disposed:false
1450 silly fetch manifest commander@^13.1.0
1451 silly packumentCache full:https://registry.npmjs.org/commander cache-miss
1452 http fetch GET 200 https://registry.npmjs.org/commander 188ms (cache revalidated)
1453 silly packumentCache full:https://registry.npmjs.org/commander set size:353115 disposed:false
1454 silly fetch manifest lilconfig@^3.1.3
1455 silly packumentCache full:https://registry.npmjs.org/lilconfig cache-miss
1456 http fetch GET 200 https://registry.npmjs.org/lilconfig 749ms (cache miss)
1457 silly packumentCache full:https://registry.npmjs.org/lilconfig set size:undefined disposed:false
1458 silly fetch manifest micromatch@^4.0.8
1459 silly packumentCache full:https://registry.npmjs.org/micromatch cache-miss
1460 http fetch GET 200 https://registry.npmjs.org/micromatch 1256ms (cache miss)
1461 silly packumentCache full:https://registry.npmjs.org/micromatch set size:undefined disposed:false
1462 silly fetch manifest string-argv@^0.3.2
1463 silly packumentCache full:https://registry.npmjs.org/string-argv cache-miss
1464 http fetch GET 200 https://registry.npmjs.org/string-argv 344ms (cache miss)
1465 silly packumentCache full:https://registry.npmjs.org/string-argv set size:undefined disposed:false
1466 silly fetch manifest glob@^10.3.7
1467 silly packumentCache full:https://registry.npmjs.org/glob cache-hit
1468 silly fetch manifest @rollup/pluginutils@^5.1.0
1469 silly packumentCache full:https://registry.npmjs.org/@rollup%2fpluginutils cache-hit
1470 silly fetch manifest cjs-module-lexer@^1.2.3
1471 silly packumentCache full:https://registry.npmjs.org/cjs-module-lexer cache-miss
1472 http fetch GET 200 https://registry.npmjs.org/cjs-module-lexer 2397ms (cache miss)
1473 silly packumentCache full:https://registry.npmjs.org/cjs-module-lexer set size:undefined disposed:false
1474 silly fetch manifest magic-string@^1.1.0
1475 silly packumentCache full:https://registry.npmjs.org/magic-string cache-hit
1476 silly fetch manifest convert-source-map@^2.0.0
1477 silly packumentCache full:https://registry.npmjs.org/convert-source-map cache-miss
1478 http fetch GET 200 https://registry.npmjs.org/convert-source-map 2676ms (cache miss)
1479 silly packumentCache full:https://registry.npmjs.org/convert-source-map set size:undefined disposed:false
1480 silly fetch manifest @jridgewell/remapping@^2.3.5
1481 silly packumentCache full:https://registry.npmjs.org/@jridgewell%2fremapping cache-miss
1482 http fetch GET 200 https://registry.npmjs.org/@jridgewell%2fremapping 2734ms (cache miss)
1483 silly packumentCache full:https://registry.npmjs.org/@jridgewell%2fremapping set size:undefined disposed:false
1484 silly fetch manifest @babel/code-frame@^8.0.0
1485 silly packumentCache full:https://registry.npmjs.org/@babel%2fcode-frame cache-miss
1486 http fetch GET 200 https://registry.npmjs.org/@babel%2fcode-frame 6857ms (cache miss)
1487 silly packumentCache full:https://registry.npmjs.org/@babel%2fcode-frame set size:undefined disposed:false
1488 silly fetch manifest @sinclair/hammer@^0.17.1
1489 silly packumentCache full:https://registry.npmjs.org/@sinclair%2fhammer cache-miss
1490 http fetch GET 200 https://registry.npmjs.org/@sinclair%2fhammer 2901ms (cache miss)
1491 silly packumentCache full:https://registry.npmjs.org/@sinclair%2fhammer set size:undefined disposed:false
1492 silly fetch manifest @typescript/native-preview@^7.0.0-dev.20260203.1
1493 silly packumentCache full:https://registry.npmjs.org/@typescript%2fnative-preview cache-miss
1494 http fetch GET 200 https://registry.npmjs.org/@typescript%2fnative-preview 3599ms (cache miss)
1495 silly packumentCache full:https://registry.npmjs.org/@typescript%2fnative-preview set size:undefined disposed:false
1496 silly fetch manifest @types/chai@^4.3.3
1497 silly packumentCache full:https://registry.npmjs.org/@types%2fchai cache-miss
1498 http fetch GET 200 https://registry.npmjs.org/@types%2fchai 2352ms (cache miss)
1499 silly packumentCache full:https://registry.npmjs.org/@types%2fchai set size:undefined disposed:false
1500 silly fetch manifest @types/mocha@^9.1.1
1501 silly packumentCache full:https://registry.npmjs.org/@types%2fmocha cache-miss
1502 http fetch GET 200 https://registry.npmjs.org/@types%2fmocha 1698ms (cache miss)
1503 silly packumentCache full:https://registry.npmjs.org/@types%2fmocha set size:undefined disposed:false
1504 silly fetch manifest @types/node@^18.19.130
1505 silly packumentCache full:https://registry.npmjs.org/@types%2fnode cache-miss
1506 http fetch GET 200 https://registry.npmjs.org/@types%2fnode 898ms (cache revalidated)
1507 silly packumentCache full:https://registry.npmjs.org/@types%2fnode set size:11084776 disposed:false
1508 silly fetch manifest ajv@^8.12.0
1509 silly packumentCache full:https://registry.npmjs.org/ajv cache-miss
1510 http fetch GET 200 https://registry.npmjs.org/ajv 997ms (cache revalidated)
1511 silly packumentCache full:https://registry.npmjs.org/ajv set size:1142658 disposed:false
1512 silly fetch manifest ajv-formats@^2.1.1
1513 silly packumentCache full:https://registry.npmjs.org/ajv-formats cache-miss
1514 http fetch GET 200 https://registry.npmjs.org/ajv-formats 1642ms (cache miss)
1515 silly packumentCache full:https://registry.npmjs.org/ajv-formats set size:undefined disposed:false
1516 silly fetch manifest chai@^4.3.6
1517 silly packumentCache full:https://registry.npmjs.org/chai cache-miss
1518 http cache https://registry.npmjs.org/chai 171ms (cache hit)
1519 silly packumentCache full:https://registry.npmjs.org/chai set size:232540 disposed:false
1520 silly fetch manifest mocha@^9.2.2
1521 silly packumentCache full:https://registry.npmjs.org/mocha cache-miss
1522 http fetch GET 200 https://registry.npmjs.org/mocha 339ms (cache revalidated)
1523 silly packumentCache full:https://registry.npmjs.org/mocha set size:4136144 disposed:false
1524 silly fetch manifest prettier@^2.7.1
1525 silly packumentCache full:https://registry.npmjs.org/prettier cache-hit
1526 silly fetch manifest typescript@5.0.2
1527 silly packumentCache full:https://registry.npmjs.org/typescript cache-miss
1528 http fetch GET 200 https://registry.npmjs.org/typescript 30897ms (cache updated)
1529 silly packumentCache full:https://registry.npmjs.org/typescript set size:undefined disposed:false
1530 silly placeDep ROOT @sinclair/hammer@0.17.2 OK for: @sinclair/typebox@0.27.10 want: ^0.17.1
1531 silly placeDep ROOT @types/chai@4.3.20 OK for: @sinclair/typebox@0.27.10 want: ^4.3.3
1532 silly placeDep ROOT @types/mocha@9.1.1 OK for: @sinclair/typebox@0.27.10 want: ^9.1.1
1533 silly placeDep node_modules/.pnpm/@sinclair+typebox@0.27.10/node_modules/@sinclair/typebox @types/node@18.19.130 OK for: @sinclair/typebox@0.27.10 want: ^18.19.130
1534 silly placeDep ROOT @typescript/native-preview@7.0.0-dev.20260707.2 OK for: @sinclair/typebox@0.27.10 want: ^7.0.0-dev.20260203.1
1535 silly placeDep ROOT ajv@8.20.0 OK for: @sinclair/typebox@0.27.10 want: ^8.12.0
1536 silly placeDep ROOT ajv-formats@2.1.1 OK for: @sinclair/typebox@0.27.10 want: ^2.1.1
1537 silly placeDep ROOT chai@4.5.0 OK for: @sinclair/typebox@0.27.10 want: ^4.3.6
1538 silly placeDep node_modules/.pnpm/@sinclair+typebox@0.27.10/node_modules/@sinclair/typebox mocha@9.2.2 OK for: @sinclair/typebox@0.27.10 want: ^9.2.2
1539 silly placeDep node_modules/.pnpm/@sinclair+typebox@0.27.10/node_modules/@sinclair/typebox prettier@2.8.8 OK for: @sinclair/typebox@0.27.10 want: ^2.7.1
1540 silly placeDep node_modules/.pnpm/@sinclair+typebox@0.27.10/node_modules/@sinclair/typebox typescript@5.0.2 OK for: @sinclair/typebox@0.27.10 want: 5.0.2
1541 silly fetch manifest esbuild@^0.15.7
1542 silly packumentCache full:https://registry.npmjs.org/esbuild cache-miss
1543 http fetch GET 200 https://registry.npmjs.org/esbuild 6834ms (cache miss)
1544 silly packumentCache full:https://registry.npmjs.org/esbuild set size:undefined disposed:false
1545 silly fetch manifest undici-types@~5.26.4
1546 silly packumentCache full:https://registry.npmjs.org/undici-types cache-miss
1547 http fetch GET 200 https://registry.npmjs.org/undici-types 1594ms (cache miss)
1548 silly packumentCache full:https://registry.npmjs.org/undici-types set size:undefined disposed:false
1549 silly fetch manifest @typescript/native-preview-win32-x64@7.0.0-dev.20260707.2
1550 silly packumentCache full:https://registry.npmjs.org/@typescript%2fnative-preview-win32-x64 cache-miss
1551 http fetch GET 200 https://registry.npmjs.org/@typescript%2fnative-preview-win32-x64 7090ms (cache miss)
1552 silly packumentCache full:https://registry.npmjs.org/@typescript%2fnative-preview-win32-x64 set size:undefined disposed:false
1553 silly fetch manifest @typescript/native-preview-win32-arm64@7.0.0-dev.20260707.2
1554 silly packumentCache full:https://registry.npmjs.org/@typescript%2fnative-preview-win32-arm64 cache-miss
1555 http fetch GET 200 https://registry.npmjs.org/@typescript%2fnative-preview-win32-arm64 3798ms (cache miss)
1556 silly packumentCache full:https://registry.npmjs.org/@typescript%2fnative-preview-win32-arm64 set size:undefined disposed:false
1557 silly fetch manifest @typescript/native-preview-linux-x64@7.0.0-dev.20260707.2
1558 silly packumentCache full:https://registry.npmjs.org/@typescript%2fnative-preview-linux-x64 cache-miss
1559 http fetch GET 200 https://registry.npmjs.org/@typescript%2fnative-preview-linux-x64 2906ms (cache miss)
1560 silly packumentCache full:https://registry.npmjs.org/@typescript%2fnative-preview-linux-x64 set size:undefined disposed:false
1561 silly fetch manifest @typescript/native-preview-linux-arm@7.0.0-dev.20260707.2
1562 silly packumentCache full:https://registry.npmjs.org/@typescript%2fnative-preview-linux-arm cache-miss
1563 http fetch GET 200 https://registry.npmjs.org/@typescript%2fnative-preview-linux-arm 2985ms (cache miss)
1564 silly packumentCache full:https://registry.npmjs.org/@typescript%2fnative-preview-linux-arm set size:undefined disposed:false
1565 silly fetch manifest @typescript/native-preview-linux-arm64@7.0.0-dev.20260707.2
1566 silly packumentCache full:https://registry.npmjs.org/@typescript%2fnative-preview-linux-arm64 cache-miss
1567 http fetch GET 200 https://registry.npmjs.org/@typescript%2fnative-preview-linux-arm64 3968ms (cache miss)
1568 silly packumentCache full:https://registry.npmjs.org/@typescript%2fnative-preview-linux-arm64 set size:undefined disposed:false
1569 silly fetch manifest @typescript/native-preview-darwin-x64@7.0.0-dev.20260707.2
1570 silly packumentCache full:https://registry.npmjs.org/@typescript%2fnative-preview-darwin-x64 cache-miss
1571 http fetch GET 200 https://registry.npmjs.org/@typescript%2fnative-preview-darwin-x64 2521ms (cache miss)
1572 silly packumentCache full:https://registry.npmjs.org/@typescript%2fnative-preview-darwin-x64 set size:undefined disposed:false
1573 silly fetch manifest @typescript/native-preview-darwin-arm64@7.0.0-dev.20260707.2
1574 silly packumentCache full:https://registry.npmjs.org/@typescript%2fnative-preview-darwin-arm64 cache-miss
1575 http fetch GET 200 https://registry.npmjs.org/@typescript%2fnative-preview-darwin-arm64 3852ms (cache miss)
1576 silly packumentCache full:https://registry.npmjs.org/@typescript%2fnative-preview-darwin-arm64 set size:undefined disposed:false
1577 silly fetch manifest fast-uri@^3.0.1
1578 silly packumentCache full:https://registry.npmjs.org/fast-uri cache-miss
1579 http fetch GET 200 https://registry.npmjs.org/fast-uri 793ms (cache miss)
1580 silly packumentCache full:https://registry.npmjs.org/fast-uri set size:undefined disposed:false
1581 silly fetch manifest json-schema-traverse@^1.0.0
1582 silly packumentCache full:https://registry.npmjs.org/json-schema-traverse cache-miss
1583 http fetch GET 200 https://registry.npmjs.org/json-schema-traverse 1806ms (cache miss)
1584 silly packumentCache full:https://registry.npmjs.org/json-schema-traverse set size:undefined disposed:false
1585 silly fetch manifest require-from-string@^2.0.2
1586 silly packumentCache full:https://registry.npmjs.org/require-from-string cache-miss
1587 http fetch GET 200 https://registry.npmjs.org/require-from-string 624ms (cache miss)
1588 silly packumentCache full:https://registry.npmjs.org/require-from-string set size:undefined disposed:false
1589 silly fetch manifest loupe@^2.3.6
1590 silly packumentCache full:https://registry.npmjs.org/loupe cache-miss
1591 http fetch GET 200 https://registry.npmjs.org/loupe 18696ms (cache miss)
1592 silly packumentCache full:https://registry.npmjs.org/loupe set size:undefined disposed:false
1593 silly fetch manifest pathval@^1.1.1
1594 silly packumentCache full:https://registry.npmjs.org/pathval cache-miss
1595 http fetch GET 200 https://registry.npmjs.org/pathval 914ms (cache miss)
1596 silly packumentCache full:https://registry.npmjs.org/pathval set size:undefined disposed:false
1597 silly fetch manifest deep-eql@^4.1.3
1598 silly packumentCache full:https://registry.npmjs.org/deep-eql cache-miss
1599 http fetch GET 200 https://registry.npmjs.org/deep-eql 737ms (cache miss)
1600 silly packumentCache full:https://registry.npmjs.org/deep-eql set size:undefined disposed:false
1601 silly fetch manifest check-error@^1.0.3
1602 silly packumentCache full:https://registry.npmjs.org/check-error cache-miss
1603 http fetch GET 200 https://registry.npmjs.org/check-error 701ms (cache miss)
1604 silly packumentCache full:https://registry.npmjs.org/check-error set size:undefined disposed:false
1605 silly fetch manifest type-detect@^4.1.0
1606 silly packumentCache full:https://registry.npmjs.org/type-detect cache-miss
1607 http fetch GET 200 https://registry.npmjs.org/type-detect 1968ms (cache miss)
1608 silly packumentCache full:https://registry.npmjs.org/type-detect set size:undefined disposed:false
1609 silly fetch manifest get-func-name@^2.0.2
1610 silly packumentCache full:https://registry.npmjs.org/get-func-name cache-miss
1611 http fetch GET 200 https://registry.npmjs.org/get-func-name 489ms (cache miss)
1612 silly packumentCache full:https://registry.npmjs.org/get-func-name set size:undefined disposed:false
1613 silly fetch manifest assertion-error@^1.1.0
1614 silly packumentCache full:https://registry.npmjs.org/assertion-error cache-miss
1615 http fetch GET 200 https://registry.npmjs.org/assertion-error 470ms (cache miss)
1616 silly packumentCache full:https://registry.npmjs.org/assertion-error set size:undefined disposed:false
1617 silly fetch manifest nanoid@3.3.1
1618 silly packumentCache full:https://registry.npmjs.org/nanoid cache-miss
1619 http fetch GET 200 https://registry.npmjs.org/nanoid 638ms (cache revalidated)
1620 silly packumentCache full:https://registry.npmjs.org/nanoid set size:341137 disposed:false
1621 silly fetch manifest minimatch@4.2.1
1622 silly packumentCache full:https://registry.npmjs.org/minimatch cache-hit
1623 silly fetch manifest @rollup/plugin-node-resolve@^16.0.3
1624 silly packumentCache full:https://registry.npmjs.org/@rollup%2fplugin-node-resolve cache-miss
1625 http fetch GET 200 https://registry.npmjs.org/@rollup%2fplugin-node-resolve 335ms (cache revalidated)
1626 silly packumentCache full:https://registry.npmjs.org/@rollup%2fplugin-node-resolve set size:210808 disposed:false
1627 silly fetch manifest rollup@^4.60.3
1628 silly packumentCache full:https://registry.npmjs.org/rollup cache-miss
1629 http fetch GET 200 https://registry.npmjs.org/rollup 277ms (cache revalidated)
1630 silly packumentCache full:https://registry.npmjs.org/rollup set size:6278661 disposed:false
1631 silly fetch manifest @rollup/plugin-terser@^1.0.0
1632 silly packumentCache full:https://registry.npmjs.org/@rollup%2fplugin-terser cache-miss
1633 http fetch GET 200 https://registry.npmjs.org/@rollup%2fplugin-terser 216ms (cache revalidated)
1634 silly packumentCache full:https://registry.npmjs.org/@rollup%2fplugin-terser set size:36022 disposed:false
1635 silly fetch manifest ascjs@^6.0.3
1636 silly packumentCache full:https://registry.npmjs.org/ascjs cache-miss
1637 http fetch GET 200 https://registry.npmjs.org/ascjs 1480ms (cache miss)
1638 silly packumentCache full:https://registry.npmjs.org/ascjs set size:undefined disposed:false
1639 silly fetch manifest c8@^11.0.0
1640 silly packumentCache full:https://registry.npmjs.org/c8 cache-miss
1641 http fetch GET 200 https://registry.npmjs.org/c8 206ms (cache revalidated)
1642 silly packumentCache full:https://registry.npmjs.org/c8 set size:273400 disposed:false
1643 silly fetch manifest monocart-coverage-reports@^2
1644 silly packumentCache full:https://registry.npmjs.org/monocart-coverage-reports cache-miss
1645 http fetch GET 200 https://registry.npmjs.org/monocart-coverage-reports 3253ms (cache miss)
1646 silly packumentCache full:https://registry.npmjs.org/monocart-coverage-reports set size:undefined disposed:false
1647 silly fetch manifest coveralls@^3.1.1
1648 silly packumentCache full:https://registry.npmjs.org/coveralls cache-miss
1649 http fetch GET 200 https://registry.npmjs.org/coveralls 1974ms (cache miss)
1650 silly packumentCache full:https://registry.npmjs.org/coveralls set size:undefined disposed:false
1651 silly placeDep node_modules/.pnpm/@ungap+structured-clone@1.3.1/node_modules/@ungap/structured-clone @rollup/plugin-node-resolve@16.0.3 OK for: @ungap/structured-clone@1.3.1 want: ^16.0.3
1652 silly placeDep node_modules/.pnpm/@ungap+structured-clone@1.3.1/node_modules/@ungap/structured-clone rollup@4.62.4 OK for: @rollup/plugin-node-resolve@16.0.3 want: ^2.78.0||^3.0.0||^4.0.0
1653 silly placeDep node_modules/.pnpm/@ungap+structured-clone@1.3.1/node_modules/@ungap/structured-clone @rollup/plugin-terser@1.0.0 OK for: @ungap/structured-clone@1.3.1 want: ^1.0.0
1654 silly placeDep ROOT ascjs@6.0.3 OK for: @ungap/structured-clone@1.3.1 want: ^6.0.3
1655 silly placeDep node_modules/.pnpm/@ungap+structured-clone@1.3.1/node_modules/@ungap/structured-clone c8@11.0.0 OK for: @ungap/structured-clone@1.3.1 want: ^11.0.0
1656 silly placeDep ROOT coveralls@3.1.1 OK for: @ungap/structured-clone@1.3.1 want: ^3.1.1
1657 silly fetch manifest serialize-javascript@^7.0.3
1658 silly packumentCache full:https://registry.npmjs.org/serialize-javascript cache-hit
1659 silly fetch manifest @babel/parser@^7.12.5
1660 silly packumentCache full:https://registry.npmjs.org/@babel%2fparser cache-miss
1661 http fetch GET 200 https://registry.npmjs.org/@babel%2fparser 7336ms (cache miss)
1662 silly packumentCache full:https://registry.npmjs.org/@babel%2fparser set size:undefined disposed:false
1663 silly fetch manifest yargs@^17.7.2
1664 silly packumentCache full:https://registry.npmjs.org/yargs cache-hit
1665 silly fetch manifest test-exclude@^8.0.0
1666 silly packumentCache full:https://registry.npmjs.org/test-exclude cache-miss
1667 http fetch GET 200 https://registry.npmjs.org/test-exclude 1173ms (cache revalidated)
1668 silly packumentCache full:https://registry.npmjs.org/test-exclude set size:89897 disposed:false
1669 silly fetch manifest yargs-parser@^21.1.1
1670 silly packumentCache full:https://registry.npmjs.org/yargs-parser cache-hit
1671 silly fetch manifest v8-to-istanbul@^9.0.0
1672 silly packumentCache full:https://registry.npmjs.org/v8-to-istanbul cache-miss
1673 http fetch GET 200 https://registry.npmjs.org/v8-to-istanbul 357ms (cache revalidated)
1674 silly packumentCache full:https://registry.npmjs.org/v8-to-istanbul set size:167645 disposed:false
1675 silly fetch manifest foreground-child@^3.1.1
1676 silly packumentCache full:https://registry.npmjs.org/foreground-child cache-miss
1677 http fetch GET 200 https://registry.npmjs.org/foreground-child 1268ms (cache revalidated)
1678 silly packumentCache full:https://registry.npmjs.org/foreground-child set size:71503 disposed:false
1679 silly fetch manifest @bcoe/v8-coverage@^1.0.1
1680 silly packumentCache full:https://registry.npmjs.org/@bcoe%2fv8-coverage cache-miss
1681 http fetch GET 200 https://registry.npmjs.org/@bcoe%2fv8-coverage 1067ms (cache revalidated)
1682 silly packumentCache full:https://registry.npmjs.org/@bcoe%2fv8-coverage set size:20438 disposed:false
1683 silly fetch manifest @istanbuljs/schema@^0.1.3
1684 silly packumentCache full:https://registry.npmjs.org/@istanbuljs%2fschema cache-miss
1685 http fetch GET 200 https://registry.npmjs.org/@istanbuljs%2fschema 673ms (cache revalidated)
1686 silly packumentCache full:https://registry.npmjs.org/@istanbuljs%2fschema set size:16895 disposed:false
1687 silly fetch manifest istanbul-lib-coverage@^3.2.0
1688 silly packumentCache full:https://registry.npmjs.org/istanbul-lib-coverage cache-hit
1689 silly fetch manifest js-yaml@^3.13.1
1690 silly packumentCache full:https://registry.npmjs.org/js-yaml cache-hit
1691 silly fetch manifest lcov-parse@^1.0.0
1692 silly packumentCache full:https://registry.npmjs.org/lcov-parse cache-miss
1693 http fetch GET 200 https://registry.npmjs.org/lcov-parse 883ms (cache miss)
1694 silly packumentCache full:https://registry.npmjs.org/lcov-parse set size:undefined disposed:false
1695 silly fetch manifest log-driver@^1.2.7
1696 silly packumentCache full:https://registry.npmjs.org/log-driver cache-miss
1697 http fetch GET 200 https://registry.npmjs.org/log-driver 1691ms (cache miss)
1698 silly packumentCache full:https://registry.npmjs.org/log-driver set size:undefined disposed:false
1699 silly fetch manifest minimist@^1.2.5
1700 silly packumentCache full:https://registry.npmjs.org/minimist cache-miss
1701 http fetch GET 200 https://registry.npmjs.org/minimist 187ms (cache revalidated)
1702 silly packumentCache full:https://registry.npmjs.org/minimist set size:77063 disposed:false
1703 silly fetch manifest request@^2.88.2
1704 silly packumentCache full:https://registry.npmjs.org/request cache-miss
1705 http fetch GET 200 https://registry.npmjs.org/request 7147ms (cache miss)
1706 silly packumentCache full:https://registry.npmjs.org/request set size:undefined disposed:false
1707 silly fetch manifest @stryker-mutator/core@5.6.1
1708 silly packumentCache full:https://registry.npmjs.org/@stryker-mutator%2fcore cache-miss
1709 http fetch GET 200 https://registry.npmjs.org/@stryker-mutator%2fcore 5334ms (cache miss)
1710 silly packumentCache full:https://registry.npmjs.org/@stryker-mutator%2fcore set size:undefined disposed:false
1711 silly fetch manifest auto-changelog@2.4.0
1712 silly packumentCache full:https://registry.npmjs.org/auto-changelog cache-miss
1713 http fetch GET 200 https://registry.npmjs.org/auto-changelog 2606ms (cache miss)
1714 silly packumentCache full:https://registry.npmjs.org/auto-changelog set size:undefined disposed:false
1715 silly fetch manifest eslint@8.25.0
1716 silly packumentCache full:https://registry.npmjs.org/eslint cache-miss
1717 http fetch GET 200 https://registry.npmjs.org/eslint 198ms (cache revalidated)
1718 silly packumentCache full:https://registry.npmjs.org/eslint set size:2040662 disposed:false
1719 silly fetch manifest eslint-config-prettier@8.5.0
1720 silly packumentCache full:https://registry.npmjs.org/eslint-config-prettier cache-hit
1721 silly fetch manifest eslint-plugin-es5@1.5.0
1722 silly packumentCache full:https://registry.npmjs.org/eslint-plugin-es5 cache-miss
1723 http fetch GET 200 https://registry.npmjs.org/eslint-plugin-es5 717ms (cache miss)
1724 silly packumentCache full:https://registry.npmjs.org/eslint-plugin-es5 set size:undefined disposed:false
1725 silly fetch manifest eslint-plugin-prettier@4.2.1
1726 silly packumentCache full:https://registry.npmjs.org/eslint-plugin-prettier cache-hit
1727 silly fetch manifest prettier@2.7.1
1728 silly packumentCache full:https://registry.npmjs.org/prettier cache-hit
1729 silly fetch manifest get-stream@6.0.1
1730 silly packumentCache full:https://registry.npmjs.org/get-stream cache-miss
1731 http fetch GET 200 https://registry.npmjs.org/get-stream 1082ms (cache miss)
1732 silly packumentCache full:https://registry.npmjs.org/get-stream set size:undefined disposed:false
1733 silly fetch manifest jest@27.5.1
1734 silly packumentCache full:https://registry.npmjs.org/jest cache-miss
1735 http fetch GET 200 https://registry.npmjs.org/jest 7661ms (cache miss)
1736 silly packumentCache full:https://registry.npmjs.org/jest set size:undefined disposed:false
1737 silly fetch manifest node-notifier@^8.0.1 || ^9.0.0 || ^10.0.0
1738 silly packumentCache full:https://registry.npmjs.org/node-notifier cache-miss
1739 http fetch GET 200 https://registry.npmjs.org/node-notifier 2102ms (cache miss)
1740 silly packumentCache full:https://registry.npmjs.org/node-notifier set size:undefined disposed:false
1741 silly fetch manifest nodemon@2.0.20
1742 silly packumentCache full:https://registry.npmjs.org/nodemon cache-miss
1743 http fetch GET 200 https://registry.npmjs.org/nodemon 2700ms (cache miss)
1744 silly packumentCache full:https://registry.npmjs.org/nodemon set size:undefined disposed:false
1745 silly fetch manifest np@9.2.0
1746 silly packumentCache full:https://registry.npmjs.org/np cache-miss
1747 http fetch GET 200 https://registry.npmjs.org/np 2768ms (cache miss)
1748 silly packumentCache full:https://registry.npmjs.org/np set size:undefined disposed:false
1749 silly fetch manifest xmltest@1.5.0
1750 silly packumentCache full:https://registry.npmjs.org/xmltest cache-miss
1751 http fetch GET 200 https://registry.npmjs.org/xmltest 866ms (cache miss)
1752 silly packumentCache full:https://registry.npmjs.org/xmltest set size:undefined disposed:false
1753 silly fetch manifest yauzl@2.10.0
1754 silly packumentCache full:https://registry.npmjs.org/yauzl cache-miss
1755 http fetch GET 200 https://registry.npmjs.org/yauzl 797ms (cache miss)
1756 silly packumentCache full:https://registry.npmjs.org/yauzl set size:undefined disposed:false
1757 silly placeDep ROOT @stryker-mutator/core@5.6.1 OK for: @xmldom/xmldom@0.8.13 want: 5.6.1
1758 silly placeDep ROOT auto-changelog@2.4.0 OK for: @xmldom/xmldom@0.8.13 want: 2.4.0
1759 silly placeDep node_modules/.pnpm/@xmldom+xmldom@0.8.13/node_modules/@xmldom/xmldom eslint@8.25.0 OK for: @xmldom/xmldom@0.8.13 want: 8.25.0
1760 silly placeDep node_modules/.pnpm/@xmldom+xmldom@0.8.13/node_modules/@xmldom/xmldom eslint-config-prettier@8.5.0 OK for: @xmldom/xmldom@0.8.13 want: 8.5.0
1761 silly placeDep node_modules/.pnpm/@xmldom+xmldom@0.8.13/node_modules/@xmldom/xmldom eslint-plugin-es5@1.5.0 OK for: @xmldom/xmldom@0.8.13 want: 1.5.0
1762 silly placeDep node_modules/.pnpm/@xmldom+xmldom@0.8.13/node_modules/@xmldom/xmldom eslint-plugin-prettier@4.2.1 OK for: @xmldom/xmldom@0.8.13 want: 4.2.1
1763 silly placeDep ROOT get-stream@6.0.1 OK for: @xmldom/xmldom@0.8.13 want: 6.0.1
1764 silly placeDep ROOT jest@27.5.1 OK for: @xmldom/xmldom@0.8.13 want: 27.5.1
1765 silly placeDep ROOT nodemon@2.0.20 OK for: @xmldom/xmldom@0.8.13 want: 2.0.20
1766 silly placeDep ROOT np@9.2.0 OK for: @xmldom/xmldom@0.8.13 want: 9.2.0
1767 silly placeDep node_modules/.pnpm/@xmldom+xmldom@0.8.13/node_modules/@xmldom/xmldom prettier@2.7.1 OK for: @xmldom/xmldom@0.8.13 want: 2.7.1
1768 silly placeDep ROOT xmltest@1.5.0 OK for: @xmldom/xmldom@0.8.13 want: 1.5.0
1769 silly placeDep ROOT yauzl@2.10.0 OK for: xmltest@1.5.0 want: ^2.10.0
1770 silly fetch manifest ajv@~8.8.2
1771 silly packumentCache full:https://registry.npmjs.org/ajv cache-miss
1772 http cache https://registry.npmjs.org/ajv 20ms (cache hit)
1773 silly packumentCache full:https://registry.npmjs.org/ajv set size:1142658 disposed:false
1774 silly fetch manifest glob@~7.2.0
1775 silly packumentCache full:https://registry.npmjs.org/glob cache-hit
1776 silly fetch manifest rxjs@~7.5.1
1777 silly packumentCache full:https://registry.npmjs.org/rxjs cache-miss
1778 http fetch GET 200 https://registry.npmjs.org/rxjs 2494ms (cache miss)
1779 silly packumentCache full:https://registry.npmjs.org/rxjs set size:undefined disposed:false
1780 silly fetch manifest chalk@~4.1.0
1781 silly packumentCache full:https://registry.npmjs.org/chalk cache-hit
1782 silly fetch manifest execa@~5.1.1
1783 silly packumentCache full:https://registry.npmjs.org/execa cache-miss
1784 http cache https://registry.npmjs.org/execa 42ms (cache hit)
1785 silly packumentCache full:https://registry.npmjs.org/execa set size:188760 disposed:false
1786 silly fetch manifest tslib@~2.3.0
1787 silly packumentCache full:https://registry.npmjs.org/tslib cache-miss
1788 http fetch GET 200 https://registry.npmjs.org/tslib 1904ms (cache revalidated)
1789 silly packumentCache full:https://registry.npmjs.org/tslib set size:108843 disposed:false
1790 silly fetch manifest log4js@~6.4.1
1791 silly packumentCache full:https://registry.npmjs.org/log4js cache-miss
1792 http fetch GET 200 https://registry.npmjs.org/log4js 2039ms (cache miss)
1793 silly packumentCache full:https://registry.npmjs.org/log4js set size:undefined disposed:false
1794 silly fetch manifest mkdirp@~1.0.3
1795 silly packumentCache full:https://registry.npmjs.org/mkdirp cache-miss
1796 http fetch GET 200 https://registry.npmjs.org/mkdirp 1020ms (cache miss)
1797 silly packumentCache full:https://registry.npmjs.org/mkdirp set size:undefined disposed:false
1798 silly fetch manifest rimraf@~3.0.0
1799 silly packumentCache full:https://registry.npmjs.org/rimraf cache-hit
1800 silly fetch manifest semver@^7.3.5
1801 silly packumentCache full:https://registry.npmjs.org/semver cache-hit
1802 silly fetch manifest file-url@~3.0.0
1803 silly packumentCache full:https://registry.npmjs.org/file-url cache-miss
1804 http fetch GET 200 https://registry.npmjs.org/file-url 1692ms (cache miss)
1805 silly packumentCache full:https://registry.npmjs.org/file-url set size:undefined disposed:false
1806 silly fetch manifest get-port@~5.1.1
1807 silly packumentCache full:https://registry.npmjs.org/get-port cache-miss
1808 http fetch GET 200 https://registry.npmjs.org/get-port 772ms (cache miss)
1809 silly packumentCache full:https://registry.npmjs.org/get-port set size:undefined disposed:false
1810 silly fetch manifest inquirer@~8.2.0
1811 silly packumentCache full:https://registry.npmjs.org/inquirer cache-miss
1812 http fetch GET 200 https://registry.npmjs.org/inquirer 1994ms (cache miss)
1813 silly packumentCache full:https://registry.npmjs.org/inquirer set size:undefined disposed:false
1814 silly fetch manifest progress@~2.0.0
1815 silly packumentCache full:https://registry.npmjs.org/progress cache-miss
1816 http fetch GET 200 https://registry.npmjs.org/progress 511ms (cache miss)
1817 silly packumentCache full:https://registry.npmjs.org/progress set size:undefined disposed:false
1818 silly fetch manifest commander@~8.3.0
1819 silly packumentCache full:https://registry.npmjs.org/commander cache-hit
1820 silly fetch manifest minimatch@~3.0.4
1821 silly packumentCache full:https://registry.npmjs.org/minimatch cache-hit
1822 silly fetch manifest tree-kill@~1.2.2
1823 silly packumentCache full:https://registry.npmjs.org/tree-kill cache-miss
1824 http fetch GET 200 https://registry.npmjs.org/tree-kill 651ms (cache miss)
1825 silly packumentCache full:https://registry.npmjs.org/tree-kill set size:undefined disposed:false
1826 silly fetch manifest source-map@~0.7.3
1827 silly packumentCache full:https://registry.npmjs.org/source-map cache-miss
1828 http fetch GET 200 https://registry.npmjs.org/source-map 1233ms (cache miss)
1829 silly packumentCache full:https://registry.npmjs.org/source-map set size:undefined disposed:false
1830 silly fetch manifest npm-run-path@~4.0.1
1831 silly packumentCache full:https://registry.npmjs.org/npm-run-path cache-miss
1832 http fetch GET 200 https://registry.npmjs.org/npm-run-path 384ms (cache miss)
1833 silly packumentCache full:https://registry.npmjs.org/npm-run-path set size:undefined disposed:false
1834 silly fetch manifest typed-inject@~3.0.0
1835 silly packumentCache full:https://registry.npmjs.org/typed-inject cache-miss
1836 http fetch GET 200 https://registry.npmjs.org/typed-inject 834ms (cache miss)
1837 silly packumentCache full:https://registry.npmjs.org/typed-inject set size:undefined disposed:false
1838 silly fetch manifest lodash.flatmap@~4.5.0
1839 silly packumentCache full:https://registry.npmjs.org/lodash.flatmap cache-miss
1840 http fetch GET 200 https://registry.npmjs.org/lodash.flatmap 432ms (cache miss)
1841 silly packumentCache full:https://registry.npmjs.org/lodash.flatmap set size:undefined disposed:false
1842 silly fetch manifest lodash.groupby@~4.6.0
1843 silly packumentCache full:https://registry.npmjs.org/lodash.groupby cache-miss
1844 http fetch GET 200 https://registry.npmjs.org/lodash.groupby 1142ms (cache miss)
1845 silly packumentCache full:https://registry.npmjs.org/lodash.groupby set size:undefined disposed:false
1846 silly fetch manifest typed-rest-client@~1.8.0
1847 silly packumentCache full:https://registry.npmjs.org/typed-rest-client cache-miss
1848 http fetch GET 200 https://registry.npmjs.org/typed-rest-client 1049ms (cache miss)
1849 silly packumentCache full:https://registry.npmjs.org/typed-rest-client set size:undefined disposed:false
1850 silly fetch manifest @stryker-mutator/api@5.6.1
1851 silly packumentCache full:https://registry.npmjs.org/@stryker-mutator%2fapi cache-miss
1852 http fetch GET 200 https://registry.npmjs.org/@stryker-mutator%2fapi 2646ms (cache miss)
1853 silly packumentCache full:https://registry.npmjs.org/@stryker-mutator%2fapi set size:undefined disposed:false
1854 silly fetch manifest @stryker-mutator/util@5.6.1
1855 silly packumentCache full:https://registry.npmjs.org/@stryker-mutator%2futil cache-miss
1856 http fetch GET 200 https://registry.npmjs.org/@stryker-mutator%2futil 2268ms (cache miss)
1857 silly packumentCache full:https://registry.npmjs.org/@stryker-mutator%2futil set size:undefined disposed:false
1858 silly fetch manifest mutation-testing-metrics@1.7.8
1859 silly packumentCache full:https://registry.npmjs.org/mutation-testing-metrics cache-miss
1860 http fetch GET 200 https://registry.npmjs.org/mutation-testing-metrics 815ms (cache miss)
1861 silly packumentCache full:https://registry.npmjs.org/mutation-testing-metrics set size:undefined disposed:false
1862 silly fetch manifest mutation-testing-elements@1.7.8
1863 silly packumentCache full:https://registry.npmjs.org/mutation-testing-elements cache-miss
1864 http fetch GET 200 https://registry.npmjs.org/mutation-testing-elements 1678ms (cache miss)
1865 silly packumentCache full:https://registry.npmjs.org/mutation-testing-elements set size:undefined disposed:false
1866 silly fetch manifest @stryker-mutator/instrumenter@5.6.1
1867 silly packumentCache full:https://registry.npmjs.org/@stryker-mutator%2finstrumenter cache-miss
1868 http fetch GET 200 https://registry.npmjs.org/@stryker-mutator%2finstrumenter 1855ms (cache miss)
1869 silly packumentCache full:https://registry.npmjs.org/@stryker-mutator%2finstrumenter set size:undefined disposed:false
1870 silly fetch manifest commander@^7.2.0
1871 silly packumentCache full:https://registry.npmjs.org/commander cache-hit
1872 silly fetch manifest handlebars@^4.7.7
1873 silly packumentCache full:https://registry.npmjs.org/handlebars cache-miss
1874 http fetch GET 200 https://registry.npmjs.org/handlebars 1628ms (cache miss)
1875 silly packumentCache full:https://registry.npmjs.org/handlebars set size:undefined disposed:false
1876 silly fetch manifest node-fetch@^2.6.1
1877 silly packumentCache full:https://registry.npmjs.org/node-fetch cache-miss
1878 http fetch GET 200 https://registry.npmjs.org/node-fetch 469ms (cache revalidated)
1879 silly packumentCache full:https://registry.npmjs.org/node-fetch set size:896010 disposed:false
1880 silly fetch manifest parse-github-url@^1.0.2
1881 silly packumentCache full:https://registry.npmjs.org/parse-github-url cache-miss
1882 http fetch GET 200 https://registry.npmjs.org/parse-github-url 1007ms (cache miss)
1883 silly packumentCache full:https://registry.npmjs.org/parse-github-url set size:undefined disposed:false
1884 silly fetch manifest espree@^9.4.0
1885 silly packumentCache full:https://registry.npmjs.org/espree cache-hit
1886 silly fetch manifest globby@^11.1.0
1887 silly packumentCache full:https://registry.npmjs.org/globby cache-miss
1888 http fetch GET 200 https://registry.npmjs.org/globby 1232ms (cache miss)
1889 silly packumentCache full:https://registry.npmjs.org/globby set size:undefined disposed:false
1890 silly fetch manifest globals@^13.15.0
1891 silly packumentCache full:https://registry.npmjs.org/globals cache-hit
1892 silly fetch manifest js-sdsl@^4.1.4
1893 silly packumentCache full:https://registry.npmjs.org/js-sdsl cache-miss
1894 http fetch GET 200 https://registry.npmjs.org/js-sdsl 1256ms (cache miss)
1895 silly packumentCache full:https://registry.npmjs.org/js-sdsl set size:undefined disposed:false
1896 silly fetch manifest eslint-scope@^7.1.1
1897 silly packumentCache full:https://registry.npmjs.org/eslint-scope cache-hit
1898 silly fetch manifest @eslint/eslintrc@^1.3.3
1899 silly packumentCache full:https://registry.npmjs.org/@eslint%2feslintrc cache-hit
1900 silly fetch manifest grapheme-splitter@^1.0.4
1901 silly packumentCache full:https://registry.npmjs.org/grapheme-splitter cache-miss
1902 http fetch GET 200 https://registry.npmjs.org/grapheme-splitter 265ms (cache miss)
1903 silly packumentCache full:https://registry.npmjs.org/grapheme-splitter set size:undefined disposed:false
1904 silly fetch manifest eslint-visitor-keys@^3.3.0
1905 silly packumentCache full:https://registry.npmjs.org/eslint-visitor-keys cache-hit
1906 silly fetch manifest @humanwhocodes/config-array@^0.10.5
1907 silly packumentCache full:https://registry.npmjs.org/@humanwhocodes%2fconfig-array cache-hit
1908 silly fetch manifest prettier-linter-helpers@^1.0.0
1909 silly packumentCache full:https://registry.npmjs.org/prettier-linter-helpers cache-miss
1910 http cache https://registry.npmjs.org/prettier-linter-helpers 29ms (cache hit)
1911 silly packumentCache full:https://registry.npmjs.org/prettier-linter-helpers set size:11087 disposed:false
1912 silly fetch manifest jest-cli@^27.5.1
1913 silly packumentCache full:https://registry.npmjs.org/jest-cli cache-miss
1914 http fetch GET 200 https://registry.npmjs.org/jest-cli 6143ms (cache miss)
1915 silly packumentCache full:https://registry.npmjs.org/jest-cli set size:undefined disposed:false
1916 silly fetch manifest @jest/core@^27.5.1
1917 silly packumentCache full:https://registry.npmjs.org/@jest%2fcore cache-miss
1918 http fetch GET 200 https://registry.npmjs.org/@jest%2fcore 2936ms (cache miss)
1919 silly packumentCache full:https://registry.npmjs.org/@jest%2fcore set size:undefined disposed:false
1920 silly fetch manifest import-local@^3.0.2
1921 silly packumentCache full:https://registry.npmjs.org/import-local cache-miss
1922 http fetch GET 200 https://registry.npmjs.org/import-local 500ms (cache miss)
1923 silly packumentCache full:https://registry.npmjs.org/import-local set size:undefined disposed:false
1924 silly fetch manifest debug@^3.2.7
1925 silly packumentCache full:https://registry.npmjs.org/debug cache-hit
1926 silly fetch manifest touch@^3.1.0
1927 silly packumentCache full:https://registry.npmjs.org/touch cache-miss
1928 http fetch GET 200 https://registry.npmjs.org/touch 393ms (cache miss)
1929 silly packumentCache full:https://registry.npmjs.org/touch set size:undefined disposed:false
1930 silly fetch manifest semver@^5.7.1
1931 silly packumentCache full:https://registry.npmjs.org/semver cache-hit
1932 silly fetch manifest chokidar@^3.5.2
1933 silly packumentCache full:https://registry.npmjs.org/chokidar cache-miss
1934 http fetch GET 200 https://registry.npmjs.org/chokidar 179ms (cache revalidated)
1935 silly packumentCache full:https://registry.npmjs.org/chokidar set size:255902 disposed:false
1936 silly fetch manifest undefsafe@^2.0.5
1937 silly packumentCache full:https://registry.npmjs.org/undefsafe cache-miss
1938 http fetch GET 200 https://registry.npmjs.org/undefsafe 418ms (cache miss)
1939 silly packumentCache full:https://registry.npmjs.org/undefsafe set size:undefined disposed:false
1940 silly fetch manifest pstree.remy@^1.1.8
1941 silly packumentCache full:https://registry.npmjs.org/pstree.remy cache-miss
1942 http fetch GET 200 https://registry.npmjs.org/pstree.remy 282ms (cache miss)
1943 silly packumentCache full:https://registry.npmjs.org/pstree.remy set size:undefined disposed:false
1944 silly fetch manifest supports-color@^5.5.0
1945 silly packumentCache full:https://registry.npmjs.org/supports-color cache-miss
1946 http fetch GET 200 https://registry.npmjs.org/supports-color 310ms (cache revalidated)
1947 silly packumentCache full:https://registry.npmjs.org/supports-color set size:124169 disposed:false
1948 silly fetch manifest ignore-by-default@^1.0.1
1949 silly packumentCache full:https://registry.npmjs.org/ignore-by-default cache-miss
1950 http fetch GET 200 https://registry.npmjs.org/ignore-by-default 242ms (cache miss)
1951 silly packumentCache full:https://registry.npmjs.org/ignore-by-default set size:undefined disposed:false
1952 silly fetch manifest simple-update-notifier@^1.0.7
1953 silly packumentCache full:https://registry.npmjs.org/simple-update-notifier cache-miss
1954 http fetch GET 200 https://registry.npmjs.org/simple-update-notifier 1118ms (cache miss)
1955 silly packumentCache full:https://registry.npmjs.org/simple-update-notifier set size:undefined disposed:false
1956 silly fetch manifest ow@^1.1.1
1957 silly packumentCache full:https://registry.npmjs.org/ow cache-miss
1958 http fetch GET 200 https://registry.npmjs.org/ow 2332ms (cache miss)
1959 silly packumentCache full:https://registry.npmjs.org/ow set size:undefined disposed:false
1960 silly fetch manifest del@^7.1.0
1961 silly packumentCache full:https://registry.npmjs.org/del cache-miss
1962 http fetch GET 200 https://registry.npmjs.org/del 1615ms (cache miss)
1963 silly packumentCache full:https://registry.npmjs.org/del set size:undefined disposed:false
1964 silly fetch manifest meow@^12.1.1
1965 silly packumentCache full:https://registry.npmjs.org/meow cache-miss
1966 http fetch GET 200 https://registry.npmjs.org/meow 1454ms (cache miss)
1967 silly packumentCache full:https://registry.npmjs.org/meow set size:undefined disposed:false
1968 silly fetch manifest open@^9.1.0
1969 silly packumentCache full:https://registry.npmjs.org/open cache-miss
1970 http fetch GET 200 https://registry.npmjs.org/open 1349ms (cache miss)
1971 silly packumentCache full:https://registry.npmjs.org/open set size:undefined disposed:false
1972 silly fetch manifest rxjs@^7.8.1
1973 silly packumentCache full:https://registry.npmjs.org/rxjs cache-miss
1974 http cache https://registry.npmjs.org/rxjs 21ms (cache hit)
1975 silly packumentCache full:https://registry.npmjs.org/rxjs set size:980097 disposed:false
1976 silly fetch manifest chalk@^5.3.0
1977 silly packumentCache full:https://registry.npmjs.org/chalk cache-hit
1978 silly fetch manifest listr@^0.14.3
1979 silly packumentCache full:https://registry.npmjs.org/listr cache-miss
1980 http fetch GET 200 https://registry.npmjs.org/listr 688ms (cache miss)
1981 silly packumentCache full:https://registry.npmjs.org/listr set size:undefined disposed:false
1982 silly fetch manifest onetime@^7.0.0
1983 silly packumentCache full:https://registry.npmjs.org/onetime cache-miss
1984 http fetch GET 200 https://registry.npmjs.org/onetime 1036ms (cache miss)
1985 silly packumentCache full:https://registry.npmjs.org/onetime set size:undefined disposed:false
1986 silly fetch manifest pkg-dir@^8.0.0
1987 silly packumentCache full:https://registry.npmjs.org/pkg-dir cache-miss
1988 http cache https://registry.npmjs.org/pkg-dir 181ms (cache hit)
1989 silly packumentCache full:https://registry.npmjs.org/pkg-dir set size:30166 disposed:false
1990 silly fetch manifest has-yarn@^3.0.0
1991 silly packumentCache full:https://registry.npmjs.org/has-yarn cache-miss
1992 http fetch GET 200 https://registry.npmjs.org/has-yarn 1434ms (cache miss)
1993 silly packumentCache full:https://registry.npmjs.org/has-yarn set size:undefined disposed:false
1994 silly fetch manifest inquirer@^9.2.12
1995 silly packumentCache full:https://registry.npmjs.org/inquirer cache-miss
1996 http cache https://registry.npmjs.org/inquirer 59ms (cache hit)
1997 silly packumentCache full:https://registry.npmjs.org/inquirer set size:624939 disposed:false
1998 silly fetch manifest npm-name@^7.1.1
1999 silly packumentCache full:https://registry.npmjs.org/npm-name cache-miss
2000 http fetch GET 200 https://registry.npmjs.org/npm-name 1039ms (cache miss)
2001 silly packumentCache full:https://registry.npmjs.org/npm-name set size:undefined disposed:false
2002 silly fetch manifest read-pkg@^9.0.1
2003 silly packumentCache full:https://registry.npmjs.org/read-pkg cache-miss
2004 http fetch GET 200 https://registry.npmjs.org/read-pkg 1214ms (cache revalidated)
2005 silly packumentCache full:https://registry.npmjs.org/read-pkg set size:43912 disposed:false
2006 silly fetch manifest exit-hook@^4.0.0
2007 silly packumentCache full:https://registry.npmjs.org/exit-hook cache-miss
2008 http fetch GET 200 https://registry.npmjs.org/exit-hook 1027ms (cache miss)
2009 silly packumentCache full:https://registry.npmjs.org/exit-hook set size:undefined disposed:false
2010 silly fetch manifest is-scoped@^3.0.0
2011 silly packumentCache full:https://registry.npmjs.org/is-scoped cache-miss
2012 http fetch GET 200 https://registry.npmjs.org/is-scoped 623ms (cache miss)
2013 silly packumentCache full:https://registry.npmjs.org/is-scoped set size:undefined disposed:false
2014 silly fetch manifest p-memoize@^7.1.1
2015 silly packumentCache full:https://registry.npmjs.org/p-memoize cache-miss
2016 http fetch GET 200 https://registry.npmjs.org/p-memoize 1637ms (cache miss)
2017 silly packumentCache full:https://registry.npmjs.org/p-memoize set size:undefined disposed:false
2018 silly fetch manifest p-timeout@^6.1.2
2019 silly packumentCache full:https://registry.npmjs.org/p-timeout cache-miss
2020 http fetch GET 200 https://registry.npmjs.org/p-timeout 1304ms (cache miss)
2021 silly packumentCache full:https://registry.npmjs.org/p-timeout set size:undefined disposed:false
2022 silly fetch manifest cosmiconfig@^8.3.6
2023 silly packumentCache full:https://registry.npmjs.org/cosmiconfig cache-miss
2024 http cache https://registry.npmjs.org/cosmiconfig 192ms (cache hit)
2025 silly packumentCache full:https://registry.npmjs.org/cosmiconfig set size:232521 disposed:false
2026 silly fetch manifest escape-goat@^4.0.0
2027 silly packumentCache full:https://registry.npmjs.org/escape-goat cache-miss
2028 http fetch GET 200 https://registry.npmjs.org/escape-goat 1418ms (cache miss)
2029 silly packumentCache full:https://registry.npmjs.org/escape-goat set size:undefined disposed:false
2030 silly fetch manifest ignore-walk@^6.0.3
2031 silly packumentCache full:https://registry.npmjs.org/ignore-walk cache-miss
2032 http fetch GET 200 https://registry.npmjs.org/ignore-walk 1945ms (cache miss)
2033 silly packumentCache full:https://registry.npmjs.org/ignore-walk set size:undefined disposed:false
2034 silly fetch manifest issue-regex@^4.1.0
2035 silly packumentCache full:https://registry.npmjs.org/issue-regex cache-miss
2036 http fetch GET 200 https://registry.npmjs.org/issue-regex 653ms (cache miss)
2037 silly packumentCache full:https://registry.npmjs.org/issue-regex set size:undefined disposed:false
2038 silly fetch manifest listr-input@^0.2.1
2039 silly packumentCache full:https://registry.npmjs.org/listr-input cache-miss
2040 http fetch GET 200 https://registry.npmjs.org/listr-input 1900ms (cache miss)
2041 silly packumentCache full:https://registry.npmjs.org/listr-input set size:undefined disposed:false
2042 silly fetch manifest log-symbols@^6.0.0
2043 silly packumentCache full:https://registry.npmjs.org/log-symbols cache-miss
2044 http fetch GET 200 https://registry.npmjs.org/log-symbols 2156ms (cache revalidated)
2045 silly packumentCache full:https://registry.npmjs.org/log-symbols set size:31977 disposed:false
2046 silly fetch manifest path-exists@^5.0.0
2047 silly packumentCache full:https://registry.npmjs.org/path-exists cache-miss
2048 http fetch GET 200 https://registry.npmjs.org/path-exists 2359ms (cache miss)
2049 silly packumentCache full:https://registry.npmjs.org/path-exists set size:undefined disposed:false
2050 silly fetch manifest import-local@^3.1.0
2051 silly packumentCache full:https://registry.npmjs.org/import-local cache-miss
2052 http cache https://registry.npmjs.org/import-local 63ms (cache hit)
2053 silly packumentCache full:https://registry.npmjs.org/import-local set size:24258 disposed:false
2054 silly fetch manifest terminal-link@^3.0.0
2055 silly packumentCache full:https://registry.npmjs.org/terminal-link cache-miss
2056 http fetch GET 200 https://registry.npmjs.org/terminal-link 1380ms (cache miss)
2057 silly packumentCache full:https://registry.npmjs.org/terminal-link set size:undefined disposed:false
2058 silly fetch manifest chalk-template@^1.1.0
2059 silly packumentCache full:https://registry.npmjs.org/chalk-template cache-miss
2060 http fetch GET 200 https://registry.npmjs.org/chalk-template 1000ms (cache miss)
2061 silly packumentCache full:https://registry.npmjs.org/chalk-template set size:undefined disposed:false
2062 silly fetch manifest is-interactive@^2.0.0
2063 silly packumentCache full:https://registry.npmjs.org/is-interactive cache-miss
2064 http fetch GET 200 https://registry.npmjs.org/is-interactive 1108ms (cache miss)
2065 silly packumentCache full:https://registry.npmjs.org/is-interactive set size:undefined disposed:false
2066 silly fetch manifest hosted-git-info@^7.0.1
2067 silly packumentCache full:https://registry.npmjs.org/hosted-git-info cache-miss
2068 http fetch GET 200 https://registry.npmjs.org/hosted-git-info 4623ms (cache miss)
2069 silly packumentCache full:https://registry.npmjs.org/hosted-git-info set size:undefined disposed:false
2070 silly fetch manifest read-package-up@^11.0.0
2071 silly packumentCache full:https://registry.npmjs.org/read-package-up cache-miss
2072 http fetch GET 200 https://registry.npmjs.org/read-package-up 4618ms (cache miss)
2073 silly packumentCache full:https://registry.npmjs.org/read-package-up set size:undefined disposed:false
2074 silly fetch manifest update-notifier@^7.0.0
2075 silly packumentCache full:https://registry.npmjs.org/update-notifier cache-miss
2076 http fetch GET 200 https://registry.npmjs.org/update-notifier 4753ms (cache miss)
2077 silly packumentCache full:https://registry.npmjs.org/update-notifier set size:undefined disposed:false
2078 silly fetch manifest symbol-observable@^4.0.0
2079 silly packumentCache full:https://registry.npmjs.org/symbol-observable cache-miss
2080 http fetch GET 200 https://registry.npmjs.org/symbol-observable 1253ms (cache miss)
2081 silly packumentCache full:https://registry.npmjs.org/symbol-observable set size:undefined disposed:false
2082 silly fetch manifest github-url-from-git@^1.5.0
2083 silly packumentCache full:https://registry.npmjs.org/github-url-from-git cache-miss
2084 http fetch GET 200 https://registry.npmjs.org/github-url-from-git 1645ms (cache miss)
2085 silly packumentCache full:https://registry.npmjs.org/github-url-from-git set size:undefined disposed:false
2086 silly fetch manifest escape-string-regexp@^5.0.0
2087 silly packumentCache full:https://registry.npmjs.org/escape-string-regexp cache-hit
2088 silly fetch manifest is-installed-globally@^1.0.0
2089 silly packumentCache full:https://registry.npmjs.org/is-installed-globally cache-miss
2090 http fetch GET 200 https://registry.npmjs.org/is-installed-globally 1848ms (cache miss)
2091 silly packumentCache full:https://registry.npmjs.org/is-installed-globally set size:undefined disposed:false
2092 silly fetch manifest new-github-release-url@^2.0.0
2093 silly packumentCache full:https://registry.npmjs.org/new-github-release-url cache-miss
2094 http fetch GET 200 https://registry.npmjs.org/new-github-release-url 3873ms (cache miss)
2095 silly packumentCache full:https://registry.npmjs.org/new-github-release-url set size:undefined disposed:false
2096 silly fetch manifest fd-slicer@~1.1.0
2097 silly packumentCache full:https://registry.npmjs.org/fd-slicer cache-miss
2098 http fetch GET 200 https://registry.npmjs.org/fd-slicer 909ms (cache miss)
2099 silly packumentCache full:https://registry.npmjs.org/fd-slicer set size:undefined disposed:false
2100 silly fetch manifest buffer-crc32@~0.2.3
2101 silly packumentCache full:https://registry.npmjs.org/buffer-crc32 cache-miss
2102 http fetch GET 200 https://registry.npmjs.org/buffer-crc32 814ms (cache miss)
2103 silly packumentCache full:https://registry.npmjs.org/buffer-crc32 set size:undefined disposed:false
2104 silly fetch manifest @types/jest@^26.0.22
2105 silly packumentCache full:https://registry.npmjs.org/@types%2fjest cache-miss
2106 http fetch GET 200 https://registry.npmjs.org/@types%2fjest 328ms (cache revalidated)
2107 silly packumentCache full:https://registry.npmjs.org/@types%2fjest set size:712683 disposed:false
2108 silly fetch manifest jest@^26.6.3
2109 silly packumentCache full:https://registry.npmjs.org/jest cache-miss
2110 http cache https://registry.npmjs.org/jest 219ms (cache hit)
2111 silly packumentCache full:https://registry.npmjs.org/jest set size:862623 disposed:false
2112 silly fetch manifest prettier@^2.2.1
2113 silly packumentCache full:https://registry.npmjs.org/prettier cache-hit
2114 silly fetch manifest ts-jest@^26.4.4
2115 silly packumentCache full:https://registry.npmjs.org/ts-jest cache-miss
2116 http fetch GET 200 https://registry.npmjs.org/ts-jest 256ms (cache revalidated)
2117 silly packumentCache full:https://registry.npmjs.org/ts-jest set size:1074155 disposed:false
2118 silly fetch manifest typescript@^4.2.3
2119 silly packumentCache full:https://registry.npmjs.org/typescript cache-miss
2120 http cache https://registry.npmjs.org/typescript 191ms (cache hit)
2121 silly packumentCache full:https://registry.npmjs.org/typescript set size:15513951 disposed:false
2122 silly placeDep ROOT @types/jest@26.0.24 OK for: @expo/sdk-runtime-versions@1.0.0 want: ^26.0.22
2123 silly placeDep node_modules/.pnpm/@expo+sdk-runtime-versions@1.0.0/node_modules/@expo/sdk-runtime-versions jest@26.6.3 OK for: @expo/sdk-runtime-versions@1.0.0 want: ^26.6.3
2124 silly placeDep node_modules/.pnpm/@expo+sdk-runtime-versions@1.0.0/node_modules/@expo/sdk-runtime-versions prettier@2.8.8 OK for: @expo/sdk-runtime-versions@1.0.0 want: ^2.2.1
2125 silly placeDep node_modules/.pnpm/@expo+sdk-runtime-versions@1.0.0/node_modules/@expo/sdk-runtime-versions ts-jest@26.5.6 OK for: @expo/sdk-runtime-versions@1.0.0 want: ^26.4.4
2126 silly placeDep node_modules/.pnpm/@expo+sdk-runtime-versions@1.0.0/node_modules/@expo/sdk-runtime-versions typescript@4.9.5 OK for: ts-jest@26.5.6 want: >=3.8 <5.0
2127 silly fetch manifest jest-diff@^26.0.0
2128 silly packumentCache full:https://registry.npmjs.org/jest-diff cache-miss
2129 http fetch GET 200 https://registry.npmjs.org/jest-diff 12763ms (cache miss)
2130 silly packumentCache full:https://registry.npmjs.org/jest-diff set size:undefined disposed:false
2131 silly fetch manifest pretty-format@^26.0.0
2132 silly packumentCache full:https://registry.npmjs.org/pretty-format cache-miss
2133 http fetch GET 200 https://registry.npmjs.org/pretty-format 14000ms (cache miss)
2134 silly packumentCache full:https://registry.npmjs.org/pretty-format set size:undefined disposed:false
2135 silly fetch manifest jest-cli@^26.6.3
2136 silly packumentCache full:https://registry.npmjs.org/jest-cli cache-miss
2137 http cache https://registry.npmjs.org/jest-cli 36ms (cache hit)
2138 silly packumentCache full:https://registry.npmjs.org/jest-cli set size:1179782 disposed:false
2139 silly fetch manifest @jest/core@^26.6.3
2140 silly packumentCache full:https://registry.npmjs.org/@jest%2fcore cache-miss
2141 http cache https://registry.npmjs.org/@jest%2fcore 26ms (cache hit)
2142 silly packumentCache full:https://registry.npmjs.org/@jest%2fcore set size:632975 disposed:false
2143 silly fetch manifest lodash@4.x
2144 silly packumentCache full:https://registry.npmjs.org/lodash cache-miss
2145 http fetch GET 200 https://registry.npmjs.org/lodash 2622ms (cache revalidated)
2146 silly packumentCache full:https://registry.npmjs.org/lodash set size:247652 disposed:false
2147 silly fetch manifest bs-logger@0.x
2148 silly packumentCache full:https://registry.npmjs.org/bs-logger cache-miss
2149 http fetch GET 200 https://registry.npmjs.org/bs-logger 1541ms (cache miss)
2150 silly packumentCache full:https://registry.npmjs.org/bs-logger set size:undefined disposed:false
2151 silly fetch manifest jest-util@^26.1.0
2152 silly packumentCache full:https://registry.npmjs.org/jest-util cache-miss
